申請者－名称,事業所名称,事業所郵便番号,事業所所在地,区名,事業所－電話番号,事業所－FAX番号,サービス種類,事業所番号,指定年月日,対象-身体障害者,対象-知的障害者,対象-障害児,対象-精神障害者
ＮＰＯ法人ｋｏｋｏｉｍａ,おめでたい,590-0011,大阪府堺市堺区香ケ丘町一丁9番1号,堺区,072-220-5458,072-220-5458,生活介護,2716002155,平成29年8月1日,あり,あり,なし,あり
株式会社 はるかぜコミュニケーション,はるかぜ作業所,590-0011,大阪府堺市堺区香ヶ丘町一丁4番9号,堺区,072-269-4429,072-269-4429,生活介護,2716002585,令和元年6月1日,あり,あり,なし,あり
株式会社はるかぜコミュニケーション,ケアセンターはるかぜ,590-0011,大阪府堺市堺区香ヶ丘町一丁5番32号 Ａ棟,堺区,072-269-4429,072-269-4430,生活介護,2716001207,平成24年4月1日,あり,あり,なし,あり
株式会社はるかぜコミュニケーション,第３ケアセンターはるかぜ,590-0011,大阪府堺市堺区香ヶ丘町一丁5番32号 B棟,堺区,072-238-2335,072-238-2339,生活介護,2716003328,令和6年3月1日,あり,あり,なし,あり
有限会社 アムジー,ハッピーポケット,590-0011,大阪府堺市堺区香ケ丘町四丁2番38号,堺区,072-232-5717,072-202-0696,生活介護,2716001538,平成25年11月1日,あり,あり,なし,あり
社会福祉法人 朋志美会,しののめハウス,590-0013,大阪府堺市堺区東雲西町四丁6番20号,堺区,072-222-5131,072-222-5202,生活介護,2716500323,令和3年5月1日,なし,なし,なし,あり
株式会社 ニチイ学館,ニチイケアセンターベルマージュ堺,590-0014,大阪府堺市堺区田出井町1番2-100号 ベルマージュ堺弐番館,堺区,072-282-8031,072-282-8032,生活介護,2716002551,平成31年4月1日,あり,あり,なし,あり
ＭＭＲ泉株式会社,小規模多機能型居宅介護 恵乃郷,590-0018,大阪府堺市堺区今池町六丁4番7号,堺区,072-226-5151,072-226-5152,生活介護,2716002437,平成30年12月1日,あり,あり,なし,あり
社会福祉法人 自立支援協会,南部交流センター,590-0018,大阪府堺市堺区今池町四丁7番33号,堺区,072-238-6541,072-229-8159,生活介護,2716000894,平成22年5月1日,あり,あり,なし,あり
シャローム 株式会社,やすらぎサロン,590-0801,大阪府堺市堺区大仙中町7番12号,堺区,072-245-1707,072-245-1708,生活介護,2716003096,令和4年9月1日,あり,なし,なし,なし
社会福祉法人 サライ福祉会,サライ,590-0802,大阪府堺市堺区百舌鳥夕雲町二丁237番地1,堺区,072-247-3373,072-247-3372,生活介護,2716000779,平成21年7月1日,あり,あり,なし,なし
社会福祉法人 大阪府障害者福祉事業団,じょぶライフだいせん,590-0808,大阪府堺市堺区旭ケ丘中町四丁2番1号,堺区,072-245-7485,072-245-7486,生活介護,2716000555,平成19年6月1日,あり,あり,なし,あり
社会福祉法人三篠会,堺市立重症心身障害者（児）支援センター ベルデさかい,590-0808,大阪府堺市堺区旭ケ丘中町四丁3番1号,堺区,072-275-8510,072-243-5900,生活介護,2716001256,平成24年5月1日,あり,あり,なし,なし
社会福祉法人サワリ,共生型生活介護 ピパ,590-0811,大阪府堺市堺区南陵町一丁2-6,堺区,072-280-0830,072-241-7772,生活介護,2716003203,令和5年6月1日,あり,あり,なし,あり
社会福祉法人 コスモス,おおはま障害者作業所,590-0829,大阪府堺市堺区東湊町五丁276番,堺区,072-241-1900,072-241-1901,生活介護,2716000498,平成19年3月1日,なし,あり,なし,なし
社会福祉法人 コスモス,第２おおはま障害者作業所,590-0829,大阪府堺市堺区東湊町四丁237番1,堺区,072-243-0750,072-243-0751,生活介護,2716002510,平成31年4月1日,なし,あり,なし,なし
特定非営利活動法人 きずなの会,デイサービスステーションきずなの会,590-0835,大阪府堺市堺区西湊町六丁4番3号,堺区,072-243-7600,072-243-7608,生活介護,2716003070,令和4年9月1日,あり,あり,なし,あり
株式会社 アイスマイル,生活介護・ニコライズ,590-0938,大阪府堺市堺区神明町西一丁1番1号,堺区,072-225-0371,072-225-0372,生活介護,2716002734,令和2年9月1日,なし,あり,なし,あり
株式会社 ＣＬＡＮ,ＣＬＡＮ堺,590-0964,大阪府堺市堺区新在家町東4丁1番3号,堺区,072-225-5850,072-225-5852,生活介護,2716002643,令和2年1月1日,あり,あり,なし,あり
社会福祉法人堺市社会福祉事業団,堺市立健康福祉プラザ 生活リハビリテーションセンター,590-0808,大阪府堺市堺区旭ケ丘中町四丁3番1号 堺市立健康福祉プラザ4階,堺区,072-275-5019,072-243-0202,自立訓練（機能訓練）,2716001231,平成24年5月1日,あり,なし,なし,なし
公益財団法人浅香山病院,アンダンテ就労ステーション,590-0018,大阪府堺市堺区今池町三丁3番16号,堺区,072-229-9192,072-223-5119,自立訓練（生活訓練）,2716000670,令和6年4月1日,なし,なし,なし,あり
特定非営利活動法人み・らいず２,み・らいずワークス 三国ヶ丘,590-0024,大阪府堺市堺区向陵中町四丁5-27 中谷ビル2階 201号室,堺区,050-5444-5493,,自立訓練（生活訓練）,2716003344,令和6年4月1日,なし,あり,なし,あり
株式会社Ｒｏｄｉｎａ,リワークセンター堺,590-0075,大阪府堺市堺区南花田口町二丁3番20号 三共堺東ビル6階,堺区,072-221-8900,072-221-8901,自立訓練（生活訓練）,2716003393,令和6年6月1日,あり,あり,なし,あり
社会福祉法人堺市社会福祉事業団,堺市立健康福祉プラザ 生活リハビリテーションセンター,590-0808,大阪府堺市堺区旭ケ丘中町四丁3番1号 堺市立健康福祉プラザ4階,堺区,072-275-5019,072-243-0202,自立訓練（生活訓練）,2716001231,平成24年5月1日,なし,なし,なし,あり
株式会社ワークプラス,ワークプラスはるかぜ,590-0006,大阪府堺市堺区錦綾町三丁7番5号,堺区,072-222-2733,072-222-2744,就労移行支援（一般型）,2716002098,平成29年4月1日,あり,あり,なし,あり
公益財団法人浅香山病院,アンダンテ就労ステーション,590-0018,大阪府堺市堺区今池町三丁3番16号,堺区,072-229-9192,072-223-5119,就労移行支援（一般型）,2716000670,平成20年4月1日,なし,なし,なし,あり
一般社団法人 ソース,ソース三国ヶ丘,590-0024,大阪府堺市堺区向陵中町四丁5-27 中谷ビル202号,堺区,072-242-8083,072-242-8591,就労移行支援（一般型）,2716002445,平成31年1月1日,あり,あり,なし,あり
ハート株式会社,ＨＯＰＥオフィス堺,590-0076,大阪府堺市堺区北瓦町二丁4番18号 現代堺東駅前ビル5F,堺区,072-275-6767,072-275-6765,就労移行支援（一般型）,2716003351,令和6年4月1日,なし,あり,なし,あり
株式会社 ＬＩＴＡＬＩＣＯパートナーズ,ＬＩＴＡＬＩＣＯワークス堺東,590-0077,大阪府堺市堺区中瓦町一丁4-24 堺東EH第三ビル8F,堺区,072-225-5615,072-225-5616,就労移行支援（一般型）,2716002759,令和2年9月1日,あり,あり,なし,あり
一般社団法人ソース,ソース堺東,590-0079,大阪府堺市堺区新町3番7号 ＳＴＣビル6階,堺区,072-225-1010,072-225-0035,就労移行支援（一般型）,2716002239,平成29年12月1日,あり,あり,なし,あり
株式会社ｍｏｏｂｌｅ,ＣＯＮＮＥＣＴ堺東,590-0079,大阪府堺市堺区新町四丁7 材庄ビル3階AB号室,堺区,072-242-3377,072-242-3378,就労移行支援（一般型）,2716003419,令和6年7月1日,あり,あり,なし,あり
プロスパー 株式会社,ドルフィンラブ,590-0952,大阪府堺市堺区市之町東五丁2番11号-201号,堺区,072-225-5173,072-225-5174,就労移行支援（一般型）,2716002015,平成28年9月1日,あり,あり,なし,あり
特定非営利活動法人 クロスジョブ,クロスジョブ堺,590-0952,大阪府堺市堺区市之町東六丁2番16号 堺東ＥＨ第二ビル2階,堺区,072-225-1540,072-225-1541,就労移行支援（一般型）,2716000878,平成22年4月1日,あり,あり,なし,あり
株式会社ＬＩＴＡＬＩＣＯパートナーズ,ＬＩＴＡＬＩＣＯワークス南海堺,590-0985,大阪府堺市堺区戎島町四丁45-1 ポルタスセンタービル2階,堺区,072-225-5527,072-225-5528,就労移行支援（一般型）,2716003195,令和5年6月1日,あり,あり,なし,あり
株式会社はるかぜコミュニケーション,アン・デ・プルミエ,590-0011,大阪府堺市堺区香ヶ丘町一丁5番32号 B棟,堺区,072-238-2335,072-238-2339,就労継続支援（Ａ型）,2716003328,令和6年3月1日,あり,あり,なし,あり
公益財団法人浅香山病院,アンダンテ就労ステーション,590-0018,大阪府堺市堺区今池町三丁3番16号,堺区,072-229-9192,072-223-5119,就労継続支援（Ａ型）,2716000670,平成24年11月1日,なし,なし,なし,あり
株式会社 エル,ステップ,590-0024,大阪府堺市堺区向陵中町二丁4番13号 エイコープラザビル305号,堺区,072-240-2347,072-240-2348,就労継続支援（Ａ型）,2716001876,平成28年2月1日,あり,あり,なし,あり
株式会社Ｂ．Ｉ．Ｙ,リアンス,590-0024,大阪府堺市堺区向陵中町二丁6番10号 三国ロイヤルビル2階,堺区,072-269-4802,072-269-4803,就労継続支援（Ａ型）,2716003336,令和6年4月1日,あり,あり,なし,あり
株式会社ＳＵＮＲＩＳＥ,ライズ堺,590-0063,大阪府堺市堺区中安井町三丁4-11-4F,堺区,072-275-5835,072-275-6128,就労継続支援（Ａ型）,2716003450,令和6年11月1日,あり,あり,なし,あり
社会福祉法人 三篠会,就労継続支援事業所 松屋茶論,590-0902,大阪府堺市堺区松屋大和川通一丁13番1,堺区,072-227-8220,072-227-8240,就労継続支援（Ａ型）,2716003112,令和4年11月1日,あり,あり,なし,あり
特定非営利活動法人みらい,就労支援センターみらい,590-0906,大阪府堺市堺区三宝町六丁309番地1,堺区,072-229-4400,072-229-8500,就労継続支援（Ａ型）,2716002163,平成29年8月1日,あり,あり,なし,あり
株式会社 ウエストサービス,ライズ堺東,590-0946,大阪府堺市堺区熊野町東四丁2番9号 はるか三恵1階,堺区,072-222-9877,072-222-9877,就労継続支援（Ａ型）,2716001843,平成27年12月1日,あり,あり,なし,あり
プロスパー 株式会社,ドルフィンアイ,590-0950,大阪府堺市堺区甲斐町西二丁2番27号,堺区,072-282-7871,072-282-7872,就労継続支援（Ａ型）,2716001967,平成28年6月1日,あり,あり,なし,あり
プロスパー 株式会社,ドルフィンハート,590-0952,大阪府堺市堺区市之町東一丁2-14 5F,堺区,072-247-9671,072-247-9196,就労継続支援（Ａ型）,2716001728,平成27年3月1日,あり,あり,なし,あり
社会福祉法人 天照会,みらいじゅ堺,590-0954,大阪府堺市堺区大町東一丁2番21号,堺区,072-247-9893,072-247-9894,就労継続支援（Ａ型）,2716003013,令和4年4月1日,あり,あり,なし,あり
特定非営利活動法人フェニックス会,リング,590-0001,大阪府堺市堺区遠里小野町二丁1番3号,堺区,072-238-6722,072-238-6722,就労継続支援（Ｂ型）,2716002296,平成30年7月1日,なし,なし,なし,あり
特定非営利活動法人 アース,しあわせ作業所,590-0003,大阪府堺市堺区高須町三丁1番19号,堺区,072-255-7000,072-283-9188,就労継続支援（Ｂ型）,2716002460,平成31年2月1日,あり,あり,なし,あり
株式会社 アイスマイル,ワークスペース・ニコライズ,590-0005,大阪府堺市堺区南清水町一丁1番28号,堺区,072-246-9944,072-246-9984,就労継続支援（Ｂ型）,2716001991,令和3年1月1日,あり,あり,なし,あり
株式会社ワークプラス,ワークプラスはるかぜ,590-0006,大阪府堺市堺区錦綾町三丁7番5号,堺区,072-222-2733,072-222-2744,就労継続支援（Ｂ型）,2716002098,平成29年4月1日,あり,あり,なし,あり
社会福祉法人 たんぽぽひろば,おべんとうハウス愛,590-0006,大阪府堺市堺区錦綾町3-5-17,堺区,072-221-8885,072-221-8883,就労継続支援（Ｂ型）,2716001579,平成26年4月1日,なし,なし,なし,あり
特定非営利活動法人 あいらぶ,自遊工房,590-0007,大阪府堺市堺区北庄町一丁6番24号,堺区,072-227-8950,072-227-8950,就労継続支援（Ｂ型）,2716000944,平成22年12月1日,あり,あり,なし,あり
ＭＭＲ泉 株式会社,めぐみの作業所,590-0011,大阪府堺市堺区香ヶ丘町二丁7番1号,堺区,072-232-7887,072-232-7888,就労継続支援（Ｂ型）,2716003039,令和4年5月1日,あり,あり,なし,あり
ＮＰＯ法人ｋｏｋｏｉｍａ,おめでたい,590-0011,大阪府堺市堺区香ケ丘町一丁9番1号,堺区,072-220-5458,072-220-5458,就労継続支援（Ｂ型）,2716002155,平成29年8月1日,あり,あり,なし,あり
株式会社 はるかぜコミュニケーション,はるかぜ作業所,590-0011,大阪府堺市堺区香ヶ丘町一丁4番9号,堺区,072-225-2311,072-225-2312,就労継続支援（Ｂ型）,2716002585,令和元年6月1日,あり,あり,なし,あり
合資会社 パラメディカル,かんぎ作業所,590-0011,大阪府堺市堺区香ケ丘町四丁7番7号,堺区,072-275-7771,072-275-6150,就労継続支援（Ｂ型）,2716001504,平成25年9月1日,あり,あり,なし,あり
有限会社 アムジー,ハッピーポケット,590-0011,大阪府堺市堺区香ケ丘町四丁2番38号,堺区,072-232-5717,072-202-0696,就労継続支援（Ｂ型）,2716001538,平成25年11月1日,なし,あり,なし,あり
一般社団法人 じん,ルーチェ,590-0013,大阪府堺市堺区東雲西町四丁2番2号,堺区,072-247-7888,072-247-7999,就労継続支援（Ｂ型）,2716001926,平成28年3月1日,あり,あり,なし,あり
社会福祉法人 あいわ福祉会,愛和・生活の家,590-0013,大阪府堺市堺区東雲西町四丁7番18号,堺区,072-221-1751,072-221-1759,就労継続支援（Ｂ型）,2716000738,平成21年1月1日,なし,あり,なし,なし
社会福祉法人 朋志美会,しののめハウス,590-0013,大阪府堺市堺区東雲西町四丁7番2号,堺区,072-222-5131,072-222-5202,就労継続支援（Ｂ型）,2716500323,平成19年4月1日,なし,なし,なし,あり
株式会社 Ａｖｅｉｒｅ,Ｓｕｎｎｙ,590-0014,大阪府堺市堺区田出井町1番2-508号,堺区,072-232-7767,072-232-7768,就労継続支援（Ｂ型）,2716002692,令和2年3月1日,なし,あり,なし,あり
公益財団法人浅香山病院,アンダンテ就労ステーション,590-0018,大阪府堺市堺区今池町三丁3番16号,堺区,072-229-9192,072-223-5119,就労継続支援（Ｂ型）,2716000670,平成20年4月1日,なし,なし,なし,あり
株式会社 祐志,アシスト,590-0025,大阪府堺市堺区向陵東町三丁8-46,堺区,072-247-8638,072-275-4516,就労継続支援（Ｂ型）,2716002965,令和3年12月1日,あり,あり,なし,あり
特定非営利活動法人 フェニックス会,むげん,590-0027,大阪府堺市堺区榎元町四丁1番11号,堺区,072-220-7512,072-220-7512,就労継続支援（Ｂ型）,2716000852,平成22年3月1日,なし,なし,なし,あり
一般社団法人 フューチャー,あお空事業所,590-0048,大阪府堺市堺区一条通11番25号 ライズO.T.MBld.202号室,堺区,072-221-0567,072-221-0568,就労継続支援（Ｂ型）,2716002718,令和2年5月1日,あり,あり,なし,あり
合同会社スタート,りあんわーくす,590-0048,大阪府堺市堺区一条通19番6号,堺区,072-370-2357,072-370-2357,就労継続支援（Ｂ型）,2716003294,令和5年11月1日,なし,あり,なし,あり
特定非営利活動法人 きらっと,きらっと,590-0052,大阪府堺市堺区八千代通3番26号,堺区,072-230-4198,072-256-4021,就労継続支援（Ｂ型）,2716001413,平成25年4月1日,なし,あり,なし,あり
社会福祉法人 ユウの家,ワークスユウの家,590-0055,大阪府堺市堺区旭通3番21号,堺区,072-229-2886,072-350-3859,就労継続支援（Ｂ型）,2716001447,平成25年4月1日,あり,あり,なし,あり
社会福祉法人 ユウの家,アトリエユウの家,590-0056,大阪府堺市堺区神保通3番7号,堺区,072-238-2700,072-238-2778,就労継続支援（Ｂ型）,2716001439,平成25年4月1日,あり,あり,なし,あり
株式会社五大,アトラス,590-0061,大阪府堺市堺区翁橋町一丁1番1号 ミナルコビル3階,堺区,072-275-5908,072-275-5909,就労継続支援（Ｂ型）,2716002197,平成29年11月1日,あり,あり,なし,あり
合同会社アルファプラス,アルファプラス,590-0061,大阪府堺市堺区翁橋町一丁1-1 ミナルコビル201号,堺区,072-225-1701,072-225-1702,就労継続支援（Ｂ型）,2716003377,令和6年5月1日,あり,あり,なし,あり
株式会社ａｄｖａｎｃｅ,すずらんアニメーションスタジオｗｉｔｈ ｅスポーツ堺東,590-0063,大阪府堺市堺区中安井町三丁2-13 グラン堺東6階,堺区,072-242-3725,072-242-3726,就労継続支援（Ｂ型）,2716003484,令和6年12月1日,あり,あり,なし,あり
一般社団法人共遊会,ばんぶぅ～作業所,590-0074,大阪府堺市堺区北花田口町三丁1-27白山ビル2Ｆ,堺区,072-201-2351,072-202-2351,就労継続支援（Ｂ型）,2716000969,平成23年5月1日,あり,あり,なし,あり
ハート株式会社,ＨＯＰＥオフィス堺,590-0076,大阪府堺市堺区北瓦町二丁4番18号 現代堺東駅前ビル5F,堺区,072-275-6767,072-275-6765,就労継続支援（Ｂ型）,2716003351,令和6年4月1日,なし,あり,なし,あり
株式会社ＹＫ,ラシクラボ大阪堺,590-0076,大阪府堺市堺区北瓦町二丁3番8号堺東北條第二ビル7階A号室,堺区,072-275-6198,072-275-6198,就労継続支援（Ｂ型）,2716003260,令和5年8月1日,あり,あり,なし,あり
社会福祉法人コスモス,ジョブサポート風の彩（森のキッチン）,590-0078,大阪府堺市堺区南瓦町3番1号 堺市役所本館地下１階,堺区,072-228-3939,072-228-3938,就労継続支援（Ｂ型）,2716500752,平成24年4月1日,あり,あり,なし,あり
株式会社ＨＩＴ’Ｓ－Ｖ,にじげん堺東駅前,590-0079,大阪府堺市堺区新町三丁7 ＳＴＣビル2階 中南,堺区,072-242-8811,072-242-8845,就労継続支援（Ｂ型）,2716003302,令和6年3月1日,なし,なし,なし,あり
株式会社縁,就労継続支援Ｂ型事業所 くくる,590-0807,大阪府堺市堺区旭ヶ丘南町三丁2-31,堺区,072-245-9838,072-245-9839,就労継続支援（Ｂ型）,2716003443,令和6年10月1日,あり,あり,なし,あり
一般社団法人 ＣｒｏｓｓＬｉｎｋ,作業所和っ哈,590-0809,大阪府堺市堺区旭ヶ丘北町一丁2番11号 第三和伸ビル1階,堺区,072-245-6023,072-245-6023,就労継続支援（Ｂ型）,2716002924,令和3年7月1日,あり,あり,なし,あり
社会福祉法人 サワリ,グレースハウス,590-0811,大阪府堺市堺区南陵町一丁2番6号,堺区,072-280-0830,072-241-7772,就労継続支援（Ｂ型）,2716001587,平成26年4月1日,あり,あり,なし,あり
社会福祉法人麦の会,麦の会共同作業所,590-0813,大阪府堺市堺区神石市之町16番52号,堺区,072-264-6407,072-201-1164,就労継続支援（Ｂ型）,2716001041,平成23年8月1日,あり,あり,なし,あり
株式会社シックスボックス,くまのこ（くまふぁく）,590-0821,大阪府堺市堺区大仙西町五丁131-3 ベルメゾン御陵101,堺区,072-244-5336,072-277-4288,就労継続支援（Ｂ型）,2716501552,平成30年10月1日,あり,あり,なし,あり
株式会社 ブレイブ,ライズ石津,590-0823,大阪府堺市堺区石津北町112番,堺区,072-247-2012,072-247-1801,就労継続支援（Ｂ型）,2716001918,平成28年3月1日,あり,あり,なし,あり
社会福祉法人 コスモス,おおはま障害者作業所,590-0829,大阪府堺市堺区東湊町五丁276番,堺区,072-241-1900,072-241-1901,就労継続支援（Ｂ型）,2716000498,平成21年4月1日,なし,あり,なし,なし
特定非営利活動法人 Ｂａｎｄｅ,リリー,590-0833,大阪府堺市堺区出島海岸通二丁9-13 1F,堺区,072-245-9623,072-245-9623,就労継続支援（Ｂ型）,2716003047,令和4年5月1日,あり,あり,なし,あり
社会福祉法人風の馬,ＧＡＲＯ＜作業所雅老＞,590-0836,大阪府堺市堺区楠町二丁1番20号,堺区,072-245-8807,072-245-8802,就労継続支援（Ｂ型）,2716002213,平成29年11月1日,あり,なし,なし,あり
特定非営利活動法人 堺エコネットワーク協議会,しゅくやジョブ,590-0937,大阪府堺市堺区宿屋町西一丁1番6号,堺区,072-247-8338,072-247-8338,就労継続支援（Ｂ型）,2716002700,令和2年4月1日,あり,あり,なし,あり
ＮＰＯ法人 さくら,ＰＩＣＮＩＣ,590-0938,大阪府堺市堺区神明町西一丁1番7号 ロイヤルパレス1階,堺区,072-228-0171,072-242-7370,就労継続支援（Ｂ型）,2716001892,平成28年3月1日,あり,あり,なし,あり
プロスパー 株式会社,ドルフィンラブ,590-0952,大阪府堺市堺区市之町東五丁2番11号-201号,堺区,072-225-5173,072-225-5174,就労継続支援（Ｂ型）,2716002015,平成28年9月1日,あり,あり,なし,あり
株式会社 輝映,就労継続支援Ｂ型Ｒｉｃｃｏ,590-0953,大阪府堺市堺区甲斐町東二丁1-11,堺区,072-275-5489,072-275-5489,就労継続支援（Ｂ型）,2716002767,令和2年9月1日,なし,あり,なし,なし
株式会社クロストーク,Ｆｕｎ ｆｒｉｅｎｄｓ,590-0954,大阪府堺市堺区大町東二丁2-4,堺区,072-247-8552,072-247-8552,就労継続支援（Ｂ型）,2716003211,令和5年7月1日,あり,あり,なし,あり
社会福祉法人 なごみ福祉会,Ｙｏｕ・Ｉハウス,590-0954,大阪府堺市堺区大町東一丁1番8号,堺区,072-222-0302,072-222-0302,就労継続支援（Ｂ型）,2716000910,平成22年7月1日,なし,なし,なし,あり
株式会社 ＪＣＣ,就労継続支援Ｂ型事業所ｃｏｃｏ－ｓｕｐｐｏｒｔ,590-0957,大阪府堺市堺区中之町西三丁2番29号 中之町ＴＫハイツ1Ａ,堺区,072-443-4556,072-444-3100,就労継続支援（Ｂ型）,2716002940,令和3年10月1日,あり,あり,なし,あり
特定非営利活動法人 南大阪自立支援センター,どりぃむワーク,590-0963,大阪府堺市堺区少林寺町東一丁1番7号 クレスト大津Ⅱ101,堺区,072-228-2882,072-228-2883,就労継続支援（Ｂ型）,2716001850,平成27年12月1日,あり,あり,なし,あり
特定非営利活動法人南大阪自立支援センター,ともにーしょうりんじ,590-0963,大阪府堺市堺区少林寺町東二丁2番3号,堺区,072-238-4915,072-238-8473,就労継続支援（Ｂ型）,2716001082,平成23年11月1日,なし,あり,なし,あり
合同会社 仁徳,Ｗ．Ｐ．にんとく,590-0964,大阪府堺市堺区新在家町東二丁1-23,堺区,072-224-3000,072-224-3000,就労継続支援（Ｂ型）,2716002569,平成31年4月1日,あり,あり,なし,あり
一般社団法人 シンシア,就労継続支援Ｂ型事業所ラポール,590-0971,大阪府堺市堺区栄橋町一丁6-5,堺区,072-275-9751,072-275-9752,就労継続支援（Ｂ型）,2716002668,令和2年1月1日,あり,あり,なし,あり
ＲＥＴＲＩＥＶＥ ＨＯＵＳＥ株式会社,リトハウス堺,590-0985,大阪府堺市堺区戎島町四丁45番地1 ポルタス・センタービル5階,堺区,072-232-0011,072-232-0012,就労継続支援（Ｂ型）,2716501610,令和6年10月1日,あり,あり,なし,あり
特定非営利活動法人 こうせん,ワークステーションこうせん大野芝,599-8233,大阪府堺市中区大野芝町273番地1,中区,072-290-7427,072-290-7428,生活介護,2716102013,令和元年12月1日,あり,あり,なし,あり
シャローム 株式会社,やすらぎの介護シャローム晴れる家,599-8234,大阪府堺市中区土塔町2044-60,中区,072-234-8011,072-234-8815,生活介護,2716102104,令和2年4月1日,あり,なし,なし,なし
株式会社 キャン,キャン・ベル,599-8234,大阪府堺市中区土塔町2484番地,中区,072-284-7752,072-284-7907,生活介護,2716101411,平成28年4月1日,あり,あり,なし,あり
株式会社 ＰＥＡＣＥ,共生型デイサービスカラーピース,599-8236,大阪府堺市中区深井沢町3256番地,中区,072-242-8227,072-242-8226,生活介護,2716102021,令和元年12月1日,あり,あり,なし,あり
株式会社 ゆずの佳,ゆずスタ,599-8238,大阪府堺市中区土師町三丁32-32,中区,072-260-4271,072-260-4272,生活介護,2716101270,平成27年4月1日,あり,あり,なし,あり
社会福祉法人 自立支援協会,たまごハウス,599-8238,大阪府堺市中区土師町二丁33番37号,中区,072-281-4330,072-281-4350,生活介護,2716102377,令和4年5月1日,あり,あり,なし,あり
社会福祉法人ピノキオ福祉会,ピノキオ作業所,599-8238,大阪府堺市中区土師町三丁32番27号,中区,072-260-9625,072-260-9626,生活介護,2716100751,令和5年7月1日,なし,あり,なし,なし
有限会社ＫＡＴＥ,デイサービスセンターなの花,599-8238,大阪府堺市中区土師町一丁12番25号,中区,072-276-0256,072-276-0258,生活介護,2716101775,平成30年6月1日,あり,あり,なし,あり
ＮＰＯ法人ヘッドウェイさかい,ヘッドウェイ堺,599-8241,大阪府堺市中区福田91番地,中区,072-235-2458,072-235-2478,生活介護,2716101593,平成29年6月1日,あり,あり,なし,あり
合同会社円池会,レイクファーム陶器北,599-8242,大阪府堺市中区陶器北684-9,中区,072-276-1170,072-276-1175,生活介護,2716101742,令和6年1月1日,なし,あり,なし,なし
社会福祉法人 堺あけぼの福祉会,楽「あけぼの」,599-8244,大阪府堺市中区上之838-1,中区,072-234-6052,072-234-6053,生活介護,2716102237,令和3年4月1日,あり,なし,なし,なし
社会福祉法人堺あけぼの福祉会,集い「あけぼの」,599-8244,大阪府堺市中区上之853番地1,中区,072-239-6787,072-289-6383,生活介護,2716100017,平成18年10月1日,あり,なし,なし,なし
社会福祉法人堺あけぼの福祉会,紬「あけぼの」,599-8244,大阪府堺市中区上之837,中区,072-289-6929,072-289-6930,生活介護,2716101767,平成30年4月1日,あり,なし,なし,なし
株式会社 inC,インク,599-8247,大阪府堺市中区東山477番地2,中区,072-234-5900,072-234-5901,生活介護,2716102120,令和6年4月1日,あり,あり,なし,あり
社会福祉法人 きぼうの会,きぼうの風,599-8247,大阪府堺市中区東山107番地2,中区,072-237-7180,072-234-3222,生活介護,2716100504,平成20年3月1日,あり,あり,なし,あり
社会福祉法人 障友会,くるみの樹,599-8247,大阪府堺市中区東山252-6,中区,072-289-1235,072-289-1177,生活介護,2716100488,平成20年1月1日,なし,あり,なし,なし
社会福祉法人 障友会,堺みなみ,599-8251,大阪府堺市中区平井671番地2,中区,072-278-5681,072-278-5682,生活介護,2716100496,平成20年1月1日,なし,あり,なし,なし
社会福祉法人 南湖会,ボンの山作業所,599-8251,大阪府堺市中区平井482番地,中区,072-276-0160,072-277-0325,生活介護,2716100579,平成21年5月1日,あり,あり,なし,なし
社会福祉法人 南湖会,社会福祉法人南湖会マイスター,599-8251,大阪府堺市中区平井370番地1,中区,072-256-4770,072-277-0325,生活介護,2716102344,令和4年4月1日,あり,あり,なし,なし
株式会社 Ｇ．Ｌ．Ｂ．,デイサービス向日葵,599-8253,大阪府堺市中区深阪三丁5番40号,中区,072-369-4557,072-369-4565,生活介護,2716102070,令和2年3月1日,あり,あり,なし,あり
特定非営利活動法人栄友社,えーゆールーム,599-8253,大阪府堺市中区深阪一丁13番83-101号,中区,072-277-0294,072-277-0293,生活介護,2716100900,平成23年6月1日,あり,あり,なし,あり
社会福祉法人 障友会,デイセンターフレンズ,599-8254,大阪府堺市中区伏尾79番地,中区,072-276-7616,072-276-7617,生活介護,2716100405,平成19年9月1日,あり,あり,なし,なし
アシストワーク株式会社,あしすとデイ,599-8262,大阪府堺市中区八田北町297番1,中区,072-278-4041,072-277-4166,生活介護,2716100967,平成23年8月1日,あり,あり,なし,あり
株式会社 プレイス,かふぇ ら・くーら,599-8262,大阪府堺市中区八田北町472-1,中区,072-260-9700,072-260-9701,生活介護,2716102500,令和4年12月1日,あり,あり,なし,あり
特定非営利活動法人 ウイング,ウイングデイ,599-8262,大阪府堺市中区八田北町595-1,中区,072-275-9641,072-275-9647,生活介護,2716101254,平成27年2月1日,あり,あり,なし,あり
生活協同組合エスコープ大阪,エスコープ大阪ピース八田西,599-8265,大阪府堺市中区八田西町二丁10番18号,中区,072-277-7140,072-277-7144,生活介護,2716100355,平成18年12月1日,あり,あり,なし,あり
合同会社 ＯＺ,マザーグース,599-8266,大阪府堺市中区毛穴町24番地,中区,072-360-4705,072-360-4706,生活介護,2716102393,令和4年5月1日,あり,あり,なし,あり
株式会社 ニチイ学館,ニチイケアセンター深井,599-8271,大阪府堺市中区深井北町646-2,中区,072-276-0662,072-276-0663,生活介護,2716101890,平成31年4月1日,あり,あり,なし,あり
特定非営利活動法人げんき,げんき作業所,599-8271,大阪府堺市中区深井北町3436,中区,072-277-1802,072-277-1802,生活介護,2716101023,平成29年4月1日,あり,あり,なし,あり
株式会社 輝,デイサービスセンターヴィーナス,599-8272,大阪府堺市中区深井中町1056番地20,中区,072-242-8718,072-242-8851,生活介護,2716102146,令和2年4月1日,あり,あり,なし,あり
社会福祉法人 ユウの家,チャレンジハウスどんどん,599-8272,大阪府堺市中区深井中町1923番地2,中区,072-277-6126,072-350-8648,生活介護,2716101122,平成25年4月1日,あり,あり,なし,あり
ＳＣＪ株式会社,障がい者デイサービス ワーカウト堺,599-8273,大阪府堺市中区深井清水町3847,中区,072-242-4011,03-6421-2370,生活介護,2716102617,令和5年7月1日,あり,あり,なし,あり
社会福祉法人 ばなな,サニー・サイト,599-8273,大阪府堺市中区深井清水町3650番1,中区,072-281-3359,072-275-6250,生活介護,2716100678,平成25年6月1日,あり,あり,なし,なし
社会福祉法人 ばなな,サニー・ばなな,599-8273,大阪府堺市中区深井清水町1736-2,中区,072-275-6702,072-275-6703,生活介護,2716101940,令和元年7月1日,あり,あり,なし,なし
特定非営利活動法人 レアレア,作業所ホクレア,599-8275,大阪府堺市中区東八田397番地1,中区,072-275-9595,072-275-9596,生活介護,2716102245,令和3年4月1日,あり,あり,なし,あり
株式会社リカバリーサポート,リカバリーサポート デイケアセンター,599-8236,大阪府堺市中区深井沢町3265 ミラージュ昌栄2F-B号室,中区,072-275-4016,072-275-4017,自立訓練（生活訓練）,2716102724,令和6年4月1日,なし,あり,なし,あり
株式会社 inC,インク,599-8247,大阪府堺市中区東山477番地2,中区,072-234-5900,072-234-5901,自立訓練（生活訓練）,2716102120,令和2年4月1日,あり,あり,なし,あり
一般社団法人シグナル,グロウアップ,599-8266,大阪府堺市中区毛穴町21番地1,中区,072-247-5445,072-247-5446,就労移行支援（一般型）,2716101551,平成29年3月1日,あり,あり,なし,あり
医療法人杏和会,エンワーク,599-8273,大阪府堺市中区深井清水町3544-3 アンシャンテ深井１Ｆ,中区,072-270-3318,072-270-3318,就労移行支援（一般型）,2716101528,平成29年1月1日,なし,なし,なし,あり
合同会社つぼみ,つぼみ堺,599-8232,大阪府堺市中区新家町765-8 プレジオカーサ2番館1階,中区,072-320-9189,072-320-9189,就労継続支援（Ａ型）,2716102732,令和6年4月1日,あり,あり,なし,あり
合同会社ひまわり,就労継続支援やしの樹,599-8265,大阪府堺市中区八田西町二丁13-17,中区,072-289-6603,072-289-6603,就労継続支援（Ａ型）,2716102674,令和5年12月1日,なし,あり,なし,あり
株式会社ＲＩＳＥｔｅｃｈ,ライズテック,599-8273,大阪府堺市中区深井清水町3282番地尾崎ビル2階･3階,中区,072-281-7077,072-281-7078,就労継続支援（Ａ型）,2716102633,令和5年7月1日,あり,あり,なし,あり
合同会社つぼみ,つぼみ堺,599-8232,大阪府堺市中区新家町765-8 プレジオカーサ2番館1階,中区,072-320-9189,072-320-9189,就労継続支援（Ｂ型）,2716102732,令和6年4月1日,あり,あり,なし,あり
社会福祉法人 みのりの会,みのりの会作業所,599-8232,大阪府堺市中区新家町317番地1,中区,072-239-8002,072-239-8002,就労継続支援（Ｂ型）,2716100744,平成22年9月1日,なし,あり,なし,なし
株式会社いろは,みっけ,599-8233,大阪府堺市中区大野芝町163-1,中区,072-349-9901,072-349-9901,就労継続支援（Ｂ型）,2716102823,令和7年1月1日,あり,あり,なし,あり
特定非営利活動法人 こうせん,ワークステーションこうせん大野芝,599-8233,大阪府堺市中区大野芝町273番地1,中区,072-290-7427,072-290-7428,就労継続支援（Ｂ型）,2716102013,令和元年12月1日,あり,あり,なし,あり
医療法人眞祥会,ふくろう,599-8236,大阪府堺市中区深井沢町3287番地 アシストビル2F,中区,072-200-3360,072-246-9968,就労継続支援（Ｂ型）,2716102583,令和5年5月1日,なし,あり,なし,あり
株式会社ＰＥＡＣＥ,カラーピース作業所,599-8236,大阪府堺市中区深井沢町3256番地,中区,080-6319-4390,072-242-8226,就労継続支援（Ｂ型）,2716102526,令和5年1月1日,なし,あり,なし,あり
株式会社リカバリーサポート,リカバリーサポート デイケアセンター,599-8236,大阪府堺市中区深井沢町3265 ミラージュ昌栄2F-B号室,中区,072-275-4016,072-275-4017,就労継続支援（Ｂ型）,2716102724,令和6年4月1日,なし,あり,なし,あり
合同会社 ｎｉｃｏｔｔｏ,作業所ｎｉｃｏｔｔｏ,599-8236,大阪府堺市中区深井沢町3195番地 セリバノーブル1Ｆ,中区,072-281-3077,072-281-3077,就労継続支援（Ｂ型）,2716102336,令和4年3月1日,あり,あり,なし,あり
合同会社Ｍｉｒａｉ,リハスワーク堺深井,599-8236,大阪府堺市中区深井沢町3324番地 ＦＵＫＡＩビル1階,中区,072-242-3812,072-242-3813,就労継続支援（Ｂ型）,2716102815,令和6年12月1日,あり,あり,なし,あり
合同会社 Ｒｈｙｚｍ,未来図,599-8237,大阪府堺市中区深井水池町2835-11,中区,072-275-7333,072-275-7323,就労継続支援（Ｂ型）,2716102153,令和2年5月1日,なし,あり,なし,あり
合同会社 寿,てとて,599-8237,大阪府堺市中区深井水池町3080番地ダイソーユニットＤ号,中区,072-260-4066,072-260-4076,就労継続支援（Ｂ型）,2716101965,令和元年9月1日,なし,あり,なし,あり
株式会社 キャン,コミュニティワークショップキャン,599-8238,大阪府堺市中区土師町二丁25番地1 センターコートアネックス101,中区,072-270-0380,072-270-0385,就労継続支援（Ｂ型）,2716100702,平成22年7月1日,あり,あり,なし,あり
社会福祉法人ピノキオ福祉会,ピノキオ作業所,599-8238,大阪府堺市中区土師町三丁32番27号,中区,072-260-9625,072-260-9626,就労継続支援（Ｂ型）,2716100751,平成22年11月1日,なし,あり,なし,なし
株式会社 光,スクエアりりいキッチン,599-8241,大阪府堺市中区福田554番地5,中区,072-288-6002,072-288-6003,就労継続支援（Ｂ型）,2716102310,令和4年1月1日,あり,あり,なし,あり
株式会社シクロ,アンクラブ,599-8242,大阪府堺市中区陶器北1689番地4 北尾ビル2階・3階,中区,072-288-6075,072-288-6076,就労継続支援（Ｂ型）,2716102831,令和7年1月1日,あり,あり,なし,あり
社会福祉法人 きぼうの会,きぼうの風,599-8247,大阪府堺市中区東山107番地2,中区,072-234-6686,072-234-6686,就労継続支援（Ｂ型）,2716100504,平成20年3月1日,あり,あり,なし,あり
特定非営利活動法人 フェニックス会,フェニックス,599-8247,大阪府堺市中区東山721番地4,中区,072-234-2341,072-234-2341,就労継続支援（Ｂ型）,2716100652,平成22年3月1日,なし,なし,なし,あり
一般社団法人シャロームケア,ブレストワークスさかい,599-8251,大阪府堺市中区平井533-1,中区,072-270-9222,072-270-2200,就労継続支援（Ｂ型）,2716102567,令和5年5月1日,あり,あり,なし,あり
株式会社 りーどけあ,就労継続支援Ｂ型こはな,599-8251,大阪府堺市中区平井124-1,中区,072-320-9086,072-270-9010,就労継続支援（Ｂ型）,2716102369,令和4年4月1日,あり,あり,なし,あり
特定非営利活動法人 暁会,あゆら作業所,599-8251,大阪府堺市中区平井17番地2,中区,072-201-7778,072-201-7054,就労継続支援（Ｂ型）,2716101478,平成28年11月1日,あり,あり,なし,あり
特定非営利活動法人 Ｃ・ドリームの会,さくら作業所,599-8261,大阪府堺市中区堀上町158-4,中区,072-220-6027,072-220-6027,就労継続支援（Ｂ型）,2716101114,平成25年4月1日,あり,あり,なし,あり
有限会社きいちご畑,きいちご１,599-8261,大阪府堺市中区堀上町328番地5,中区,080-7161-6532,072-272-4667,就労継続支援（Ｂ型）,2716102682,令和6年3月1日,あり,あり,なし,あり
株式会社 ＬＥＡＰ－Ａ,Ｄｅａｒ－Ｌ（デアエル）,599-8262,大阪府堺市中区八田北町595番1の2,中区,072-248-5988,072-248-5988,就労継続支援（Ｂ型）,2716102039,令和2年1月1日,あり,あり,なし,あり
株式会社 レイアップ,ニコイチ,599-8262,大阪府堺市中区八田北町586-1 101号,中区,072-260-9800,072-260-9802,就労継続支援（Ｂ型）,2716102294,令和3年12月1日,あり,あり,なし,あり
合同会社ひまわり,就労継続支援やしの樹,599-8265,大阪府堺市中区八田西町二丁13-17,中区,072-289-6603,072-289-6603,就労継続支援（Ｂ型）,2716102674,令和6年11月1日,あり,あり,なし,あり
合同会社円池会,レイクファーム,599-8265,大阪府堺市中区八田西町三丁5番53号,中区,072-276-1170,072-276-1175,就労継続支援（Ｂ型）,2716101742,平成30年4月1日,なし,あり,なし,なし
一般社団法人シグナル,グロウアップ,599-8266,大阪府堺市中区毛穴町21番地1,中区,072-247-5445,072-247-5446,就労継続支援（Ｂ型）,2716101551,平成29年3月1日,あり,あり,なし,あり
竹野染工株式会社,就労継続支援Ｂ型 明るいミライ,599-8266,大阪府堺市中区毛穴町355番地12,中区,072-274-5428,072-274-1902,就労継続支援（Ｂ型）,2716102625,令和5年7月1日,あり,あり,なし,あり
株式会社サウスライズ,サウスライズ,599-8267,大阪府堺市中区八田寺町83-3,中区,070-2025-0930,,就労継続支援（Ｂ型）,2716102807,令和6年10月1日,あり,あり,なし,あり
特定非営利活動法人こうせん,ワークステーションこうせん,599-8267,大阪府堺市中区八田寺町504-4,中区,072-370-1418,072-370-1428,就労継続支援（Ｂ型）,2716101619,平成29年7月1日,あり,あり,なし,あり
特定非営利活動法人 ウイング,プレイズ,599-8271,大阪府堺市中区深井北町3462,中区,072-275-7092,072-275-7093,就労継続支援（Ｂ型）,2716102328,令和4年1月1日,あり,あり,なし,あり
特定非営利活動法人 スカイ,マハロＷｏｒｋｓ,599-8272,大阪府堺市中区深井中町1412-6,中区,072-343-1963,072-343-1963,就労継続支援（Ｂ型）,2716102195,令和2年11月1日,なし,あり,なし,あり
株式会社 ＲＩＳＥ,ライズ深井,599-8273,大阪府堺市中区深井清水町3282番地 尾崎ビル1階,中区,072-277-7730,072-277-7705,就労継続支援（Ｂ型）,2716102401,令和4年5月1日,あり,あり,なし,あり
社会福祉法人 たんぽぽひろば,ひまわり倶楽部,599-8273,大阪府堺市中区深井清水町3991番地,中区,072-278-6494,072-281-0367,就労継続支援（Ｂ型）,2716100793,平成22年11月1日,なし,なし,なし,あり
社会福祉法人 ばなな,サニー・サイト,599-8273,大阪府堺市中区深井清水町3650番1,中区,072-281-3359,072-275-6250,就労継続支援（Ｂ型）,2716100678,平成22年5月1日,あり,あり,なし,なし
特定非営利活動法人 レアレア,第２作業所ホクレア,599-8275,大阪府堺市中区東八田263番地5,中区,072-247-5959,072-247-5970,就労継続支援（Ｂ型）,2716102385,令和4年5月1日,あり,あり,なし,あり
泉北ビル 株式会社,ＯＮＥ ＧＡＭＥ堺,599-8276,大阪府堺市中区小阪270番地 アンディ1階,中区,072-275-7489,072-275-7330,就労継続支援（Ｂ型）,2716102518,令和4年12月1日,あり,あり,なし,あり
株式会社 渡也建設,あっぷ,599-8101,大阪府堺市東区八下町三丁74番地1,東区,072-267-4543,072-267-4576,生活介護,2716200957,令和4年9月1日,あり,あり,なし,あり
社会福祉法人 徳昇福祉会,はたけの家ぼだい,599-8103,大阪府堺市東区菩提町二丁15,東区,072-288-5775,072-288-5776,生活介護,2716200619,平成28年4月1日,あり,あり,なし,あり
社会福祉法人 徳昇福祉会,菩提の家,599-8103,大阪府堺市東区菩提町一丁53番地1,東区,072-287-1584,072-287-1585,生活介護,2716200346,平成22年4月1日,あり,あり,なし,あり
株式会社ふるさぽーと,ふるさぽーとデイサービスセンター堺店,599-8111,大阪府堺市東区日置荘北町二丁21番36号,東区,072-288-1900,072-288-1901,生活介護,2716201096,令和7年1月1日,あり,あり,なし,あり
セブンテン株式会社,イルカの夢,599-8112,大阪府堺市東区日置荘原寺町471番地1,東区,072-287-3113,072-286-0717,生活介護,2716200981,令和5年8月1日,あり,あり,なし,あり
社会福祉法人 こころの窓,青い鳥,599-8114,大阪府堺市東区日置荘西町八丁1番1号,東区,072-286-2260,072-286-2268,生活介護,2716200296,平成20年3月1日,なし,あり,なし,あり
社会福祉法人 コスモス,堺東部障害者作業所,599-8121,大阪府堺市東区高松106番地,東区,072-237-2635,072-237-4590,生活介護,2716200213,平成19年1月1日,なし,あり,なし,なし
社会福祉法人 コスモス,第３堺東部障害者作業所ポケットリーフ,599-8121,大阪府堺市東区高松123番地,東区,072-239-5639,072-230-1414,生活介護,2716200494,平成25年9月1日,なし,あり,なし,なし
社会福祉法人大阪手をつなぐ育成会,支援センターしらさぎ,599-8107,大阪府堺市東区白鷺町二丁9番32号,東区,072-285-5521,072-288-2026,自立訓練（生活訓練）,2716200288,平成19年10月1日,なし,あり,なし,なし
社会福祉法人 徳昇福祉会,菩提の家,599-8103,大阪府堺市東区菩提町一丁53番地1,東区,072-287-1584,072-287-1585,就労移行支援（一般型）,2716200346,平成22年4月1日,あり,あり,なし,あり
社会福祉法人大阪手をつなぐ育成会,支援センターしらさぎ,599-8107,大阪府堺市東区白鷺町二丁9番32号,東区,072-285-5521,072-288-2026,就労移行支援（一般型）,2716200288,平成19年10月1日,なし,あり,なし,なし
株式会社 ひまわり,ひまわりワークルーム白鷺,599-8107,大阪府堺市東区白鷺町一丁6番10号 中百舌鳥ビル1階,東区,072-203-0278,072-203-0277,就労継続支援（Ａ型）,2716200601,平成28年1月1日,あり,あり,なし,あり
愛丸ワークス株式会社,愛丸ワークス,599-8112,大阪府堺市東区日置荘原寺町409-1,東区,072-284-9222,072-284-9222,就労継続支援（Ａ型）,2716201054,令和6年8月1日,あり,あり,なし,あり
シンスリー 株式会社,シンスリー北野田,599-8123,大阪府堺市東区北野田1084番地127号,東区,072-284-8275,072-284-8276,就労継続支援（Ａ型）,2716200577,平成27年8月1日,あり,あり,なし,あり
社会福祉法人 徳昇福祉会,はたけの家ぼだい,599-8103,大阪府堺市東区菩提町二丁15,東区,072-288-5775,072-288-5776,就労継続支援（Ｂ型）,2716200619,平成28年4月1日,あり,あり,なし,あり
社会福祉法人 徳昇福祉会,菩提の家,599-8103,大阪府堺市東区菩提町一丁53番地1,東区,072-287-1584,072-287-1585,就労継続支援（Ｂ型）,2716200346,平成22年4月1日,あり,あり,なし,あり
株式会社 スマイルケアサポート,ステラ,599-8107,大阪府堺市東区白鷺町一丁23番2号,東区,072-284-8600,072-284-8689,就労継続支援（Ｂ型）,2716200924,令和4年7月1日,あり,あり,なし,あり
社会福祉法人大阪手をつなぐ育成会,支援センターしらさぎ,599-8107,大阪府堺市東区白鷺町二丁9番32号,東区,072-285-5521,072-288-2026,就労継続支援（Ｂ型）,2716200288,平成23年9月1日,なし,あり,なし,なし
特定非営利活動法人ライフ＆ケア,さくら就労ネット,599-8107,大阪府堺市東区白鷺町一丁3-5 ロッジ白鷺1Ｆ,東区,072-240-1177,072-240-1177,就労継続支援（Ｂ型）,2716100660,平成23年7月1日,あり,あり,なし,あり
愛丸ワークス株式会社,愛丸ワークス,599-8112,大阪府堺市東区日置荘原寺町409-1,東区,072-284-9222,072-284-9222,就労継続支援（Ｂ型）,2716201054,令和6年8月1日,あり,あり,なし,あり
社会福祉法人 フェニックス堺,障害者自律学舎しっぷ,599-8112,大阪府堺市東区日置荘原寺町445番地6,東区,072-288-0938,072-288-0939,就労継続支援（Ｂ型）,2716200320,平成21年8月1日,あり,あり,なし,あり
特定非営利活動法人 陽光会,シーズファクトリー,599-8112,大阪府堺市東区日置荘原寺町414番地1,東区,072-290-7433,072-290-7432,就労継続支援（Ｂ型）,2716200544,平成26年8月1日,あり,あり,なし,あり
Ｓｅａｓ Ｃｏｍｐａｎｙ 株式会社,ＳＥＡＷＯＲＫＳ堺,599-8114,大阪府堺市東区日置荘西町二丁39番4号,東区,072-285-1877,072-285-1877,就労継続支援（Ｂ型）,2716200874,令和3年8月1日,あり,あり,なし,あり
株式会社Ａ．Ｃ ＲＩＳＥ,ライズ初芝,599-8114,大阪府堺市東区日置荘西町四丁11-25,東区,072-287-5231,072-287-5232,就労継続支援（Ｂ型）,2716200999,令和5年10月1日,あり,あり,なし,あり
社会福祉法人 こころの窓,青い鳥,599-8114,大阪府堺市東区日置荘西町八丁1番1号,東区,072-286-2260,072-286-2268,就労継続支援（Ｂ型）,2716200296,平成20年3月1日,なし,あり,なし,あり
社会福祉法人 友の樹福祉会,ハーベスト,599-8114,大阪府堺市東区日置荘西町三丁38番3号,東区,072-288-2223,072-288-2224,就労継続支援（Ｂ型）,2716200304,平成21年7月1日,なし,あり,なし,あり
社会福祉法人 コスモス,堺東部障害者作業所,599-8121,大阪府堺市東区高松106番地,東区,072-237-2635,072-237-4590,就労継続支援（Ｂ型）,2716200213,平成22年4月1日,なし,あり,なし,なし
社会福祉法人 コスモス,第３堺東部障害者作業所ポケットリーフ,599-8121,大阪府堺市東区高松123番地,東区,072-239-5639,072-230-1414,就労継続支援（Ｂ型）,2716200494,平成25年9月1日,なし,あり,なし,なし
社会福祉法人 障友会,うららのお店,599-8121,大阪府堺市東区高松238番地1,東区,072-230-0300,072-230-0266,就労継続支援（Ｂ型）,2716200908,令和4年4月1日,なし,あり,なし,なし
社会福祉法人 たんぽぽひろば,ナイスディ,599-8127,大阪府堺市東区草尾1435番地の1,東区,072-237-2259,072-237-2411,就労継続支援（Ｂ型）,2716200379,平成22年11月1日,なし,なし,なし,あり
社会福祉法人 コスモス,みなみな結いの里,592-8333,大阪府堺市西区浜寺石津町西五丁11-21,西区,072-267-6870,072-267-6860,生活介護,2716301698,令和3年4月1日,あり,あり,なし,あり
泉州ケアサービス株式会社,だんらんの家 浜寺石津,592-8334,大阪府堺市西区浜寺石津町中3-3-17,西区,072-247-7961,072-247-7962,生活介護,2716301987,令和5年10月1日,あり,あり,なし,あり
社会福祉法人さんあい,ＳＯＨＯきよらか,593-8301,大阪府堺市西区上野芝町一丁10番14号,西区,072-275-4530,072-275-4530,生活介護,2716301896,令和5年4月1日,あり,あり,なし,あり
株式会社エスポワール,作業所ヒマワリ,593-8307,大阪府堺市西区平岡町20-1,西区,072-289-6922,072-289-6923,生活介護,2716300799,平成24年5月1日,あり,あり,なし,あり
ＮＰＯ法人百舌鳥あすなろ会,あすなろ授産所,593-8312,大阪府堺市西区草部493番1,西区,072-271-8001,072-271-8002,生活介護,2716301334,平成29年4月1日,あり,あり,なし,あり
株式会社フットステップ,生活介護ふっとすてっぷ,593-8312,大阪府堺市西区草部7-5 1階右側号室,西区,072-289-9847,072-289-9848,生活介護,2716301979,令和5年10月1日,あり,あり,なし,あり
社会福祉法人 堺あすなろ会,あすなろ万崎の郷,593-8312,大阪府堺市西区草部931番地2,西区,072-272-7229,072-272-7229,生活介護,2716300377,平成20年5月1日,なし,あり,なし,なし
社会福祉法人 堺あすなろ会,堺あすなろ園,593-8312,大阪府堺市西区草部744番地6,西区,072-271-3665,072-271-3666,生活介護,2716300369,平成20年5月1日,なし,あり,なし,なし
社会福祉法人 障友会,わららか草部,593-8312,大阪府堺市西区草部783番地1,西区,072-275-1575,072-275-1576,生活介護,2716300351,平成20年1月1日,なし,あり,なし,なし
社会福祉法人あすなろ会,堺福泉療護園,593-8312,大阪府堺市西区草部341番地,西区,072-271-0008,072-271-0082,生活介護,2716300658,平成23年7月1日,あり,あり,なし,あり
株式会社ハートフルサンク,ハートフルサンクデイ・ひしき乃湯,593-8315,大阪府堺市西区菱木一丁2446番1号ドイビル1F,西区,072-260-3180,072-260-3182,生活介護,2716301433,令和元年9月1日,あり,あり,なし,あり
株式会社 カメリヤ・プランニング,デイサービスつばき堺,593-8316,大阪府堺市西区山田一丁1084番地1,西区,072-260-5771,072-260-5772,生活介護,2716301524,平成31年4月1日,あり,あり,なし,あり
株式会社 メディカルケア堺,デイサービスすみれの家山田,593-8316,大阪府堺市西区山田三丁953-3,西区,072-289-8894,072-289-8894,生活介護,2716301854,令和4年10月1日,あり,あり,なし,あり
株式会社ＮＡＯ,共生型デイサービスらいく,593-8324,大阪府堺市西区鳳東町二丁185-1,西区,072-284-9932,072-284-9946,生活介護,2716302126,令和6年9月1日,あり,あり,なし,あり
社会福祉法人 コスモス,みなみな結いの里,592-8333,大阪府堺市西区浜寺石津町西五丁11-21,西区,072-267-6870,072-267-6860,自立訓練（機能訓練）,2716301698,令和3年4月1日,あり,あり,なし,あり
株式会社ハートフルサンク,ハートフルサンクデイ・ひしき乃湯,593-8315,大阪府堺市西区菱木一丁2446番1号ドイビル1F,西区,072-260-3180,072-260-3182,自立訓練（機能訓練）,2716301433,平成30年6月1日,あり,あり,なし,あり
株式会社 カメリヤ・プランニング,デイサービスつばき堺,593-8316,大阪府堺市西区山田一丁1084番地1,西区,072-260-5771,072-260-5772,自立訓練（機能訓練）,2716301524,平成31年4月1日,あり,あり,なし,あり
株式会社ハートフルサンク,ハートフルサンクデイ・ひしき乃湯,593-8315,大阪府堺市西区菱木一丁2446番1号ドイビル1F,西区,072-260-3180,072-260-3182,自立訓練（生活訓練）,2716301433,令和元年9月1日,あり,あり,なし,あり
特定非営利活動法人 ひこばえ,いずみ,593-8301,大阪府堺市西区上野芝町二丁3番17号,西区,072-277-6446,072-267-4433,就労移行支援（一般型）,2716300427,平成21年5月1日,あり,あり,なし,あり
特定非営利活動法人クロスジョブ,クロスジョブ鳳,593-8324,大阪府堺市西区鳳東町一丁7番地30 平兵衛ビル3階3-1号室,西区,072-247-4001,072-247-4002,就労移行支援（一般型）,2716301300,平成29年1月1日,あり,あり,なし,あり
株式会社 イクロスサポート,支援センターＳＯＬＡＳ,593-8312,大阪府堺市西区草部491番地1,西区,072-349-8008,072-349-8008,就労継続支援（Ａ型）,2716301623,令和2年10月1日,あり,あり,なし,あり
Ａ・ＴＥＣ株式会社,Ａ・ＴＥＣ,593-8315,大阪府堺市西区菱木二丁2105番地3,西区,072-274-2888,072-274-2888,就労継続支援（Ａ型）,2716300781,平成24年5月1日,あり,あり,なし,あり
合同会社 Ｋ’ｓ,ｋａ－ｋｕｎ ｐｒｏｊｅｃｔ,593-8325,大阪府堺市西区鳳南町二丁149-3,西区,072-260-7470,072-260-7471,就労継続支援（Ａ型）,2716301730,令和3年9月1日,なし,あり,なし,あり
NPO法人堺自立支援センター,ユニオン,592-8334,大阪府堺市西区浜寺石津町中四丁5番14号,西区,072-243-4618,072-243-4618,就労継続支援（Ｂ型）,2716300807,平成24年5月1日,なし,あり,なし,あり
一般社団法人シンシア,ラポール石津川,592-8334,大阪府堺市西区浜寺石津町中三丁13番8号,西区,072-275-5603,072-275-5604,就労継続支援（Ｂ型）,2716302134,令和6年10月1日,あり,あり,なし,あり
特定非営利活動法人堺エコネットワーク協議会,エコベース,592-8335,大阪府堺市西区浜寺石津町東三丁12番21号,西区,072-245-8668,072-245-8668,就労継続支援（Ｂ型）,2716302001,令和5年11月1日,あり,あり,なし,あり
特定非営利活動法人 堺西自立支援センター,もとまちジョブ,592-8343,大阪府堺市西区浜寺元町二丁173番,西区,072-267-7872,072-267-7873,就労継続支援（Ｂ型）,2716301516,平成31年3月1日,あり,あり,なし,あり
社会福祉法人 フェニックス堺,虹工房,592-8344,大阪府堺市西区浜寺南町三丁7番地11,西区,072-266-5317,072-266-5317,就労継続支援（Ｂ型）,2716300484,平成21年11月1日,あり,あり,なし,あり
社会福祉法人さんあい,ＳＯＨＯさんあい,593-8301,大阪府堺市西区上野芝町一丁16番57号,西区,072-280-5827,072-280-5827,就労継続支援（Ｂ型）,2716301896,令和5年4月1日,あり,あり,なし,あり
特定非営利活動法人 ひこばえ,いずみ,593-8301,大阪府堺市西区上野芝町二丁3番17号,西区,072-277-6446,072-267-4433,就労継続支援（Ｂ型）,2716300427,平成21年5月1日,あり,あり,なし,あり
特定非営利活動法人 福祉ネットワーク絆,ふれあいショップ絆,593-8305,大阪府堺市西区堀上緑町一丁8番63-103,西区,072-270-5115,072-270-5115,就労継続支援（Ｂ型）,2716301276,平成28年10月1日,なし,なし,なし,なし
株式会社 おにぎり村,就労継続支援といろ,593-8312,大阪府堺市西区草部1480,西区,072-369-4148,072-369-4149,就労継続支援（Ｂ型）,2716301755,令和3年12月1日,あり,あり,なし,あり
社会福祉法人 堺あすなろ会,堺あすなろ園,593-8312,大阪府堺市西区草部744番地6,西区,072-271-3665,072-271-3666,就労継続支援（Ｂ型）,2716300369,平成20年5月1日,なし,あり,なし,なし
特定非営利活動法人こうせん,ワークステーションこうせん菱木,593-8315,大阪府堺市西区菱木一丁2336-19,西区,072-289-8013,072-289-8014,就労継続支援（Ｂ型）,2716301342,平成29年6月1日,あり,あり,なし,あり
合同会社 イーストワン,イーストワン,593-8324,大阪府堺市西区鳳東町三丁265番2,西区,072-271-0055,072-271-0055,就労継続支援（Ｂ型）,2716301672,令和2年12月1日,なし,なし,なし,あり
社会福祉法人 麦の会,すみれ共同作業所,593-8325,大阪府堺市西区鳳南町四丁419 マスターズエル鳳南581 103号,西区,072-272-2817,072-260-1098,就労継続支援（Ｂ型）,2716300393,平成20年8月1日,あり,あり,なし,あり
社会福祉法人 野のちから,四季彩,593-8327,大阪府堺市西区鳳中町二丁23番地86,西区,072-263-0202,072-263-0240,就労継続支援（Ｂ型）,2716300518,平成22年4月1日,あり,あり,なし,あり
社会福祉法人野のちから,野の花,593-8327,大阪府堺市西区鳳中町二丁50番地2,西区,072-268-8860,072-268-8860,就労継続支援（Ｂ型）,2716300609,平成23年3月1日,あり,あり,なし,あり
ＮＰＯ法人あきら,障害者あきら作業所,593-8328,大阪府堺市西区鳳北町七丁5番地,西区,072-262-0491,072-262-0491,就労継続支援（Ｂ型）,2716300765,平成24年4月1日,あり,あり,なし,あり
社会福祉法人堺あすなろ会,アトリエｈａｎａ,590-0101,大阪府堺市南区宮山台三丁1番地10,南区,072-297-4878,072-291-4878,生活介護,2716400409,平成21年4月1日,なし,あり,なし,なし
特定非営利活動法人 Ｄｅａｒ ｆｒｉｅｎｄｓ,でぃあふれんず,590-0101,大阪府堺市南区宮山台三丁1番20号,南区,072-295-7227,072-295-7228,生活介護,2716400466,平成21年7月1日,あり,あり,なし,あり
有限会社 キャプテンフィンガーズ,ケアセンター仲村,590-0101,大阪府堺市南区宮山台四丁7番9号,南区,072-284-3700,072-295-5505,生活介護,2716401100,令和3年5月1日,あり,あり,なし,あり
株式会社 カミレ,ワンダーさかい,590-0103,大阪府堺市南区深阪南103番地,南区,072-247-4769,072-242-4765,生活介護,2716401035,令和2年5月1日,あり,あり,なし,あり
特定非営利活動法人 栄友社,えーゆーハウス,590-0104,大阪府堺市南区土佐屋台1321番4号,南区,072-237-0294,072-237-0293,生活介護,2716400490,平成22年1月1日,あり,なし,なし,なし
社会福祉法人コスモス,アクティブスペースかいと,590-0106,大阪府堺市南区豊田1180,南区,072-289-6018,072-289-6019,生活介護,2716400904,平成29年4月1日,なし,あり,なし,あり
合同会社バイオレット,ライフケア バイオレット,590-0117,大阪府堺市南区高倉台二丁39-10,南区,072-289-5428,072-349-7546,生活介護,2716401266,令和6年3月1日,あり,なし,なし,なし
社会福祉法人 コスモス,ふれあいの里かたくら,590-0121,大阪府堺市南区片蔵165番地,南区,072-291-5679,072-290-5300,生活介護,2716400334,平成19年4月1日,あり,あり,なし,あり
社会福祉法人 コスモス,第２ふれあいの里かたくら,590-0121,大阪府堺市南区片蔵176-1番地,南区,072-291-5679,072-290-5300,生活介護,2716400888,平成28年4月1日,あり,あり,なし,あり
社会福祉法人 まほろば,パル・茅渟の里,590-0122,大阪府堺市南区釜室995番地1,南区,072-290-6880,072-290-6881,生活介護,2716400417,平成20年5月1日,なし,あり,なし,なし
社会福祉法人堺あけぼの福祉会,絆あけぼの,590-0133,大阪府堺市南区庭代台二丁9番1号,南区,072-289-8770,072-289-8772,生活介護,2716400599,平成23年7月1日,あり,なし,なし,なし
株式会社 永愛,故郷デイサービス,590-0134,大阪府堺市南区御池台四丁7番地2,南区,072-248-5165,072-248-5165,生活介護,2716401050,令和2年12月1日,あり,あり,なし,あり
社会福祉法人堺あけぼの福祉会,堺あけぼの園,590-0134,大阪府堺市南区御池台五丁2番6号,南区,072-292-9002,072-290-1161,生活介護,2716400011,平成18年10月1日,あり,なし,なし,なし
社会福祉法人 みきた福祉会,みきた作業所,590-0135,大阪府堺市南区別所1480番地1,南区,072-294-7755,072-294-8522,生活介護,2716400540,平成31年4月1日,なし,あり,なし,あり
社会福祉法人ライフサポート協会,みんなのマーケットるぴなす（はぴな）,590-0136,大阪府堺市南区美木多上1369-14,南区,072-284-7039,072-284-7079,生活介護,2716400821,平成30年4月1日,あり,あり,なし,あり
株式会社ミナソラ,ミナソラ,590-0141,大阪府堺市南区桃山台四丁25-16,南区,072-249-9292,072-249-9292,生活介護,2716401308,令和6年9月1日,あり,あり,なし,あり
社会福祉法人コスモス,せんぼく障害者作業所,590-0142,大阪府堺市南区檜尾1382番地6,南区,072-296-4520,072-297-6439,生活介護,2716400235,平成18年11月1日,なし,あり,なし,なし
社会福祉法人 堺あすなろ会,ピュアあすなろ,590-0156,大阪府堺市南区稲葉三丁1581番地,南区,072-260-5570,072-260-5580,生活介護,2716400391,平成20年5月1日,なし,あり,なし,なし
有限会社 キャプテンフィンガーズ,ケアセンター仲村,590-0101,大阪府堺市南区宮山台四丁7番9号,南区,072-284-3700,072-295-5505,自立訓練（機能訓練）,2716401100,令和3年5月1日,あり,あり,なし,あり
有限会社 キャプテンフィンガーズ,ケアセンター仲村,590-0101,大阪府堺市南区宮山台四丁7番9号,南区,072-284-3700,072-295-5505,自立訓練（生活訓練）,2716401100,令和3年5月1日,あり,あり,なし,あり
社会福祉法人こだま福祉会,ヤオヨロズヤ,590-0114,大阪府堺市南区槇塚台三丁1番6号,南区,072-296-3232,072-296-3232,就労移行支援（一般型）,2716401217,令和5年7月1日,あり,あり,なし,あり
一般社団法人 ヒューマンブレイン,バックオフィス堺泉北,590-0115,大阪府堺市南区茶山台一丁6番1号 ステーションプラザ泉ヶ丘304号,南区,072-284-7502,072-284-7502,就労継続支援（Ａ型）,2716401167,令和4年10月1日,あり,あり,なし,あり
株式会社 イクコ・カンパニー,ワークショップひとふし,590-0132,大阪府堺市南区原山台五丁9-1 丸長運送配送センター2階,南区,072-247-4111,050-3730-6370,就労継続支援（Ａ型）,2716401084,令和3年5月1日,なし,あり,なし,あり
一般社団法人未来の扉,未来予想図,590-0133,大阪府堺市南区庭代台二丁7番1号 2階,南区,072-360-4260,072-360-4270,就労継続支援（Ａ型）,2716002312,平成30年8月1日,あり,あり,なし,あり
特定非営利活動法人 Ｄｅａｒ ｆｒｉｅｎｄｓ,でぃあふれんず,590-0101,大阪府堺市南区宮山台三丁1番20号,南区,072-295-7227,072-295-7228,就労継続支援（Ｂ型）,2716400466,平成21年7月1日,あり,あり,なし,あり
特定非営利活動法人 惑星会,就労継続支援Ｂ型作業所わくわく,590-0101,大阪府堺市南区宮山台三丁1番15 堺宮山台センタービル2階Ｃ号室,南区,072-292-8440,072-292-8441,就労継続支援（Ｂ型）,2716400813,平成27年7月1日,あり,あり,なし,あり
社会福祉法人はなきりん会,Ｌｅｔ’ｓ Ｗｏｒｋ,590-0105,大阪府堺市南区竹城台四丁1番3号,南区,072-349-6612,072-349-6613,就労継続支援（Ｂ型）,2716401183,令和5年1月1日,あり,あり,なし,あり
社会福祉法人コスモス,アクティブスペースかいと,590-0106,大阪府堺市南区豊田1180,南区,072-289-6018,072-289-6019,就労継続支援（Ｂ型）,2716400904,平成29年4月1日,なし,あり,なし,あり
株式会社ＲＩＮ,就労継続支援Ｂ型事業所 はぴわく,590-0111,大阪府堺市南区三原台一丁2番3号 ルルポ泉ヶ丘105,南区,072-284-7781,072-289-5311,就労継続支援（Ｂ型）,2716401233,令和5年9月1日,あり,あり,なし,あり
社会福祉法人 麦の会,麦の会第３作業所,590-0113,大阪府堺市南区晴美台一丁30番2-102号 104号,南区,072-205-9903,072-205-9904,就労継続支援（Ｂ型）,2716400482,平成21年12月1日,あり,あり,なし,あり
特定非営利活動法人アンビション２２,パン工房アンビション,590-0113,大阪府堺市南区晴美台一丁30番5号,南区,072-293-3900,072-293-6500,就労継続支援（Ｂ型）,2716400557,平成23年3月1日,あり,あり,なし,あり
社会福祉法人こだま福祉会,ヤオヨロズヤ,590-0114,大阪府堺市南区槇塚台三丁1番6号,南区,072-296-3232,072-296-3232,就労継続支援（Ｂ型）,2716401217,令和5年7月1日,あり,あり,なし,あり
株式会社 ウエストサービス,ライズ泉ヶ丘,590-0117,大阪府堺市南区高倉台二丁39番3号,南区,072-284-5777,072-284-5770,就労継続支援（Ｂ型）,2716400896,平成28年8月1日,あり,あり,なし,あり
社会福祉法人 野のちから,風のこもんず,590-0117,大阪府堺市南区高倉台一丁2-1 Ｄ棟1,南区,072-295-0533,072-296-8778,就労継続支援（Ｂ型）,2716400524,平成22年12月1日,あり,あり,なし,あり
社会福祉法人ライフサポート協会,みんなのマーケットるぴなす,590-0117,大阪府堺市南区高倉台三丁2-2,南区,072-295-6173,072-295-6174,就労継続支援（Ｂ型）,2716400821,平成27年8月1日,あり,あり,なし,あり
社会福祉法人 コスモス,第２ふれあいの里かたくら,590-0121,大阪府堺市南区片蔵176-1番地,南区,072-291-5679,072-290-5300,就労継続支援（Ｂ型）,2716400888,平成28年4月1日,あり,あり,なし,あり
一般社団法人未来の扉,みらいのカタチ,590-0133,大阪府堺市南区庭代台二丁７番1,南区,072-360-4260,072-360-4270,就労継続支援（Ｂ型）,2716002312,令和6年1月1日,あり,あり,なし,あり
トライト株式会社,ステップライト,590-0134,大阪府堺市南区御池台二丁11番24号,南区,072-296-4163,072-296-4164,就労継続支援（Ｂ型）,2716401191,令和5年1月1日,あり,あり,なし,あり
社会福祉法人堺あすなろ会,アトリエｈａｎａ(Ｌｉｎｋみいけ),590-0134,大阪府堺市南区御池台三丁1番地5,南区,072-299-3550,072-299-3555,就労継続支援（Ｂ型）,2716400409,平成23年5月1日,なし,あり,なし,なし
株式会社ミナソラ,ミナソラ,590-0141,大阪府堺市南区桃山台四丁25-16,南区,072-249-9292,072-249-9292,就労継続支援（Ｂ型）,2716401308,令和6年9月1日,あり,あり,なし,あり
株式会社 ケアサポートりんぐ,はなきりん,590-0142,大阪府堺市南区檜尾16番地,南区,072-350-3123,072-350-3125,就労継続支援（Ｂ型）,2716401027,令和元年11月1日,あり,あり,なし,あり
社会福祉法人コスモス,せんぼく障害者作業所,590-0142,大阪府堺市南区檜尾1382番地6,南区,072-296-4520,072-297-6439,就労継続支援（Ｂ型）,2716400235,平成18年11月1日,なし,あり,なし,なし
株式会社ワンズロード,ワンズワークス,590-0157,大阪府堺市南区高尾一丁308番6,南区,072-247-4508,072-247-4509,就労継続支援（Ｂ型）,2716400920,平成29年10月1日,あり,あり,なし,あり
特定非営利活動法人 オレンジ福祉会,障がい者作業所ぽらりす,591-8001,大阪府堺市北区常磐町三丁19番地2,北区,072-255-3770,072-255-3771,生活介護,2716501081,平成26年9月1日,あり,あり,なし,なし
株式会社エタニティライフ,かふぇ ら・くーら弐番館,591-8008,大阪府堺市北区東浅香山町三丁15-15 1階101号室,北区,072-242-4226,072-242-4227,生活介護,2716502063,令和5年12月1日,あり,あり,なし,あり
社会福祉法人 こだま福祉会,障がい者作業所こだま,591-8008,大阪府堺市北区東浅香山町二丁251番地1,北区,072-252-3801,072-247-7510,生活介護,2716500422,平成21年1月1日,あり,あり,なし,なし
社会福祉法人 コスモス,ほくぶ障害者作業所,591-8011,大阪府堺市北区南花田町536番地1,北区,072-254-5778,072-259-4459,生活介護,2716500307,平成19年1月1日,あり,あり,なし,あり
社会福祉法人コスモス,第２ほくぶ障害者作業所,591-8011,大阪府堺市北区南花田町532番地3,北区,072-254-3292,072-254-3292,生活介護,2716500737,平成24年4月1日,あり,あり,なし,あり
特定非営利活動法人 ことのは,ことのは,591-8021,大阪府堺市北区新金岡町五丁7-541 パークハイツ新金岡101号,北区,072-259-5780,072-259-5781,生活介護,2716501719,令和3年4月1日,あり,あり,なし,あり
社会福祉法人関西福祉会,陵東館長曽根,591-8025,大阪府堺市北区長曽根町713番地の2,北区,072-259-0010,072-259-2941,生活介護,2716500745,平成24年4月1日,なし,あり,なし,なし
特定非営利活動法人 あいらぶ,あいらぶ作業所,591-8032,大阪府堺市北区百舌鳥梅町一丁19番6号,北区,072-240-0222,072-259-4800,生活介護,2716500315,平成19年4月1日,あり,あり,なし,あり
特定非営利活動法人あのね工房,あのね工房,591-8032,大阪府堺市北区百舌鳥梅町三丁15番9号,北区,072-275-4900,072-275-4901,生活介護,2716500687,平成23年11月1日,あり,あり,なし,あり
株式会社香川,千晴デイサービス,591-8034,大阪府堺市北区百舌鳥陵南町三丁400番地5,北区,072-267-4116,072-267-4116,生活介護,2716502089,令和6年2月1日,あり,あり,なし,あり
株式会社はな来楽部,地域活動 はな来楽部,591-8037,大阪府堺市北区百舌鳥赤畑町一丁28番地6 グランディール三国ヶ丘101号室,北区,072-251-8753,072-251-8751,生活介護,2716501966,令和5年4月1日,あり,あり,なし,あり
株式会社はな来楽部,地域生活 はな来楽部,591-8037,大阪府堺市北区百舌鳥赤畑町二丁79番地1,北区,072-258-8700,072-258-8710,生活介護,2716502105,令和6年4月1日,あり,あり,なし,あり
特定非営利活動法人 福祉創造スペース貘の家,福祉創造スペース貘の家,591-8037,大阪府堺市北区百舌鳥赤畑町二丁48番 カーサ三国ヶ丘103号,北区,072-256-7221,072-256-7221,生活介護,2716500497,平成22年4月1日,あり,あり,なし,あり
特定非営利活動法人 明,百舌鳥あったか,591-8037,大阪府堺市北区百舌鳥赤畑町二丁94番1,北区,072-267-4521,072-267-4523,生活介護,2716501560,平成31年3月1日,あり,あり,なし,あり
特定非営利活動法人プリエール,福祉ネコハウスプリエール,591-8037,大阪府堺市北区百舌鳥赤畑町五丁432番地2,北区,072-254-1162,072-220-0850,生活介護,2716501420,平成30年10月1日,あり,あり,なし,あり
株式会社 スマイルケアサポート,チルチル,591-8043,大阪府堺市北区北長尾町六丁3-27,北区,072-260-9666,072-260-9667,生活介護,2716501909,令和4年11月1日,あり,あり,なし,あり
ＮＰＯ法人 バーナビーカレッジ,バーナビーカレッジ,591-8004,大阪府堺市北区蔵前町二丁15-32,北区,072-257-7703,072-257-7704,自立訓練（生活訓練）,2716501339,平成28年10月1日,なし,あり,なし,あり
ＮＰＯ法人 バーナビーカレッジ,バーナビーカレッジ,591-8004,大阪府堺市北区蔵前町二丁15-32,北区,072-257-7703,072-257-7704,就労移行支援（一般型）,2716501339,令和3年4月1日,なし,あり,なし,あり
ＲＥＴＲＩＥＶＥ ＨＯＵＳＥ株式会社,リトハウス中百舌鳥,591-8023,大阪府堺市北区中百舌鳥町五丁660番地1 スタツィオーネ中百舌鳥201・202号室,北区,072-257-7077,072-257-7078,就労移行支援（一般型）,2716501610,令和元年8月1日,あり,あり,なし,あり
一般社団法人 ＢＰ,ＢＰ事業所,591-8023,大阪府堺市北区中百舌鳥町一丁95-22,北区,072-240-0681,072-240-0682,就労移行支援（一般型）,2716501602,令和元年7月1日,あり,あり,なし,あり
株式会社ジニア,ジニア,591-8031,大阪府堺市北区百舌鳥梅北町一丁8番2号 新栄プロパティ三国ヶ丘2階、302号室,北区,072-247-8281,072-247-8281,就労移行支援（一般型）,2716502014,令和5年8月1日,あり,あり,なし,あり
合同会社はなさく,ＳＰＯＴＬＡＢ堺,591-8022,大阪府堺市北区金岡町523番地1,北区,072-275-9003,072-275-9004,就労継続支援（Ａ型）,2716502022,令和6年8月1日,なし,あり,なし,あり
ＫＩＴＥＮ株式会社,ＫＩＴＥＮ,591-8002,大阪府堺市北区北花田町三丁17番地18,北区,072-242-8008,,就労継続支援（Ｂ型）,2716502162,令和6年10月1日,なし,あり,なし,あり
株式会社 オールアッセン,ユーアンド,591-8003,大阪府堺市北区船堂町二丁4番6号,北区,072-268-2230,072-275-6345,就労継続支援（Ｂ型）,2716501917,令和4年11月1日,あり,あり,なし,あり
株式会社オールアッセン,ｙｏｕ ａｎｄ,591-8003,大阪府堺市北区船堂町二丁5番12号,北区,072-275-7997,072-275-7599,就労継続支援（Ｂ型）,2716502071,令和5年12月1日,あり,あり,なし,あり
社会福祉法人 こだま福祉会,障がい者作業所こだま,591-8008,大阪府堺市北区東浅香山町二丁251番地1,北区,072-252-3801,072-247-7510,就労継続支援（Ｂ型）,2716500422,平成21年1月1日,あり,あり,なし,なし
社会福祉法人コスモス,第２ほくぶ障害者作業所,591-8011,大阪府堺市北区南花田町532番地3,北区,072-254-3292,072-254-3292,就労継続支援（Ｂ型）,2716500737,平成20年4月1日,あり,あり,なし,あり
一般社団法人しぇいくはんず,じょいん,591-8021,大阪府堺市北区新金岡町五丁5番110号,北区,072-246-9243,072-246-9408,就労継続支援（Ｂ型）,2716501495,平成30年4月1日,なし,あり,なし,あり
一般社団法人日本福祉会,こころね,591-8021,大阪府堺市北区新金岡町五丁9番116号,北区,072-245-9874,072-245-9875,就労継続支援（Ｂ型）,2716501412,平成29年8月1日,あり,あり,なし,あり
株式会社 五大,アトラス新金岡,591-8021,大阪府堺市北区新金岡町五丁7番711号,北区,072-255-3138,072-255-3137,就労継続支援（Ｂ型）,2716501743,令和3年6月1日,あり,あり,なし,あり
株式会社ＨＩＴ’Ｓ－Ｖ,にじげん新金岡,591-8021,大阪府堺市北区新金岡町五丁1-1 フレスポしんかな 3F・3-1②区画,北区,072-275-8499,072-275-8599,就労継続支援（Ｂ型）,2716502113,令和6年4月1日,なし,なし,なし,あり
合同会社はなさく,ＳＰＯＴＬＡＢ堺,591-8022,大阪府堺市北区金岡町523番地1,北区,072-275-9003,072-275-9004,就労継続支援（Ｂ型）,2716502022,令和5年9月1日,なし,あり,なし,あり
一般社団法人 ＢＰ,ＢＰ事業所,591-8023,大阪府堺市北区中百舌鳥町一丁95-22,北区,072-240-0681,072-240-0682,就労継続支援（Ｂ型）,2716501602,令和元年7月1日,あり,あり,なし,あり
特定非営利活動法人陽光会,就労支援事業所りーふ,591-8023,大阪府堺市北区中百舌鳥町六丁998番地の3 1階、2階,北区,072-254-7800,072-254-7801,就労継続支援（Ｂ型）,2716500562,平成30年5月1日,あり,あり,なし,あり
株式会社 すまいる・ポッケ,りあん・クールなかもず,591-8024,大阪府堺市北区黒土町3002-24,北区,072-252-1635,072-252-1635,就労継続支援（Ｂ型）,2716501214,平成28年2月1日,なし,あり,なし,あり
株式会社 ハッピー,ハッピー作業所,591-8025,大阪府堺市北区長曽根町1679番地2-B,北区,072-256-3000,072-256-3030,就労継続支援（Ｂ型）,2716501735,令和3年6月1日,あり,あり,なし,あり
株式会社グランディーユ,レゾナンス,591-8025,大阪府堺市北区長曽根町183-5 堺市産業振興センター内,北区,072-257-7420,072-257-7420,就労継続支援（Ｂ型）,2716501925,令和5年1月1日,あり,あり,なし,あり
合同会社 トランスーノア,ビフレスト,591-8025,大阪府堺市北区長曽根町1660-1,北区,072-253-9307,072-253-9308,就労継続支援（Ｂ型）,2716100462,平成19年11月1日,あり,あり,なし,あり
合同会社 ラッシュプレミア,優作業所,591-8025,大阪府堺市北区長曽根町3046-14,北区,072-269-4400,072-269-4421,就労継続支援（Ｂ型）,2716501842,令和4年9月1日,なし,あり,なし,あり
特定非営利活動法人アース,アース作業所,591-8025,大阪府堺市北区長曽根町1679-2,北区,072-256-5000,072-257-0007,就労継続支援（Ｂ型）,2716500844,平成24年12月1日,あり,あり,なし,あり
株式会社ジニア,ジニア,591-8031,大阪府堺市北区百舌鳥梅北町一丁8番2号 新栄プロパティ三国ヶ丘2階、302号室,北区,072-247-8281,072-247-8281,就労継続支援（Ｂ型）,2716502014,令和5年8月1日,あり,あり,なし,あり
特定非営利活動法人フィロソフィひまわり,Willひまわり,591-8031,大阪府堺市北区百舌鳥梅北町五丁253番地15,北区,072-250-7722,072-250-7722,就労継続支援（Ｂ型）,2716500786,平成24年5月1日,あり,あり,なし,あり
社会福祉法人 たんぽぽひろば,ワラビーズ,591-8032,大阪府堺市北区百舌鳥梅町三丁20番地10 澤ビル,北区,072-252-4802,072-256-4880,就労継続支援（Ｂ型）,2716500554,平成22年11月1日,なし,なし,なし,あり
特定非営利活動法人 あいらぶ,ありす作業所,591-8032,大阪府堺市北区百舌鳥梅町一丁19番21号,北区,072-257-1711,072-259-4800,就労継続支援（Ｂ型）,2716500869,平成25年3月1日,あり,あり,なし,あり
特定非営利活動法人 ここいろ,キャンバス,591-8032,大阪府堺市北区百舌鳥梅町三丁1番地3 牧原ビル2-2号室,北区,072-240-1616,072-240-1626,就労継続支援（Ｂ型）,2716501024,平成26年4月1日,なし,あり,なし,あり
特定非営利活動法人あのね工房,あのね工房,591-8032,大阪府堺市北区百舌鳥梅町三丁15番9号,北区,072-275-4900,072-275-4901,就労継続支援（Ｂ型）,2716500687,平成23年11月1日,あり,あり,なし,あり
特定非営利活動法人ソーシャルハウスさかい,じょぶるん,591-8032,大阪府堺市北区百舌鳥梅町三丁27-2,北区,072-323-6630,072-323-6622,就労継続支援（Ｂ型）,2716501388,平成29年4月1日,なし,なし,なし,あり
株式会社 国際グループ,ｔｈｅ ＳＯＵＰ,591-8033,大阪府堺市北区百舌鳥西之町三丁668 2階,北区,072-279-0820,072-279-0835,就労継続支援（Ｂ型）,2716501826,令和4年8月1日,あり,あり,なし,あり
特定非営利活動法人 フィロソフィひまわり,ＷｉＬＬひまわりⅡ,591-8033,大阪府堺市北区百舌鳥西之町二丁552番地1,北区,072-250-7722,072-250-7722,就労継続支援（Ｂ型）,2716501792,令和4年4月1日,あり,あり,なし,あり
クローバー合同会社,キャットハウス,591-8034,大阪府堺市北区百舌鳥陵南町三丁187番地 ロリアン陵南2-1号,北区,072-277-5645,072-277-5646,就労継続支援（Ｂ型）,2716502121,令和6年5月1日,あり,あり,なし,あり
特定非営利活動法人プリエール,福祉ネコハウス プリエール,591-8037,大阪府堺市北区百舌鳥赤畑町五丁432番地2,北区,072-254-1162,072-220-0850,就労継続支援（Ｂ型）,2716501420,平成29年7月1日,なし,あり,なし,あり
ＡｌｌｙＴｈｅＬｕｃｋ 合同会社,Ｓｙｎｅｒｇｙ,591-8041,大阪府堺市北区東雲東町三丁6-20 リンショウマンション,北区,072-247-9994,06-7739-5316,就労継続支援（Ｂ型）,2716501685,令和3年1月1日,あり,あり,なし,あり
特定非営利活動法人 栄友社,えーゆーホーム,587-0011,大阪府堺市美原区丹上406-1,美原区,072-294-6521,072-294-6531,生活介護,2716600149,平成26年11月1日,なし,あり,なし,あり
ＮＰＯ法人パワーウエスト,ほんまちライフひこぼし,587-0012,大阪府堺市美原区多治井105番地3,美原区,072-288-6900,072-288-6900,生活介護,2716600206,平成30年12月1日,あり,あり,なし,あり
社会福祉法人 嘉誠会,ワークセンターヴァンサンクつつじ,587-0021,大阪府堺市美原区小平尾953,美原区,072-369-7224,072-369-7225,生活介護,2716600248,令和3年4月1日,なし,あり,なし,あり
合同会社 はなさく,やまぼうし作業所,587-0022,大阪府堺市美原区平尾20番地1,美原区,072-349-7747,072-363-8874,生活介護,2716600230,令和2年8月1日,あり,あり,なし,あり
合同会社はなさく,はなみずき作業所,587-0022,大阪府堺市美原区平尾20-5,美原区,072-363-8880,072-363-8874,生活介護,2716600396,令和6年8月1日,あり,あり,なし,あり
特定非営利活動法人 つなげよう福祉会,スマイルランドひのき,587-0051,大阪府堺市美原区北余部15番1,美原区,072-362-2750,072-362-2758,生活介護,2716600297,令和4年5月1日,あり,あり,なし,あり
シンスリー 株式会社,シンスリー北野田（シンスリー太子事業所）,583-0995,大阪府南河内郡太子町太子122-1,南河内郡太子町,0721-69-8083,0721-69-5583,就労継続支援（Ｂ型）,2716200577,令和3年2月1日,あり,あり,なし,あり
株式会社 華舞,Ｈｏｐｅ,587-0002,大阪府堺市美原区黒山425番地7,美原区,072-369-4427,072-369-4437,就労継続支援（Ｂ型）,2716600321,令和4年12月1日,あり,あり,なし,あり
社会福祉法人 嘉誠会,ワークセンターヴァンサンクつつじ,587-0021,大阪府堺市美原区小平尾953,美原区,072-369-7224,072-369-7225,就労継続支援（Ｂ型）,2716600248,令和3年4月1日,なし,あり,なし,あり
特定非営利活動法人 えん,サニーハウス,587-0051,大阪府堺市美原区北余部76番地の3,美原区,072-362-8620,072-362-8620,就労継続支援（Ｂ型）,2716600123,平成25年4月1日,なし,あり,なし,あり
株式会社 大望,ａｎｎ・ＡＱＵＡ ＦＡＲＭ,587-0061,大阪府堺市美原区今井76番地1,美原区,072-349-3731,072-349-3732,就労継続支援（Ｂ型）,2716600115,平成25年3月1日,あり,あり,なし,あり
有限会社ラッセル,ふくろうの家,587-0063,大阪府堺市美原区大饗100-1,美原区,072-231-9223,072-231-9994,就労継続支援（Ｂ型）,2716600354,令和6年2月1日,あり,あり,なし,あり