事業所番号,事業所名称,TEL,FAX,事業所郵便番号,事業所所在地,申請者,児,定員,居,放,定員,保,備考,,
2751120037,ほっとスペースあん,072-433-3907,072-433-3907,596-0047,大阪府岸和田市上野町東13番10号三八ビル１階Ｂ号室,特定非営利活動法人まんまる,,,,●,10,,,大阪府岸和田市,0
2751120045,ＣｏＣｏ,072-433-2822,072-433-2823,596-0823,大阪府岸和田市下松町一丁目11番７号,ボンズ株式会社,●,10,,●,10,,,大阪府岸和田市,0
2751120052,はなはな,072-441-1308,072-441-3825,596-0102,大阪府岸和田市山直中町875番地,社会福祉法人いずみ野福祉会,,,,●,10,,,大阪府岸和田市,0
2751120086,放課後等デイサービスこまつり,072-448-6617,072-443-6639,596-0821,大阪府岸和田市小松里町911-１,社会福祉法人光生会,,,,●,10,,,大阪府岸和田市,0
2751120102,放課後等デイサービスなう,072-457-1361,072-457-1993,596-0826,大阪府岸和田市作才町1180番地１階,株式会社晴友,●,10,,●,10,,,大阪府岸和田市,0
2751120128,児童デイサービスばらの木,072-447-6960,072-447-6961,596-0001,大阪府岸和田市磯上町一丁目14番23号,株式会社百花,●,10,,●,10,,,大阪府岸和田市,0
2751120144,キッズハウスなごみ家,072-468-6960,072-468-6961,596-0831,大阪府岸和田市畑町四丁目１番16号,アプリコットマネジメント株式会社,●,10,,●,10,,,大阪府岸和田市,0
2751120151,運動＆学習療育あなたが宝モノ　岸和田堺町教室,072-433-1231,072-433-1241,596-0072,大阪府岸和田市堺町１番38号大起ビル３Ｆ,株式会社いのちの木,●,10,,●,10,●,,大阪府岸和田市,0
2751120177,ジェイキッズきりん,072-477-3535,072-457-5493,596-0825,大阪府岸和田市土生町2475-22,株式会社ジェイケア,●,10,,●,10,,,大阪府岸和田市,0
2751120185,こどもランドなっつ,072-443-2261,072-443-2263,596-0816,大阪府岸和田市尾生町1188番地の１,株式会社ＮＵＴＳドリーム,●,10,,●,10,,,大阪府岸和田市,0
2751120193,児童デイサービスばらの木アネックス,072-447-6088,072-447-6089,596-0045,大阪府岸和田市別所町二丁目３番２号,株式会社百花,●,10,,●,10,,,大阪府岸和田市,0
2751120201,放課後デイサービスつじい,072-479-4182,072-479-4183,596-0816,大阪府岸和田市尾生町三丁目３番50号,株式会社文衛門,●,10,,●,10,,,大阪府岸和田市,0
2751120219,放課後デイサービス・ふれあい泉,072-440-2752,072-440-2753,596-0002,大阪府岸和田市吉井町二丁目12番21号,特定非営利活動法人ふれあい泉,,,,●,10,,,大阪府岸和田市,0
2751120227,こどもハウスだんぼ,072-493-8326,072-493-8327,596-0814,大阪府岸和田市岡山町220番地の２,株式会社ＮＵＴＳドリーム,☆,5,,☆,5,,,大阪府岸和田市,0
2751120243,アリス,072-479-5670,072-479-5671,596-0823,大阪府岸和田市下松町三丁目４番１号Ａ棟102号、104号、105号,合同会社アーリーケア,●,10,,●,10,,,大阪府岸和田市,0
2751120268,キッズハウスなごみ家土生,072-428-7550,072-428-7553,596-0825,大阪府岸和田市土生町九丁目11番11号,アプリコットマネジメント株式会社,●,10,,●,10,,,大阪府岸和田市,0
2751120276,児童福祉サービスＬａｒｉｍａｒ Arch,072-443-1331,072-443-1332,596-0003,大阪府岸和田市中井町二丁目８番31号,ＮＰＯ法人児童福祉サービスＬａｒｉｍａｒ,,,,●,10,,,大阪府岸和田市,0
2751120284,発達支援教室レッツ,072-477-5974,050-3730-7560,596-0823,大阪府岸和田市下松町三丁目５番11号,一般社団法人ライトアップ,,,,●,10,●,,大阪府岸和田市,0
2751120318,児童発達支援・放課後等デイサービスＨＵＧＳ,072-430-1160,072-430-1161,596-0047,大阪府岸和田市上野町東10番39号１階,株式会社オキシテック,●,10,,●,10,,,大阪府岸和田市,0
2751120334,多機能型事業所　子どもの森,072-424-2872,072-424-2872,596-0805,大阪府岸和田市田治米町13番地の４,一般社団法人子どもの森,●,10,●,●,10,●,,大阪府岸和田市,0
2751320140,児童発達支援・放課後等デイサービス陽（ひなた）,072-438-2275,072-438-2275,596-0056,大阪府岸和田市北町10番7号,株式会社藤企画,●,10,,●,10,,,大阪府岸和田市,0
2751120342,清流の家　岸和田,072-420-0020,072-420-0021,596-0827,大阪府岸和田市上松町457－１,合同会社哲人社,●,10,,●,10,,,大阪府岸和田市,0
2751120367,進学＆就職支援あなたが宝モノ岸和田沼町教室,072-433-5266,072-433-5277,596-0053,大阪府岸和田市沼町18番1号川長ビル２F,株式会社いのちの木,●,10,,●,10,,,大阪府岸和田市,0
2751120375,児童デイサービスくれよん下池田,072-441-1717,072-441-1919,596-0811,大阪府岸和田市下池田町一丁目６番17号,有限会社サプラス,●,10,,●,10,,,大阪府岸和田市,0
2751120383,放課後児童デイサービスくれよん,072-448-6611,072-448-6612,596-0821,大阪府岸和田市小松里町874番地３,有限会社サプラス,●,10,,●,10,,,大阪府岸和田市,0
2751320181,放課後等デイサービス　なごみ家,072-479-8905,072-479-8906,596-0825,大阪府岸和田市土生町2286番地,アプリコットマネジメント株式会社,●,10,,●,10,,,大阪府岸和田市,0
2751120409,MIND  after  school,072-415-2183,072-415-2183,596-0826,大阪府岸和田市作才町1162番地の１シンエイビル6階,株式会社MIND,●,10,,●,10,,,大阪府岸和田市,0
2751120425,放課後等デイサービス・児童発達支援　ひなたきっず,０７２－４３７－１０１１,０７２－４３７－１０１１,５９６－００３５,大阪府岸和田市春木泉町10番33号　宮城ビル１階,株式会社スズヤ,●,10,,●,10,,,大阪府岸和田市,0
2751120433,児童発達支援・放課後等デイサービスＯｈａｎａ・Pono,０７２－４９６－６７８２,０７２－４９６－６７８２,５９６－００２３,大阪府岸和田市八幡町１番10号１階,合同会社Ohana,●,10,,●,10,,,大阪府岸和田市,0
2751120441,児童デイサービス　パピプケア,072-493-4140,072-493-4141,596-0823,大阪府岸和田市下松町5062番地,株式会社The First,●,10,,,,,,大阪府岸和田市,0
2751120466,フタール岸和田,072-430-3110,072-430-3111,596-0045,大阪府岸和田市別所町一丁目14番28号　Ｋ・ル・フタールビル３階・５階,株式会社アップサポート,●,10,,●,10,,,大阪府岸和田市,0
2751120482,児童デイサービス　こもっこ　岸和田,072-479-8842,072-479-8843,596-0821,大阪府岸和田市小松里町2076番,株式会社　栄拓,☆,5,,☆,5,,,大阪府岸和田市,0
2751120474,ファーストクラス久米田校,072-441-2361,072-441-2361,596-0812,大阪府岸和田市大町475番地の19久米田ショッピングセンター201号室,株式会社フルスイングリージェンシー,●,10,,●,10,,,大阪府岸和田市,0
2751120490,ふりすくもーど,072-445-8822,072-445-8811,596-0813,大阪府岸和田市池尻町211,株式会社ミヤシタ,●,10,,●,10,,,大阪府岸和田市,0
2751120508,清流の家　春木,072-430-5101,072-430-5102,596-0006,大阪府岸和田市春木若松町３番27号,合同会社哲人社,●,10,,●,10,,,大阪府岸和田市,0
2751120516,児童発達支援・放課後等デイサービス　ＧＯ,072-489-5905,072-489-5905,596-0004,大阪府岸和田市荒木町二丁目５番２号　Ｍ’ｓビル４階401号室,合同会社Ｇｒｏｗｔｈ　Ｏｒｉｅｎｔｅｄ,●,10,,●,10,,,大阪府岸和田市,0
2751120524,児童デイサービスｍａｆａ,072-474-4654,072-474-5649,596-0044,大阪府岸和田市西之内町７番21号１階,株式会社ＩＴＯＳＡ,☆,5,,☆,5,,,大阪府岸和田市,0
2751120532,放課後等デイサービス　ピリナ,090-8846-0939,072-441-4439,596-0003,大阪府岸和田市中井町三丁目18番25号,合同会社カピリナ,●,10,,●,10,,,大阪府岸和田市,0
2751120540,ウルぱあに,072-439-9578,072-468-9658,596-0825,大阪府岸和田市土生町三丁目14番27号川口ビル２Ｆ,株式会社ａｓｏｂｉｌ,●,10,,●,10,,,大阪府岸和田市,0
2751120557,こどもパークゆめっこ,072-436-1165,072-493-6594,596-0073,大阪府岸和田市岸城町28番36号,株式会社NUTSドリーム,☆,5,,☆,5,,,大阪府岸和田市,0
2751120565,放課後等デイサービスＯＲＡＮＧＥ,072-489-5885,072-489-5553,596-0821,大阪府岸和田市小松里町2416番地,株式会社ビロー,●,10,,●,10,,,大阪府岸和田市,0
2751120573,ちびこば岸和田,072-493-4021,072-493-4022,596-0002,大阪府岸和田市吉井町一丁目14番27号,株式会社大阪やまと,,,,●,10,,,大阪府岸和田市,0
2751120581,ぽけっと,072-477-2037,072-477-2037,596-0825,大阪府岸和田市土生町六丁目４番44号,株式会社ペタゴー,,,,●,10,,,大阪府岸和田市,0
2751120599,重心・医ケア児専門　児童デイサービス　ひなたぼっこ,072-475-1110,072-475-1110,596-0035,大阪府岸和田市春木泉町16番９号,株式会社スズヤ,☆,5,,☆,5,,,大阪府岸和田市,0
2751120607,児童発達支援・放課後等デイサービス　Ｂａｍｂｉｎｏ,０７２‐４８９‐５５２７,０７２‐４８９‐５５２７,５９３－０８２１,大阪府岸和田市小松里町2137番地,株式会社ＶＩＸＴ,●,10,,●,10,,,大阪府岸和田市,0
2751120615,岸和田こども総合支援研究所　こころＢＬＩＳＳ,072-443-0555,072-443-0557,596-0821,大阪府岸和田市小松里町325番７の２　２階,特定非営利活動法人地域福祉創造協会ウインク,●,10,,●,10,●,,大阪府岸和田市,0
2751120623,ファーストクラス岸和田駅前校,072-488-7733,072-488-7758,596-0054,大阪府岸和田市宮本町18番７号ＳＡＫＵＲＡビル３階301号室,株式会社フルスイングリージェンシー,●,10,,●,10,,,大阪府岸和田市,0
2751120631,ＨＡｈａｈａ スマイル,072-489-6233,072-489-6244,596-0825,大阪府岸和田市土生町五丁目３番29号　第一フジコーマンション５Ａ－１,株式会社Ｄｅａｒ　ｃｈｉｌｄｒｅｎ,,,,,,●,,大阪府岸和田市,0
2752520029,はっぴーすまいる,072-751-8234,072-751-8234,563-0021,大阪府池田市畑一丁目５番29号,合同会社はっぴーすまいる,,,,●,10,,,大阪府池田市,0
2752520037,ゴールデンハウス,072-750-0303,072-750-0505,563-0024,大阪府池田市鉢塚一丁目８番２号,株式会社泰らぎ,●,10,,●,10,,,大阪府池田市,0
2752520045,スマイルファクトリー,072-751-1145,072-751-6881,563-0017,大阪府池田市伏尾台二丁目11番地,特定非営利活動法人トイボックス,●,10,,●,10,,,大阪府池田市,0
2752520052,児童発達支援・放課後等デイサービスＯｈａｎａ（オハナ）,072-734-8784,072-734-8774,563-0042,大阪府池田市宇保町７番１号,一般社団法人ＣＬＣ　Ｏｈａｎａ,●,10,,●,10,,,大阪府池田市,0
2752520060,やわらソレイユ,072-760-4302,072-760-4301,563-0032,大阪府池田市石橋二丁目14番11号１階,株式会社ワイズトライン,☆,5,,☆,5,●,,大阪府池田市,0
2752520094,デイサービスＳunはーと,072-702-3577,072-702-3566,563-0033,"大阪府池田市住吉一丁目14番25号103号,203号",合同会社Ｓunはーと,●,10,,●,10,,,大阪府池田市,0
2752520128,Ｏｈａｎａ緑丘,072-736-9757,072-736-9757,563-0026,大阪府池田市緑丘一丁目７番21号,一般社団法人ＣＬＣ　Ｏｈａｎａ,,,,●,10,,,大阪府池田市,0
2752520144,スポーツとまなびのひろばＳＡＩＹＯ池田校,072-752-3313,072-752-3313,563-0025,大阪府池田市城南一丁目３番21号豊岡ビル２Ｆ,特定非営利活動法人ＳＡＩＹＯ,,,,●,10,,,大阪府池田市,0
2752520169,Ｒ．Ｅ．Ａ．Ｄ．Ｄ．,072-752-0001,072-752-0002,563-0058,大阪府池田市栄本町４番24号,一般社団法人Ｒ．Ｅ．Ａ．Ｄ．Ｄ．,●,10,,●,10,●,,大阪府池田市,0
2752520177,ＭＯＭＢ池田,072-753-0807,072-753-0808,563-0043,大阪府池田市神田一丁目32番17号　Bellino　１Ｂ号,株式会社ネクステム,●,10,,●,10,,,大阪府池田市,0
2752520185,はっぴーすてっぷ,072-747-2480,072-786-6331,563-0022,大阪府池田市旭丘一丁目８番16号旭丘プラザ102号室,合同会社はっぴーすまいる,●,10,,●,10,,,大阪府池田市,0
2752520193,ぶるーべりー石橋,072-737-9225,072-737-9203,563-0033,大阪府池田市住吉一丁目14番23号１階ベルクサイト101号室,株式会社Ｕｎited　Ｐｏｗｅｒｓ,,,,●,10,,,大阪府池田市,0
2752520201,ｃｏｃｏｒｏ,072-736-8514,072-736-8515,563-0021,大阪府池田市畑五丁目１番20号,株式会社ＧＲＯＷＳ,☆,5,,☆,5,,,大阪府池田市,0
2752520219,ウキウキはなさく石橋教室,072-761-8739,072-761-8734,563-0023,大阪府池田市井口堂一丁目６番19号マエシカ井口堂店舗１F,株式会社はなさく,●,10,,●,10,●,,大阪府池田市,0
2752520235,ステップ池田,072-751-1555,072-739-7595,563-0042,大阪府池田市宇保町９番21号,株式会社アーバンホープ,●,10,,●,10,,,大阪府池田市,0
2752520243,児童発達支援・放課後等デイサービスｃｏｒｅ　ｋｉｄｓ,072-734-6166,072-734-6166,563-0055,大阪府池田市菅原町11番４号　ＢＥＮＩＹＡⅡ２階・３階,株式会社メディカル・ハンド,●,10,,●,10,,,大阪府池田市,0
2752520250,ながれぼし,072-760-0055,072-760-0055,563-0033,大阪府池田市住吉二丁目６番17号TNG住吉ビル１Ｆ,株式会社HAKOBUNE,●,10,,●,10,,,大阪府池田市,0
2752520284,ぶるーべりー池田,072-768-8661,072-768-8654,563-0031,大阪府池田市天神一丁目３番12号,株式会社United Powers,●,10,,,,●,,大阪府池田市,0
2752520292,ハーティワン桃園,072-737-4836,072-767-9717,563-0045,大阪府池田市桃園一丁目7番18号スプリングリバーⅡ101,有限会社三宮企画,●,10,,●,10,●,,大阪府池田市,0
2752520300,放課後等デイサービス　わんダフル,072-736-9550,072-736-9552,563-0033,大阪府池田市住吉一丁目４番３号　長澤マンション101号室,株式会社Peak River,●,10,,●,10,,,大阪府池田市,0
2752520318,ＫＯＫＯＩＲＯ,０７０－８９６２-1788,,563-0025,大阪府池田市城南三丁目２番13号シャーメゾンラピス１階,合同会社ＨａｌｅＮａｌｕ,●,10,,●,10,,,大阪府池田市,0
2752520326,ドレミファソライズＦＣ池田,０７２-737-6889,０７２-737-6889,５６３－００３８,大阪府池田市荘園二丁目１番４号,昇岩株式会社,●,10,,●,10,,,大阪府池田市,0
2752520334,るる,０７２－７３４－７５１８,０７２－７３４－７５１８,563-0032,大阪府池田市石橋一丁目23番13-101号,知音株式会社,●,10,,●,10,,,大阪府池田市,0
2752520342,ハーティワンおりいぶ,０７２－７４４－２１６６,０７２－７４－２１６７,563-0058,大阪府池田市栄本町９番６号　２階・３階・４階,有限会社三宮企画,●,10,,●,10,,,大阪府池田市,0
2752520359,フォレストキッズ池田教室,072-735-7750,072-735-７７80,563-0025,大阪府池田市城南一丁目２番２号コンフォートプレイス１階,アサヒ産業株式会社,●,10,,,,,,大阪府池田市,0
2752520367,キックオフ,072-774-4602,072-702-4432,563-0059,大阪府池田市西本町６番17号メゾンクレール201号室,株式会社グッドサポート,●,10,,●,10,,,大阪府池田市,0
2752520375,レコルダＣラボ,072-768-8725,072-768-8726,563-0025,大阪府池田市城南一丁目４番４号　松村事務所　２階１号室,クレイススキルスラボ株式会社,●,10,,●,10,,,大阪府池田市,0
2752520383,コアキッズ・ケア,072-737-7039,072-737-7049,563-0055,大阪府池田市菅原町１番14号,株式会社メディカル・ハンド,☆,5,,☆,5,,,大阪府池田市,0
2752520391,ＭＯＭＢ石橋,072-737-8265,072-737-8266,563-0032,大阪府池田市石橋三丁目1番21号モンジット1階,株式会社ネクステム,,,,●,10,,,大阪府池田市,0
2752520409,明武館療育クラブ,072-762-1101,072-762-1120,563-0032,大阪府池田市石橋二丁目１４番１１号,株式会社明武館,●,10,,●,10,,,池田市,30
2752520417,放課後等デイサービスＨＡＲＵ池田,072-737-7121,072-707-2604,563-0023,大阪府池田市井口堂一丁目９番26号　アーユス井口堂西棟２階２号室,株式会社シーシー,,,,●,10,,,大阪府池田市,1
2752520425,あん放課後等デイサービス,０８０‐3858‐5055,072-746-9692,563-0022,大阪府池田市旭丘一丁目11番19号東光ビル１階,株式会社グレイス,●,10,,●,10,,,大阪府池田市,1
2752520433,児童発達支援・放課後等デイサービス　ソラーレ神田,０７２－７３６－８０８９,０７２－７３６－８０８９,563-0043,大阪府池田市神田二丁目17番６号,株式会社スタジオＤ＆Ｈ,●,10,,●,10,,,大阪府池田市,1
2752520441,児童発達支援・放課後等デイサービス　ここふる,072-739-6158,072-739-6159,563-0024,大阪府池田市鉢塚三丁目15番２号メゾンさつき１階106号室,株式会社めぐみ,☆,5,,☆,5,,,大阪府池田市,1
2752520458,ＮＰＯ法人つぼみ,090-7962-7570,-,563-0032,大阪府池田市石橋二丁目13番29号２階,ＮＰＯ法人つぼみ,●,10,,●,10,●,,大阪府池田市,1
2752520466,ワナビー城南,072-768-8184,072-768-8184,563-0025,大阪府池田市城南一丁目９番22号ＡＸＩＳ池田グリーンプラザⅠ　２Ｆ－Ｄ,株式会社ミヤビコーポレーション,●,10,,●,10,●,,大阪府池田市,1
2752520474,多機能型事業所Ｇｏｏｔｅｌａ,072-737-5381,072-737-5382,563-0031,大阪府池田市天神一丁目10番19号,株式会社Ｇｏｏｔｅｌａ,●,10,,●,10,,,大阪府池田市,1
2752520482,療育センターエコルド,072-735-7332,072-735-7442,563-0032,大阪府池田市石橋三丁目１番11号大空第２ビル１階、３階,Ｄ＆Ｉ株式会社,●,20,,●,10,●,,大阪府池田市,1
2752520490,エントランス　リバティ　池田教室,072-737-6165,072-737-9147,563-0025,大阪府池田市城南二丁目２番１号ハイツ木下１階103号,株式会社フューチャージニアス,●,10,,●,10,,,大阪府池田市,1
2752520508,ＫＯＫＯＩＲＯ　ＰＡＧＥ,072-776-1791,050-3488-7960,563-0023,大阪府池田市井口堂一丁目２番２号ラヴィータ石橋阪大前101号室,合同会社ＨａｌｅＮａｌｕ,●,10,,●,10,●,,大阪府池田市,1
2752520516,これからも石橋阪大前,090-7466-9121,,563-0032,大阪府池田市石橋二丁目17番12号杉山ビル201号室,一般社団法人これからも,●,10,,●,10,,,大阪府池田市,41
2752520524,るるｐｌｕｓ,072-734-7518,072-734-7518,563-0038,大阪府池田市荘園二丁目１番４号,知音株式会社,●,10,,●,10,,,池田市,42
2750620011,ILIS　CLUB泉大津,0725-22-6650,0725-22-6651,595-0024,大阪府泉大津市池浦町一丁目２番18号,株式会社アイリス,●,10,,●,10,,,大阪府泉大津市,0
2750620029,ファンタジー,0725-58-6561,0725-58-6562,595-0024,大阪府泉大津市池浦町四丁目８番18号,株式会社アイエム,●,10,,●,10,,,大阪府泉大津市,0
2750620086,清流の家　泉大津,0725-23-2760,0725-23-2770,595-0071,大阪府泉大津市助松町二丁目４番10号,合同会社哲人社,●,10,,●,10,,,大阪府泉大津市,0
2750620094,児童発達支援・放課後等デイサービスろはすの家,0725-31-3100,0725-31-3200,595-0015,大阪府泉大津市二田町一丁目20番19号,株式会社ＨＨＩ,●,7,,●,7,,,大阪府泉大津市,0
2750620169,さんＳＵＮアフタースクール泉大津,0725-20-6202,0725-20-6203,595-0043,大阪府泉大津市清水町１番40号,株式会社ＩＬＯ,●,10,,●,10,,,大阪府泉大津市,0
2750620177,はぐハウスⅡ,0725-92-8918,0725-92-8981,595-0071,大阪府泉大津市助松町三丁目１－25　ビーチマンションⅡ１階102号,ＩＯＳメディカルケア株式会社,☆,5,,☆,5,,,大阪府泉大津市,0
2750620250,運動学習支援教室　みらいずジュニア,0725-58-7533,0725-58-7534,595-0023,大阪府泉大津市豊中町二丁目14番９号豊中ビル１階・２階,社会福祉法人豊中福祉会,●,10,,●,10,,,大阪府泉大津市,0
2750620268,児童発達支援・放課後等デイサービス　ろはすの家　つぼみ,0725-31-3300,0725-31-3400,595-0015,大阪府泉大津市二田町三丁目４番15号,株式会社ＨＨＩ,●,10,,●,10,,,大阪府泉大津市,0
2750620276,ツリーハウス　泉大津教室,0725-99-8931,0725-99-8932,595-0024,大阪府泉大津市池浦町一丁目７番４号,今太木材株式会社,●,10,,●,10,,,大阪府泉大津市,0
2750620284,こどもサポートばんびーに,090-2705-1640,-,595-0013,大阪府泉大津市宮町10番5号,株式会社ＫＪＴ,●,10,,●,10,,,大阪府泉大津市,0
2750620300,児童発達支援　ぱぴぷ,0725-90-4110,0725-90-4118,595-0021,大阪府泉大津市東豊中町三丁目14番12号　新井ビル１階,株式会社Ｔｈｅ　Ｆｉｒｓｔ,●,10,,,,,,大阪府泉大津市,0
2750620318,ジャンプ泉大津,0725-24-0215,0725-24-0331,595-0014,大阪府泉大津市寿町14番１号,株式会社JUMP,●,10,,●,10,,,大阪府泉大津市,0
2750620334,あすなろ,０７２５－９９－８５１２,０７２５－９９－８５１３,595-0024,大阪府泉大津市池浦町二丁目14番27号,株式会社Ｏ－プランニング,●,10,,●,10,,,大阪府泉大津市,0
2750620359,ツリーハウスＳＴＵＤＹ　泉大津教室,0725-90-7582,0725-90-7528,595-0024,大阪府泉大津市池浦町一丁目７番４号,今太コミュニティーサービス株式会社,●,10,,●,10,,,大阪府泉大津市,0
2750620367,放課後デイサービス絆Ⅱ,0725-58-9460,0725-58-9461,595-00044,大阪府泉大津市千原町二丁目８番15号,太心合同会社,●,10,,●,10,,,大阪府泉大津市,0
2750620375,子どもデイサービス　サニー,0725-25-8127,0725-51-7588,595-0011,大阪府泉大津市曽根町三丁目９番30号,合同会社リレイション,●,10,,●,10,,,大阪府泉大津市,0
2750620383,ホップステップこっちゃん,0725-92-9972,0725-92-9972,595-0021,大阪府泉大津市東豊中町一丁目５番48号シンエイビル１階101号,株式会社藤花,●,10,,●,10,,,大阪府泉大津市,0
2750620391,ブロッサムジュニア　泉大津教室,０７２５－５８－８６１６,０７２５－５８－８６１７,595-0023,大阪府泉大津市豊中町二丁目９番１７号,株式会社ＴＯＰ,●,10,,●,10,,,大阪府泉大津市,0
2750520435,きっず・すくーるそら,0725-40-3512,0725-40-3513,595-0021,大阪府泉大津市東豊中町三丁目16番１号フラット・フィールド・オペレーションズビル２階,株式会社まほろば,●,10,,●,10,,,大阪府泉大津市,0
2750620409,放課後等デイサービス　オアシス,0725-90-4098,0725-90-4097,595-0006,大阪府泉大津市東助松町二丁目10番５号松内ビルⅡ１０１号室,一般社団法人福祉総合支援協会,,,,●,10,,,大阪府泉大津市,0
2750620417,ファーストステップ東助松,0725-51-7358,0725-51-7359,595-0006,大阪府泉大津市東助松町二丁目10番９号,株式会社Ｔｈｅ　Ｆｉｒｓｔ,●,10,,,,,,大阪府泉大津市,0
2751120458,スポーツアカデミー泉大津,0725-25-8517,0725-25-8517,595-0071,大阪府泉大津市助松町三丁目９番４０-106号,株式会社赤い糸,●,10,,●,10,,,大阪府泉大津市,0
2751320017,こどもデイケアいずみ自閉症児支援センター,072-421-3011,072-421-3011,597-0046,大阪府貝塚市東山二丁目1番1号,社会福祉法人三ヶ山学園,●,10,,●,10,,,大阪府貝塚市,0
2751320025,ほっこりの里,072-421-2222,072-421-2221,597-0105,大阪府貝塚市三ツ松1708番１,社会福祉法人ほっこり福祉会,●,10,,●,10,,,大阪府貝塚市,0
2751320033,みつばち加神アフタースクール,072-425-4066,072-425-4066,597-0071,大阪府貝塚市加神二丁目15番28号,特定非営利活動法人彩福祉会,,,,●,10,,,大阪府貝塚市,0
2751320041,児童福祉サービスＬａｒｉｍａｒ,072-433-3900,072-433-3915,597-0053,大阪府貝塚市地蔵堂１番地８,ＮＰＯ法人児童福祉サービスＬａｒｉｍａｒ,●,10,,●,10,,,大阪府貝塚市,0
2751320066,キッズ・タカギ,072-446-7808,072-446-7807,597-0044,大阪府貝塚市森678番地,株式会社ＯＦＦＩＣＥ　ＴＡＫＡＧＩ,●,10,,●,10,,,大阪府貝塚市,0
2751320090,みつばち森アフタースクール,072-424-8822,072-424-6610,597-0044,大阪府貝塚市森510番地１,特定非営利活動法人彩福祉会,,,,●,10,,,大阪府貝塚市,0
2751320108,放課後デイサービス・児童発達支援ぱれっと,072-415-0329,072-415-0329,597-0033,大阪府貝塚市半田一丁目17番３号ヴァンテーヌ西納101号,株式会社カワカミ建装,●,10,,●,10,,,大阪府貝塚市,0
2751320124,こっとんオルタ,072-425-2433,072-425-2434,597-0033,大阪府貝塚市半田一丁目10番40号,一般社団法人ＳＥＥＤ,●,10,,●,10,,,大阪府貝塚市,0
2751320132,児童デイサービスいっぽ,072-488-7258,072-488-7259,597-0033,大阪府貝塚市半田二丁目22番６号,株式会社フォーライフ,●,10,,●,10,,,大阪府貝塚市,0
2751320199,こどもデイサービスｅｎｉｓｈｉ,072-468-7905,072-468-8020,597-0046,大阪府貝塚市東山七丁目６番21号,株式会社縁,☆,5,,☆,5,,,大阪府貝塚市,0
2751320207,わくわくエイト,072-479-3677,072-479-3688,597-0084,大阪府貝塚市鳥羽158番地１　山裾ビル４階,株式会社ＷＡＫＯ,●,10,,●,10,,,大阪府貝塚市,0
2751320231,キッズ・タカギⅡ,072-468-9737,072-468-9738,597-0073,大阪府貝塚市脇浜四丁目１番10号,株式会社　OFFICETAKAGI,●,10,,●,10,,,大阪府貝塚市,0
2751320249,運動＆学習療育　あなたが宝モノ　貝塚王子教室,072-479-3524,072-479-3534,597-0051,大阪府貝塚市王子1028番地１,株式会社　いのちの木,●,10,,●,10,●,,大阪府貝塚市,0
2751320256,児童デイサービス　ルミナス,072-428-7444,072-428-7445,597-0081,大阪府貝塚市麻生中973番地１,株式会社Ｗｅｌｆａｒｅ,☆,5,,☆,5,,,大阪府貝塚市,0
2751320264,まいるーむ放課後こども教室貝塚校,072-493-3764,072-493-2995,597-0062,大阪府貝塚市澤1101番地の１ピアコートＵ207号室、208号室,株式会社ＫＴＡＪ,●,10,,●,10,,,大阪府貝塚市,0
2751320272,こどもサポート　わんだ,072-437-5525,072-437-5663,597-0073,大阪府貝塚市脇浜二丁目６番２号,有限会社ありす,●,10,,●,10,,,大阪府貝塚市,0
2751320280,ハピスポ貝塚,072-423-8880,072-423-8881,597-0062,大阪府貝塚市澤835番地１,株式会社ハピスポ,●,10,,●,10,,,大阪府貝塚市,0
2751320298,音楽＆リズム　あなたが宝モノ　貝塚王子教室,072-489-5800,072-489-5801,597-0051,大阪府貝塚市王子1029番５号いのちの木リエゾンビル３Ｆ,株式会社いのちの木,●,10,,●,10,,,大阪府貝塚市,0
2751320306,放課後等デイサービスはうす,072-468-6774,072-468-6774,597-0033,大阪府貝塚市半田591番地８サンプレス半田Ｂ棟１号室,株式会社ペタゴー,,,,●,10,,,大阪府貝塚市,0
2751320314,放課後等デイサービス　みのり　貝塚校,072-424-6589,072-424-6589,597-0015,大阪府貝塚市堀二丁目８番11号,株式会社大樹,,,,●,10,,,大阪府貝塚市,0
2751320322,児童発達支援・放課後等デイサービスキラボシ,050-8893-2790,050-8893-7234,597-0003,大阪府貝塚市中町１番40号,特定非営利活動法人キラボシ,●,8,,●,8,,共生型,貝塚市,21
2751320330,パピプケア貝塚,072-489-5305,072-489-5306,597-0062,大阪府貝塚市澤1101番１号　ピアコートＵ101,株式会社Ｔｈｅ　Ｆｉｒｓｔ,●,10,,,,,,貝塚市,22
2753220041,放課後等デイサービス事業所どり～むはうす,06-6994-8560,06-6994-8561,570-0056,大阪府守口市寺内町一丁目８番７号創建ビル１階及び２階,株式会社ドリームフューチャー,,,,●,10,,,大阪府守口市,0
2753220058,みずいろはうす,06-6780-4212,06-6780-4213,570-0048,大阪府守口市寺方本通三丁目１番21号,合同会社からふるぱーとなーず,●,10,,●,10,,,大阪府守口市,0
2753220066,ぷりずむ,06-4304-4585,06-4304-4589,570-0053,大阪府守口市高瀬町一丁目５番18号101号室,スバル・トータルプランニング株式会社,●,10,,●,10,,,大阪府守口市,0
2753220090,ワイワイスマイル守口教室,06-6780-4248,06-6780-4249,570-0014,大阪府守口市藤田町三丁目41番６号ツインコープ守口北館１階,株式会社四谷宮本,,,,●,10,,,大阪府守口市,0
2753220108,どんぐりの家,06-6906-7233,06-6906-7233,570-0021,大阪府守口市八雲東町一丁目５番８号,合同会社鷹山,●,10,,●,10,,,大阪府守口市,0
2753220116,きらら守口,06-7163-7231,06-7162-3161,570-0084,大阪府守口市緑町１番７号グリーンハイツ101号室,一般社団法人芳縁会,●,10,,●,10,,,大阪府守口市,0
2753220124,地域生活総合支援センターいま,06-6780-4370,06-6780-4371,570-0048,大阪府守口市寺方本通二丁目20番４号,社会福祉法人大阪府障害者福祉事業団,,,,●,10,,,大阪府守口市,0
2753220173,あさがおねっと,06-7508-4909,06-7508-4909,570-0006,大阪府守口市八雲西町二丁目12番13号,株式会社あさがおねっと,●,10,,●,10,,,大阪府守口市,0
2753220181,放課後等デイサービスウィズ守口滝井,06-6967-8735,06-6967-8135,570-0076,大阪府守口市滝井西町三丁目７番４号,株式会社エール,●,10,,●,10,,,大阪府守口市,0
2753220199,放課後等デイサービスらいとすぺーす,06-7508-3313,06-7509-4422,570-0029,大阪府守口市来迎町５番17号,合同会社らいとすぺーす,,,,●,10,,,大阪府守口市,0
2753220223,ゆりいか,06-4397-7582,06-4397-7583,570-0081,大阪府守口市日吉町二丁目14番２号,スバル・トータルプランニング株式会社,●,10,,●,10,,,大阪府守口市,0
2753220264,Sunny　Kids,06-6991-9815,06-6991-9816,570-0035,大阪府守口市東光町三丁目５番13号,株式会社富士ベーシック,☆,5,,☆,5,,,大阪府守口市,0
2753220272,YCCもこもこ守口教室,06-6998-7001,06-6998-7002,570-0034,大阪府守口市西郷通一丁目４番14号扇商事ビル３Ｆ,株式会社One Vision,●,10,,●,10,,,大阪府守口市,0
2753220280,放課後等デイサービス　くりーむうさぎ・守口,06-6916-3505,06-6916-3506,570-0005,大阪府守口市八雲中町二丁目１番４号　あんしんらいふ守口１F　B号室,株式会社ブリス,,,,●,10,,,大阪府守口市,0
2753220306,オールケア守口,06-6916-0555,06-6916-0333,570-0012,大阪府守口市大久保町五丁目39番６号,株式会社オールケア守口,☆,5,,☆,5,,,大阪府守口市,0
2753220314,オールケア大日,06-6904-1010,06-6904-1011,570-0015,大阪府守口市梶町一丁目4番14号,株式会社オールケア大日,●・☆,15,●,●・☆,15,●,,大阪府守口市,0
2753220322,ＣＬＡＮ守口,06-6780-3700,06-6780-3710,570-0012,大阪府守口市大久保町二丁目16番17号,株式会社ＣＬＡＮ,,,,●,10,,,大阪府守口市,0
2753220330,オールケア守口　ののはな,06-6967-8700,06-6967-8788,570-0014,大阪府守口市藤田町一丁目52番13号,株式会社オールケア守口,,,,☆,5,,,大阪府守口市,0
2753220348,ハイチーズ,06-6992-6601,06-6992-6606,570-0083,大阪府守口市京阪本通一丁目10番32号　メロディハイム守口Ａ棟201,オンユアサイド株式会社,●,10,,●,10,●,,大阪府守口市,0
2753220363,ＣＯＭＰＡＳＳ発達支援センター守口,06-6991-9138,06-6991-9139,570-0002,大阪府守口市佐太中町一丁目３番５号　ピースフルマンション101号室,株式会社三葉,●,10,,●,10,,,大阪府守口市,0
2753220371,ファミリアキッズ守口,06-6916-5581,06-6916-5582,570-0017,大阪府守口市佐太東町一丁目38番2号REMY佐太ビル2階,株式会社S&S,●,10,,,,,,大阪府守口市,0
2753220389,あさがおねっと守口,06-6115-5778,06-6115-5778,570-0081,大阪府守口市日吉町二丁目14番8号ハイタウン日吉町コーポ1階,株式会社あさがおねっと,●,10,,●,10,,,大阪府守口市,0
2753220397,きららジュニア,06-6998-1470,06-6998-1471,570-0084,大阪府守口市緑町1番4号T's Cube緑町201,一般社団法人芳緑会,●,10,,●,10,,,大阪府守口市,0
2753220405,ビーナスキッズもりぐち,06-6997-6621,06-6997-6622,５７０－００３１,大阪府守口市橋波東之町三丁目２番33号サンリスタ守口,株式会社ビーナス,●,10,,●,10,,,大阪府守口市,0
2753220413,エコルド守口教室,06-4397-7078,06-4397-7188,570-0082,大阪府守口市豊秀町二丁目13番３号サンエイビル４階,株式会社SUNSEAREN,●,10,,●,10,,,大阪府守口市,0
2753220421,ふくろう,06-6901-8850,050-3737-7731,570-0021,大阪府守口市八雲東町二丁目82番35号,株式会社リトルアイデア,●,10,,●,10,,共生型,大阪府守口市,0
2753220439,療育こども園凸（でこ）,06-7479-8371,06-7494-8371,570-0037,大阪府守口市大枝北町12番6号,合同会社ベルフラワー,●,10,,,,,,大阪府守口市,0
2753220447,放課後等デイサービス　メルルキッズ守口,06-6906-5555,06-6906-8100,570-0014,大阪府守口市藤田町五丁目35番９号なるなるビル1階,株式会社ＭＥＲＵＲＵ,●,10,,●,10,,,大阪府守口市,0
2753220454,ＹＣＣもこもこ守口駅前教室,06-6997-9001,06-6997-9002,570-0028,大阪府守口市本町一丁目１番９号本町ビル２階,株式会社Ｏｎｅ　Ｖｉｓｉｏｎ,●,10,,●,10,,,大阪府守口市,0
2753220462,児童発達支援・放課後等デイサービス　ＬＵＭＯ　守口校,06-6786-9608,06-6786-9609,570-0025,大阪府守口市竜田通一丁目６番５号ル・セルポ105号,株式会社Ｇｏｔｏｓｃｈｏｏｌ,●,10,,●,10,,,大阪府守口市,0
2753220470,児童発達支援・放課後等デイサービス　ちえのわ,06-6105-0810,06-6105-0811,570-0031,大阪府守口市橋波東之町一丁目４番18号セブンスヒルⅡ１階,医療法人悠悠堂,●,10,,●,10,,,大阪府守口市,0
2753220488,キッズボンド守口,06-6909-8900,06-6909-8910,570-0021,大阪府守口市八雲東町一丁目７番４号,株式会社ＯＫＤ,●,10,,●,10,,,大阪府守口市,0
2753220504,児童発達支援・放課後等デイサービス　ＬＵＭＯ　守口第二校,06-6780-9704,06-6780-9705,570-0025,大阪府守口市竜田通一丁目６番５号　ル・セルポ　106号,株式会社ＶｉＡ,●,10,,●,10,,,大阪府守口市,0
2753220512,あけぼし,06-6995-4793,06-6995-4793,570-0041,大阪府守口市東郷通三丁目11番25号　レックスガーデン鶴見緑地101,合同会社あけ星,●,10,,●,10,,,大阪府守口市,0
2753220520,みっくべりー,06-6914-9276,06-6914-9277,570-0078,大阪府守口市平代町４番10号,株式会社ミラエミオ,●,10,,●,10,,,守口市,35
2753220538,児童発達支援・放課後等デイサービス　きらめき,06-6115-5416,06-6115-5417,570-0092,大阪府守口市日光町３番６号　第３ニシキマンション１階104号,株式会社輝,●,10,,●,10,,,守口市,36
2753220546,ｓｔｅｐ,06-6991-2595,06-6991-2656,570-0072,大阪府守口市早苗町６番９号,学校法人　吉川学園,,,,,,●,,守口市,37
2754220024,児童発達支援事業所すくすく親子教室,072-620-9817,072-620-9833,567-0031,大阪府茨木市春日三丁目13番5号,茨木市,●,48,,,,,,大阪府茨木市,0
2754220032,さくらんぼるーむ,072-634-5624,072-634-5625,567-0892,大阪府茨木市並木町1番6号　茨木スクエアービル201・202号,社会福祉法人育成福祉会,●,20,,,,,,大阪府茨木市,0
2754220057,ひまわり,072-623-5511,072-623-5550,567-0806,大阪府茨木市庄一丁目13番27号,社会福祉法人秀幸福祉会,,,,●,10,,,大阪府茨木市,0
2754220081,デイサービスなかよし,072-627-9005,072-622-9393,567-0036,大阪府茨木市上穂積二丁目5番16号,特定非営利活動法人ふれあいぽっぽ,●,10,,●,10,,,大阪府茨木市,0
2754220107,発達支援センターれふあ,072-641-4512,072-641-3173,567-0059,大阪府茨木市清水一丁目28番15号,社会福祉法人慶徳会,●,10,,●,10,,,大阪府茨木市,0
2754220115,ハーモニーデイ彩都,072-641-3211,072-641-3433,567-0085,大阪府茨木市彩都あさぎ一丁目2-18-202,特定非営利活動法人ナース・ワン,●,10,,●,10,,,大阪府茨木市,0
2754220123,生活介護事業所あいの,072-627-1919,072-627-1940,567-0012,大阪府茨木市東太田1丁目4番39号,社会福祉法人藍野福祉会,,,,☆,5,,,大阪府茨木市,0
2754220156,ハイトップファミリー真砂,072-652-3733,072-652-3734,567-0851,大阪府茨木市真砂一丁目28番17号１Ｆ,株式会社日本マックスケア,,,,●,10,,,大阪府茨木市,0
2754220172,フォルテひまわり,072-622-6081,072-622-6082,567-0806,大阪府茨木市庄一丁目７番27号ピアフォルテ102号・103号,社会福祉法人秀幸福祉会,,,,●,10,,,大阪府茨木市,0
2754220206,発達サポートセンターつむぎ,072-622-1818,072-622-1886,567-0888,大阪府茨木市駅前一丁目８番20号１階右側,一般社団法人明日へのつむぎ,,,,●,10,,,大阪府茨木市,0
2754220214,ジョイジョイ,072-635-4077,072-635-2115,567-0891,大阪府茨木市水尾二丁目７番18号,宗教法人日本同盟基督教団茨木聖書教会,●,10,,●,10,,,大阪府茨木市,0
2754220222,ドリームケアデイセンター茨木,070-5650-7761,072-648-7300,567-0032,大阪府茨木市西駅前町４番Ｂ102・203号,一般社団法人泉友福祉会,☆,5,,☆,5,,,大阪府茨木市,0
2754220230,こども発達支援センター風,072-636-0110,072-646-6890,567-0861,大阪府茨木市東奈良三丁目16番14号茨木市南茨木多世代交流センター２階特別利用保育室,社会福祉法人大阪府障害者福祉事業団,●,15,,●,15,●,,大阪府茨木市,0
2754220271,わくわくクラブ茨木校,072-637-2515,072-637-2516,567-0829,大阪府茨木市双葉町13番25号つじせビル４階,株式会社興学社,●,10,,●,10,,,大阪府茨木市,0
2754220289,なないろKids,072-609-5276,072-697-9878,567-0031,大阪府茨木市春日三丁目14番41号　メゾン春日101号室,株式会社ドリームリンク,●,10,,●,10,,,大阪府茨木市,0
2754220297,放課後等デイサービス輝茨木館,072-646-8713,072-646-8714,567-0865,大阪府茨木市横江二丁目８番43号C-POINTビル303号室,セントラルポイント株式会社,,,,●,10,,,大阪府茨木市,0
2754220305,こどもサポート教室「きらり茨木駅前校,072-621-3810,072-621-3810,567-0031,大阪府茨木市春日一丁目４番13号明日香ビル302号室,株式会社クラ・ゼミ,●,10,,●,10,,,大阪府茨木市,0
2754220321,パルケあゆむ,072-640-0071,072-640-0081,567-0057,大阪府茨木市豊川二丁目６番23号,社会福祉法人とよかわ福祉会,●,10,,●,10,,,大阪府茨木市,0
2754220339,あいの放課後等デイサービス茨木,072-631-2101,072-646-8465,567-0011,大阪府茨木市高田町２番23号１Ｆ,社会福祉法人藍野福祉会,●,10,,●,10,,,大阪府茨木市,0
2754220347,あいの放課後等デイサービスあい,072-640-3511,072-640-3512,567-0007,大阪府茨木市南安威二丁目５番５号,社会福祉法人藍野福祉会,●,10,,●,10,,,大阪府茨木市,0
2754220362,７th　Sense　彩都駅前,072-628-5517,072-628-5517,567-0086,大阪府茨木市彩都やまぶき一丁目１番20号ｼﾞｵ彩都ﾌﾟﾚﾐｱﾑﾃﾗｽ101号,株式会社キャニオン・マインド,●,10,,●,10,,,大阪府茨木市,0
2754220370,プレインジム茨木教室,072-623-2860,072-344-5219,567-0882,大阪府茨木市元町２番20号,株式会社プレイン,●,10,,●,10,,,大阪府茨木市,0
2754220388,こども発達サポートせーの,072-646-7315,072-646-7316,567-0803,大阪府茨木市中総持寺町５番４号エクセレント中村１階101号室,株式会社ミタス,●,10,,●,10,,,大阪府茨木市,0
2754220404,なないろHome,072-657-7909,072-657-7910,567-0027,大阪府茨木市西田中町７番15号　ドゥエルやま１階101号室,株式会社ドリームリンク,●,10,,●,10,,,大阪府茨木市,0
2754220412,こたふくの部屋,072-697-8286,072-697-8287,567-0850,大阪府茨木市真砂玉島台10番26号,株式会社ＷＡＮ,●,10,,●,10,,,大阪府茨木市,0
2754220420,リールスメイト茨木郡,072-647-2921,072-647-2922,567-0072,大阪府茨木市郡五丁目22番34号ブランドール山中１階,株式会社ケア２１,●,10,,●,10,,,大阪府茨木市,0
2754220438,リールスメディカル茨木玉島台,072-655-9821,072-655-9822,567-0850,大阪府茨木市真砂玉島台５番９号ポルトボヌール１階,株式会社ケア２１,☆,5,,☆,5,,,大阪府茨木市,0
2754220446,放課後等デイサービス　ナーチャーハーツ,072-665-8300,072-665-8302,567-0805,大阪府茨木市橋の内二丁目２番26号クボタコーポ１階,株式会社ナーチャーハーツ,,,,●,10,,,大阪府茨木市,0
2750920312,プレインジム茨木駅前教室,072-668-6860,072-344-5219,567-0882,大阪府茨木市元町１番９号,株式会社プレイン,●,10,,●,10,,,大阪府茨木市,0
2754220487,YCCもこもこ茨木・吹田教室,072-695-5866,072-695-5866,567-0042,大阪府茨木市宇野辺二丁目13番10号,Ｓｕｎｎｙ　Ｌａｂ株式会社,●,10,,●,10,,,大阪府茨木市,0
2754220495,放課後等デイサービス　ウィズ・ユー茨木,072-657-8599,072-657-8599,567-0852,大阪府茨木市小柳町10番17号グランドハイツ小柳２階201・２・３号,株式会社Ｅｎｊｏｙ　Ｌｅａｒｎｉｎｇ,●,10,,●,10,,,大阪府茨木市,0
2754220503,放課後等デイサービスかしのき教室,072-665-9226,072-665-9226,567-0803,大阪府茨木市大手町８番13号日本医科薬品(株)ビルディング403,一般社団法人Ｎｅｘｔ　Ｃｕｒｅ,●,10,,●,10,,,大阪府茨木市,0
2754220529,運動療育スタジオｓｐａｒｋ南茨木,072-625-3809,072-625-3810,567-0876,大阪府茨木市天王二丁目５番10号阪急グリーンプラザ２階Ａ区画,株式会社クーバル・ウエルケア,●,10,,●,10,,,大阪府茨木市,0
2754220537,Ｌｉｅｎ茨木,072-631-2007,072-631-2008,567-0818,大阪府茨木市本町６番８号ナカヤビル１階,一般社団法人Ｅｖｅｒ　Ｇｒｅｅｎ,☆,5,,☆,5,,,大阪府茨木市,0
2754220545,社会体験スタジオＳｋｉｌｌｓ南茨木,072-645-4962,072-645-4960,567-0876,大阪府茨木市天王二丁目５番１０号阪急グリーンプラザ２階Ｂ区画,株式会社クーバルＣ３,●,10,,●,10,,,大阪府茨木市,0
2754220552,なないろＳｔｕｄｙ,072-646-5818,072-646-6239,567-0031,大阪府茨木市春日四丁目５番11号　サンハイツ穂積102号室,株式会社ドリームリンク,●,10,,●,10,,,大阪府茨木市,0
2754220560,なないろＫｉｄｓ２ｎｄ,072-697-9411,072-697-9878,567-0031,大阪府茨木市春日三丁目14番41号　メゾン春日101号室,株式会社ドリームリンクプラス,●,10,,●,10,,,大阪府茨木市,0
2754220578,こどもサポート教室「きらり」阪急茨木校,072-621-1255,072-621-1255,567-0816,大阪府茨木市永代町８番８号国里メディカルビル５Ｆ502号503号,株式会社クラ・ゼミ,●,10,,●,10,,,大阪府茨木市,0
2754220586,えんりっち,072-665-4343,072-665-4342,567-0007,大阪府茨木市南安威二丁目６番20号田中ビル２階東店舗,ＥｎＲｉｃｈ合同会社,●,10,,●,10,●,,大阪府茨木市,0
2754220594,あぽろ放課後等支援事業所,072-646-7428,072-646-7429,567-0831,大阪府茨木市鮎川二丁目32番25号アライブ21　102号,ＵＮＩＸ株式会社,,,,●,10,,,大阪府茨木市,0
2754220602,児童デイサービス　みのり,072-646-6596,072-646-6598,567-0817,大阪府茨木市別院町７番５号　三友ビル３階302号,株式会社　ｍｅ,☆,5,●,☆,5,,,大阪府茨木市,0
2754220610,ＬＩＴＡＬＩＣＯジュニア茨木教室,072-645-8250,072-645-8251,567-0031,大阪府茨木市春日二丁目２番12号　茨木セントラルビル301,株式会社LITALICOパートナーズ,●,10,,,,●,,大阪府茨木市,0
2754220628,アスト体操クラブ　児童発達支援・放課後等デイサービス,072-635-2011,072-635-2015,567^0897,大阪府茨木市主原町５番15号シャン・リ・フォーレビル１階,プロードス株式会社,●,10,,●,10,,,大阪府茨木市,0
2754220636,ハグマザリー,070-8581-8418,,567-0009,大阪府茨木市山手台七丁目8番3号,合同会社　Ｉマザリー,,,,☆,5,,,大阪府茨木市,0
2754220644,リールきっず朋,072-636-6220,072-636-6221,567-0851,大阪府茨木市真砂二丁目16番15号　ヌーヴェルハイム１階,一般社団法人　幸朋樹,●,10,,●,10,,,大阪府茨木市,0
2754220651,なないろＳｔｕｄｙ２ｎｄ,072-648-5471,072-648-5709,567-0818,大阪府茨木市本町６番13号マプログレイスⅡ１階,株式会社ドリームリンク,●,10,,●,10,,,大阪府茨木市,0
2754220669,スリーケア真砂こどもセンター,072-664-1233,072-663-5564,567-0851,大阪府茨木市真砂一丁目13番２号エクセルハイムⅢ103号,合同会社アポージオ,●,10,,●,10,,,大阪府茨木市,0
2754220677,ふわふわのおうち,072-641-8857,072-628-2287,567-0057,大阪府茨木市豊川一丁目34番３号２階,株式会社ふわふわ,●,10,,●,10,,,大阪府茨木市,0
2754220685,ツインズリハビリ児童発達支援・放課後等デイサービス,072-626-7205,072-626-7206,567-0032,大阪府茨木市西駅前町６番36号　ラビアンヌ・エスポワール201号室,株式会社Twins　family,●,10,,●,10,●,,大阪府茨木市,0
2754220719,Ａｍｂｉｔｉｏｎ　Ｋｉｄｓ,070-1810-5309,,567-0804,大阪府茨木市総持寺台１番11号　ホクセツ・メディカルモール４－Ａ,ａｍｂｉｔｉｏｎ合同会社,●,10,,●,10,,,大阪府茨木市,0
2754220727,児童発達支援・放課後等デイサービス　いろどり,072-657-8312,072-657-8312,567-0817,大阪府茨木市別院町６番43号２階,株式会社ネイヴル,●,10,,●,10,,,大阪府茨木市,0
2754220735,ツインズリハビリ２ｎｄ児童発達支援・放課後等デイサービス,072-631-3290,072-631-3291,567-0882,大阪府茨木市元町７番６号　野上ビル１Ｆ,株式会社Ｔｗｉｎｓ　ｆａｍｉｌｙ,●,10,,●,10,,,大阪府茨木市,0
2754220743,スタサポ茨木校,072-657-9938,,567-0031,大阪府茨木市春日一丁目５番17号クラインフェルト２階２号室,ＬａＺｏ株式会社,●,10,,●,10,,,大阪府茨木市,0
2754220750,コペルプラス　茨木教室,072-646-5851,072-646-5852,567-0888,大阪府茨木市駅前三丁目２番５号両泉ビル４階,株式会社クラ・ゼミ,●,10,,,,,,大阪府茨木市,0
2754220768,ひまわり　はぁと茨木総持寺教室,072-657-9836,072-657-8937,567-0806,大阪府茨木市庄二丁目19番13号　サンプラザ総持寺２階,株式会社Ｇｅｍｔ　ｗａｐ,●,10,,●,10,,,茨木市,57
2754520027,ＩＬＩＳ　ＣＬＵＢ泉佐野,072-468-6973,072-468-6983,598-0034,大阪府泉佐野市長滝281－５,株式会社アイリス,●,10,,●,10,,,大阪府泉佐野市,0
2754520068,アスレチッククラブこっとん,072-425-0843,072-425-0845,598-0032,大阪府泉佐野市新安松一丁目４番16号,一般社団法人SEED,●,10,,●,10,,,大阪府泉佐野市,0
2754520076,放課後等デイサービスりーふ,072-467-1855,072-467-1880,598-0021,大阪府泉佐野市日根野415番地,株式会社土原造園,,,,●,10,,,大阪府泉佐野市,0
2754520134,いいね放課後等デイサービス,072-465-1171,072-465-1172,598-0034,大阪府泉佐野市長滝3839番地の１,いいね合同会社,●,10,,●,10,,,大阪府泉佐野市,0
2754520142,放課後等デイサービスぴあーちぇ,072-424-7191,072-424-7191,598-0024,大阪府泉佐野市上之郷2221番地の１,株式会社ひなた,●,10,,●,10,,,大阪府泉佐野市,0
2754520175,良心地,072-465-3114,072-465-3114,598-0033,大阪府泉佐野市南中安松1281番地の5,合同会社いごこち,,,,●,10,,,大阪府泉佐野市,0
2754520183,放課後等デイサービスめーぷる,072-493-2335,072-493-2336,598-0021,大阪府泉佐野市日根野584番地,株式会社Leaf,,,,●,10,,,大阪府泉佐野市,0
2754520191,放課後等デイサービスオリオリ,072-425-2215,072-425-2215,598-0042,大阪府泉佐野市西本町14ー18,合同会社大北,,,,●,10,,,大阪府泉佐野市,0
2754520217,関西メディカルサポート療養型デイサービスセンター,072-458-3455,072-458-8802,598-0013,大阪府泉佐野市中町一丁目４番32号,有限会社オフィス環,☆,5,,,,,,大阪府泉佐野市,0
2754520225,キャンパスラビット,072-442-8112,072-468-7106,598-0032,大阪府泉佐野市新安松二丁目２番37号１,株式会社ラビット,●,10,,●,10,,,大阪府泉佐野市,0
2754520233,運動＆学習療育あなたが宝モノ泉佐野教室,072-463-1203,072-463-1202,598-0001,大阪府泉佐野市上瓦屋687-１松浪ビル３Ｆ,株式会社いのちの木,●,10,,●,10,●,,大阪府泉佐野市,0
2754520241,まいるーむ放課後こども教室ジャンプ,072-462-7566,072-462-7566,598-000２,大阪府泉佐野市中庄1740番地１新田寮２階,株式会社ＫＴＡＪ,●,10,,●,10,,,大阪府泉佐野市,0
2754520258,ラビット,072-468-7009,072-468-7106,598-0032,大阪府泉佐野市新安松二丁目２番37号,株式会社ラビット,●,10,,●,10,,,大阪府泉佐野市,0
2754520274,ハピスポ泉佐野,072-465-7773,072-465-7774,598-0033,大阪府泉佐野市南中安松749番地１　１階,株式会社シンシア,,,,●,10,,,大阪府泉佐野市,0
2754520282,ぴんくイルカ,072-477-0039,072-477-7088,598-0006,大阪府泉佐野市市場西三丁目10番７号　アーバンウェルネス202号室,合同会社みらい,●,10,,●,10,,,大阪府泉佐野市,0
2754520308,ゆまにて,072-458-7522,072-458-7523,598-0002,大阪府泉佐野市中庄334番地の３,特定非営利活動法人ゆまにて,●,10,,●,10,●,,大阪府泉佐野市,0
2754520316,放課後等デイサービスＢＡ－ＮＡはぐらざき,072-466-8302,072-466-8303,598-0037,大阪府泉佐野市羽倉崎上町三丁目２番32,株式会社トライズ,●,10,,●,10,,,大阪府泉佐野市,0
2754520324,放課後等デーサービス　は・ぐ・な,072-465-5897,072-465-9897,598-0034,大阪府泉佐野市長滝3854番地,特定非営利活動法人倖譲会,●・☆,15,,●・☆,15,,,大阪府泉佐野市,0
2754520332,ＲｅｓｔａＲｔ,080-4016-1934,072-468-7106,598-0034,大阪府泉佐野市長滝1667番地の１コスモプラザC号,株式会社ラビット,●,10,,●,10,,,大阪府泉佐野市,0
2754520340,ＳＰＥＣ,072-468-6890,072-468-6891,598^0034,大阪府泉佐野市長滝1246番１　村上レジデンス１階,株式会社Ｖｉｅｎｔｏ,,,,●,10,,,大阪府泉佐野市,0
2754520357,キッズプレイスハル,072-462-8686,072-462-8687,598-0062,大阪府泉佐野市下瓦屋三丁目１番１号　有本ビル１階西側,有限会社ハルコーポレーション,●,10,,●,10,,,大阪府泉佐野市,0
2754520365,そら上瓦屋,072-442-2209,072-453-3125,598-0001,大阪府泉佐野市上瓦屋296番地松浪貸店舗事務所Ａ号室,株式会社ジョワ,●,10,,●,10,,,大阪府泉佐野市,0
2754520373,まいるーむ放課後こども教室　鶴原校,072-493-9777,072-493-2995,598-0071,大阪府泉佐野市鶴原1545番地の１,株式会社ＫＴＡＪ,●,10,,●,10,,,大阪府泉佐野市,0
2754920029,わくわくクラブ,0721-55-2959,0721-55-2959,584-0045,大阪府富田林市山中田町２丁目15-27,特定非営利活動法人子ども・若もの支援ネットワーク大阪,●,10,,●,10,,,大阪府富田林市,0
2754920037,四天王寺和らぎ苑,0721-29-0836,0721-29-3916,584-0082,大阪府富田林市向陽台1-3-21,社会福祉法人四天王寺福祉事業団,☆,5,●,☆,5,●,,大阪府富田林市,0
2754920078,陽だまり,0721-21-6449,0721-21-5571,584-0048,大阪府富田林市西板持町二丁目１番38号附１,一般社団法人スマイル・１,,,,●,10,,,大阪府富田林市,0
2754920086,放課後等デイサービスアイアイ,0721-26-8077,0721-69-4300,584-0071,大阪府富田林市藤沢台六丁目２番４号,株式会社日泉,,,,●,10,,,大阪府富田林市,0
2754920094,るんるんジャンプ,0721-28-0208,0721-28-0208,584-0071,大阪府富田林市藤沢台一丁目４番20号２階,合同会社Ｊoinハート,,,,●,10,,,大阪府富田林市,0
2754920110,放課後デイサービス運動療育バード,0721-24-0905,0721-24-0905,584-0066,大阪府富田林市錦織北一丁目５番10号,株式会社ＮＥＳＴ,,,,●,10,,,大阪府富田林市,0
2750720019,こども発達支援センターＳun,0721-26-7331,0721-26-7377,584-0012,大阪府富田林市粟ヶ池町2969番地の５富田林市市民会館地下1階,社会福祉法人大阪府障害者福祉事業団,●,10,,●,10,●,,大阪府富田林市,0
2754920136,放課後等デイサービスそら,0721-81-0417,0721-81-0417,584-0036,大阪府富田林市甲田二丁目20番14号２階,特定非営利活動法人志塾フリースクールラシーナ,,,,●,10,,,大阪府富田林市,0
2754920144,ここなくらぶ向陽台,0721-40-2310,0721-40-2311,584-0082,大阪府富田林市向陽台二丁目２番13号Ｙ１ビル１階,株式会社シンシアリティー,●,10,,●,10,,,大阪府富田林市,0
2754920151,放課後等デイサービスつばさ,0721-28-6677,0721-28-6688,584-0082,大阪府富田林市向陽台二丁目７番29号向陽台ビル２階,株式会社南ウイング,,,,●,10,,,大阪府富田林市,0
2754920177,放課後等デイサービス　こころん,0721-51-0510,0721-51-4959,584-0086,大阪府富田林市津々山台二丁目４番３号Ｒｉｎｏn１Ｄ号室,合同会社こぼうし,,,,●,10,,,大阪府富田林市,0
2754920185,療育スクール did it,0721-26-8810,0721-26-8810,584-0069,大阪府富田林市錦織東二丁目６番10号,合同会社POPO,●,10,,●,10,,,大阪府富田林市,0
2754920193,ｂｏｎキッズ富田林,0721-55-2266,0721-55-2266,584-0024,大阪府富田林市若松町二丁目３番２号　太陽ビル301号室,合同会社オフィスぼん,●,10,,●,10,,,大阪府富田林市,0
2754920201,放課後等デイサービスつばさネクスト,0721-26-8668,0721-26-8669,584-0082,大阪府富田林市向陽台五丁目７番17号,株式会社南ウイング,●,10,,●,10,,,大阪府富田林市,0
2754920219,きらりウキウキルーム,0721-21-6341,0721-21-6344,584-0067,大阪府富田林市錦織南一丁目16番18号　古賀ビル１・２階,株式会社エーシン,●,10,,●,10,,,大阪府富田林市,0
2754920227,放課後等デイサービスてんとん,0721-26-7715,0721-26-7716,584-0073,大阪府富田林市寺池台三丁目１番18号,株式会社エクレール,●,10,,●,10,,,大阪府富田林市,0
2754920235,放課後デイサービス運動療育バード須賀,0721-68-7401,0721-68-7402,584-0062,大阪府富田林市須賀二丁目12番５号,株式会社ＮＥＳＴ,,,,●,10,,,大阪府富田林市,0
2754920243,放課後等デイサービス　ココ,0721-55-2233,0721-55-2100,584-0028,大阪府富田林市中野町西一丁目1502番地５,社会福祉法人　輝,●,10,,●,10,,,大阪府富田林市,0
2754920268,かみひこうき　昭和町,0721-26-7075,0721-26-7076,584-0025,大阪府富田林市若松町西一丁目1903番地１寺西ビル２階,株式会社Ｔ－ａｎｇｌｅ,●,10,,●,10,,,大阪府富田林市,0
2754920276,スカフォルズ,0721-70-7432,0721-70-7433,584-0062,大阪府富田林市須賀二丁目19番８号,ハイマスト合同会社,●,10,,●,10,●,,大阪府富田林市,0
2754920292,TOMODACHI富田林,0721-28-5608,0721-28-5608,584-0071,大阪府富田林市藤沢台六丁目23番13号　シンフォニーレジデンス藤沢台107号,合同会社Childs,☆,5,,☆,5,,,大阪府富田林市,0
2754920300,放課後等デイサービスてんとん２くみ,0721-25-1151,0721-26-7716,584-0025,大阪府富田林市若松町西一丁目1882番地１　麻野ビル203号,株式会社エクレール,●,10,,●,10,,,大阪府富田林市,0
2754920318,きらり錦織ルーム,0721-55-3151,0721-55-3152,584-0067,大阪府富田林市錦織南二丁目７番５号　３階,株式会社エーシン,●,10,,●,10,,,大阪府富田林市,0
2754920326,よねの家,0721-26-7046,,584-0014,大阪府富田林市川面町一丁目10番14号,株式会社メロディー,●,10,,●,10,,,大阪府富田林市,0
2754920334,ウィル,0721-69-6081,0721-69-6081,584-0048,大阪府富田林市西板持町七丁目15番18号,一般社団法人大阪青少年支援機構ポラリス,●,10,,●,10,,,大阪府富田林市,0
2754920342,こどもサポートみかん,0721-26-8233,0721-26-8234,584-0001,大阪府富田林市梅の里二丁目32番５,株式会社ｐｌａｔｚ,●,10,,●,10,●,,大阪府富田林市,0
2754920359,teco　富田林,0721-25-5678,0721-25-5678,584-0024,大阪府富田林市若松町一丁目10番７号プレナス富田林４階401号室,株式会社ＬＵＣＫ,●,10,,,,●,,大阪府富田林市,0
2754920367,放課後等デイサービス　星,0721-26-8028,0721-26-8028,584-0054,大阪府富田林市大字甘南備216番地,社会福祉法人大阪府障害者福祉事業団,●,10,,●,10,,,大阪府富田林市,0
2754920375,ＴＡＮＧＯ富田林校,070-9105-5959,0721-81-8851,584-0036,大阪府富田林市甲田二丁目20番７号,株式会社ＴＡＮＧＯ,●,10,,●,10,,,大阪府富田林市,0
2754920383,よねの家２,0721-69-5396,0721-69-5396,584-0014,大阪府富田林市川面町一丁目10番13号,合同会社メロディー,,,,●,10,,,大阪府富田林市,0
2754920409,放課後等デイサービス　Ｎｉａ,0721-26-8822,050-3172-3525,584-0025,大阪府富田林市若松町西一丁目1841番地１（201）,合同会社ｌｉｎｅｒ　ｎｏｔｅ,,,,●,10,,,大阪府富田林市,0
2754920391,こどもサポートみかん高辺台,0721-55-3864,0721-55-3865,584-0072,大阪府富田林市高辺台一丁目23番地18,株式会社ｐｌａｔｚ,●,10,,●,10,,,大阪府富田林市,0
2754920417,オルオルハウス,0721-60-6112,0721-60-6113,584-0021,大阪府富田林市中野町二丁目７番10号,株式会社ＬＡＵＬＥＡ,●,10,,●,10,,,大阪府富田林市,0
2754920425,スポーツパークりるる,090-3218-0166,,584-0083,大阪府富田林市小金台一丁目８番18号,株式会社シラキ,●,10,,●,10,,,大阪府富田林市,0
2754920433,おあしす,0721-29-6000,0721-29-6600,584-0083,大阪府富田林市小金台二丁目１番30号,社会福祉法人光久福祉会,●,10,,●,10,●,,大阪府富田林市,0
2754920441,児童発達支援・放課後等デイサービスえがお富田林,0721-60-6487,0721-60-6488,584-0005,大阪府富田林市喜志町五丁目３番６号,株式会社Ｆ－ｓｔａｇｅ,●,10,,●,10,,,大阪府富田林市,0
2754920458,放課後等デイサービス　ウィズ・ユー富田林向陽台,0721-55-3276,0721-55-4477,584-0082,大阪府富田林市向陽台二丁目13番12号,合同会社フジコウ,●,10,,●,10,,,富田林市,37
2754920466,オルオルハウス東板持,0721-26-7805,0721-26-7806,584-0046,大阪府富田林市東板持町二丁目16番32号,株式会社ＬＡＵＬＥＡ,●,10,,●,10,,,富田林市,38
2750720027,放課後等デイサービスひまわり,0721-69-7909,0721-69-7913,586-0068,大阪府河内長野市北青葉台２-16Lache１ns　Grun３階,有限会社エイコー,,,,●,10,,,大阪府河内長野市,0
2750720043,児童デイサービス　あゆみ,0721-56-7311,0721-56-7311,586-0021,大阪府河内長野市原町三丁目10番13号,特定非営利活動法人地域支援センターあゆみ,●,10,,●,10,,,大阪府河内長野市,0
2750720050,障がい児通所支援河内長野ぴょんぴょん教室,0721-26-7312,0721-26-7312,586-0032,大阪府河内長野市栄町25番37号,社会福祉法人大阪府肢体不自由者協会,●,10,,●,10,,,大阪府河内長野市,0
2750720118,放課後等デイサービスまりん,0721-69-8680,0721-69-8681,586-0023,大阪府河内長野市野作町14番13号田中ビル１階,合同会社アクアマリン,,,,●,10,,,大阪府河内長野市,0
2750720134,こども発達支援センターｍｕｍ,0721-55-2272,0721-55-2276,586-0046,大阪府河内長野市中片添町11番９号,社会福祉法人大阪府障害者福祉事業団,●,10,,●,10,●,,大阪府河内長野市,0
2750720142,ぽえむ,0721-56-7861,0721-56-7862,586-0032,大阪府河内長野市栄町５番１８号,一般社団法人アルク,●,10,,●,10,,,大阪府河内長野市,0
2750720159,ＰＯＮＯ,0721-26-9933,0721-26-9934,586-0032,大阪府河内長野市栄町25番37号　105・106・107号室,社会福祉法人ぬくもり,,,,☆,5,,,大阪府河内長野市,0
2750720167,児童発達支援・放課後等デイサービス　トリプル,0721-69-9390,0721-69-9391,586-0012,大阪府河内長野市菊水町８番３号釜平ビル２階,一般社団法人トリプル,●,10,,●,10,,,大阪府河内長野市,0
2750720175,ぐるぐる,0721-68-7971,0721-68-7971,586-0022,大阪府河内長野市本多町４番６号１階・２階202号室,ＮＰＯ法人オルケスタ,●,10,,●,10,●,,大阪府河内長野市,0
2750720183,まりん　２,0721-50-1033,0721-50-1034,586-0006,大阪府河内長野市松ヶ丘中町1314番地３,合同会社アクアマリン,●,10,,●,10,,,大阪府河内長野市,0
2750720209,かみひこうき　野作,0721-21-9036,0721-21-9037,586-0025,大阪府河内長野市昭栄町３番32号　ジョイフル昭栄１階103号・104号,株式会社T-angle,●,10,,●,10,,,大阪府河内長野市,0
2750720217,ぽえむ　プラス,0721-70-7308,0721-70-7309,586-0016,大阪府河内長野市西代町３番10号　ナカムラビル２階,一般社団法人アルク,,,,●,10,,,大阪府河内長野市,0
2750720225,Ｇｕｆｏ,0721-21-9044,0721-21-9045,586-0048,大阪府河内長野市三日市町116番地３,一般社団法人トリプル,●,10,,●,10,,,大阪府河内長野市,0
2750720233,運動療育サトスポキッズ,0721-70-7710,0721-70-7710,586-0014,大阪府河内長野市長野町４番９号　うすやビル２Ａ203号,一般社団法人サトスポ,●,10,,●,10,,,大阪府河内長野市,0
2750720266,コメット,0721-55-4057,0721-55-4058,586-0024,大阪府河内長野市西之山町13番１号,一般社団法人彗星会,●,10,,●,10,●,,大阪府河内長野市,0
2750720258,もものき,0721-26-9922,0721-26-9924,586-0032,大阪府河内長野市栄町25番37号102号室,社会福祉法人ぬくもり,,,,●,10,,,大阪府河内長野市,0
2750720282,LINO,０７２１－２６－９９２１,ー,586-0024,大阪府河内長野市栄町30番46号,社会福祉法人ぬくもり,,,,☆,5,,,大阪府河内長野市,0
2750720290,TANGO三日市駅前校,070-8455-5559,0721-81-8851,586-0046,大阪府河内長野市中片添町３番１号カタヤビル202号室,有限会社ライフアップ,●,10,,●,10,,,大阪府河内長野市,0
2750720316,さんきゅう,090-5124-8109,,586-0025,大阪府河内長野市昭栄町５番４号メゾンホワイト　102号室,智静合同会社,●,10,,●,10,,,大阪府河内長野市,0
2750720324,放課後等デイサービス　ＯＳＳＵ,0721-26-7069,0721-26-2096,586-0048,大阪府河内長野市三日市町32番地の１フォレスト三日市３階,株式会社尾崎スイミングスクール,,,,●,10,,,大阪府河内長野市,0
2750720332,ぱちぱち,0721-53-3611,0721-53-3611,586-0024,大阪府河内長野市西之山町２番15号,ＮＰＯ法人オルケスタ,●,10,,●,10,,,大阪府河内長野市,0
2750720340,コメットプラス,0721-55-3635,0721-55-3652,586-0015,大阪府河内長野市本町26番29号福田ビル３階,一般社団法人彗星会,●,10,,●,10,,,大阪府河内長野市,0
2750720357,放課後等デイサービス　すてっぷ,0721-60-6022,0721-60-6022,586-0026,大阪府河内長野市寿町11番５号ロイヤルガーデン長野102号室,特定非営利活動法人　子ども・若もの支援ネットワークおおさか,,,,●,10,,,大阪府河内長野市,0
2750720365,ＴＡＮＧＯ河内長野校,070-8505-5939,0721-81-8851,586-0024,大阪府河内長野市西之山町４番６号福田ビル202号室,株式会社ＴＡＮＧＯ,●,10,,●,10,,,大阪府河内長野市,0
2750720373,ＴＡＮＧＯ三日市校,0721-51-2000,0721-81-8851,586-0048,大阪府河内長野市三日市町560番地の61末広ビル３階事務所,株式会社ＴＡＮＧＯ,●,10,,●,10,,,大阪府河内長野市,0
2750720381,くれいしゅ,0721-70-7000,0721-70-7010,586-0012,大阪府河内長野市菊水町９番８号　１階,一般社団法人トリプル,●,10,,●,10,,,大阪府河内長野市,0
2750720399,ＳＥＡＳＯＮ,0721-70-7878,0721-70-7890,586-0084,大阪府河内長野市旭ケ丘34番14号,社会福祉法人たこう福祉会,●,10,,●,10,●,,大阪府河内長野市,0
2750720407,こどもデイサービス ほほえみ,0721-55-4920,0721-55-4919,586-0046,大阪府河内長野市中片添町１-26,株式会社ほほえみ介護センター,●,10,,●,10,,,河内長野市,28
2754820013,ＩＬＩＳ　ＣＬＵＢ松原,072-339-0160,072-339-0162,580-0014,大阪府松原市岡三丁目2番15号　２階,株式会社アイリス,●,10,,●,10,,,大阪府松原市,0
2754820039,みんなの木松原,072-349-1785,072-349-1786,580-0044,大阪府松原市田井城１丁目６番２２号１階１F-B号室,ニューライフ株式会社,,,,●,10,,,大阪府松原市,0
2754820054,運動療育型児童デイあろは,072-332-3030,072-332-3030,580-0032,大阪府松原市天美東七丁目12番25号ローズクイーン天美101号,有限会社ＳＫ,●,10,,●,10,,,大阪府松原市,0
2754820062,みんなの木天美,072-321-1785,072-321-1786,580-0032,大阪府松原市天美東八丁目４番29号１階,ニューライフ株式会社,●,10,,●,10,,,大阪府松原市,0
2754820070,ライズ児童デイサービスまつばら,072-330-1560,072-330-1561,580-0002,大阪府松原市小川一丁目12番16号,有限会社エスエヌ企画,●,10,,●,10,,,大阪府松原市,0
2754820104,グローイングアップひかり学園,072-349-0218,072-349-0218,580-0016,大阪府松原市上田一丁目７番36号ふぁみ～ゆ上田Ⅱ305号室,合同会社ＫＣＡ,●,10,,●,10,,,大阪府松原市,0
2754820112,育み,072-349-7407,072-349-7407,580-0026,大阪府松原市天美我堂一丁目７番地朝日プラザ松原F棟101/102,株式会社はぐくみ,●,10,,●,10,,,大阪府松原市,0
2754820138,つむぎ,050-1183-4062,050-1183-4062,580-0014,大阪府松原市岡四丁目２番22号,有限会社あすか,●,10,,●,10,,,大阪府松原市,0
2754820146,学習支援はぐくみ松原ほたる教室,072-349-1133,072-349-1134,580-0043,大阪府松原市阿保三丁目５番３号,株式会社はぐくみ,,,,●,10,,,大阪府松原市,0
2754820153,児童デイサービス・アニマートまつばら,072-247-5812,072-247-5813,580-0016,大阪府松原市上田一丁目７番36号ふぁみ～ゆ上田Ⅱ２階202号室,株式会社かぐらしょ,,,,●,10,,,大阪府松原市,0
2754820179,こどもサポート教室「きらり」河内松原校,072-349-3242,072-349-3242,580-0016,大阪府松原市上田三丁目４番11号ペルルＹＴＫ３階301,株式会社クラ・ゼミ,●,10,,●,10,,,大阪府松原市,0
2754820195,放課後等デイサービスにじいろ倶楽部まつばら,072-338-6012,072-338-6013,580-0006,大阪府松原市大堀三丁目２番１号,株式会社くるみの樹,,,,●,10,,,大阪府松原市,0
2754820229,サンリスペクト,072-331-4451,072-350-4455,580-0033,大阪府松原市天美南六丁目７番３号,サンリスペクト株式会社,,,,●,10,,,大阪府松原市,0
2754820245,放課後等デイサービス　テラ,072-335-5551,072-335-5533,580-0032,大阪府松原市天美東八丁目13番23号,社会福祉法人立青福祉会,,,,●,10,,,大阪府松原市,0
2754820252,ハレタソラ天美,072-370-8080,072-370-8080,580-0033,大阪府松原市天美南六丁目８番地の９,サンリスペクト株式会社,,,,●,10,,,大阪府松原市,0
2754820260,音楽療育特化型事業所　リズムストーリー松原,072-339-3888,072-339-3889,580-0043,大阪府松原市阿保五丁目15番20号　グランメゾンハーミア　１階店舗,株式会社バスター,●,10,,●,10,,,大阪府松原市,0
2754820278,児童発達支援・放課後等デイサービス　ｅｋｕｂｏ,072-321-9061,072-249-6172,580-0032,大阪府松原市天美東八丁目２番４号　ハイツ薮内パートⅠ　１階,株式会社ｒｕｓｏｎ,☆,5,●,☆,5,,,大阪府松原市,0
2754820286,トラストuni,072-338-2212,072-338-2213,580-0003,大阪府松原市一津屋二丁目5番22号,合同会社UNION,☆,5,,☆,5,,,大阪府松原市,0
2754820294,小鹿,072-335-6524,072-335-6524,580-0023,大阪府松原市南新町三丁目３番28号,株式会社エアーメディックス,☆,5,,☆,5,,,大阪府松原市,0
2754820310,アッセンブル,072-289-7665,072-289-7666,580-0021,大阪府松原市高見の里一丁目２番30号ふぁみ～ゆ松原中央106号室,株式会社えん,●,10,,●,10,,,大阪府松原市,0
2754820328,といろ,072-248-6922,072-248-6922,580-0033,大阪府松原市天美南五丁目18番14号,株式会社リスペクトフォアライフ,●,10,,●,10,,,大阪府松原市,0
2754820336,ほっとキッズAdvance,072-337-8640,072-337-8641,583-0881,大阪府松原市三宅中一丁目４番27号,株式会社codona,●,10,,●,10,,,大阪府松原市,0
2754820351,児童発達支援・放課後等デイサービスＨａＬｅ,072-339-7025,072-339-7026,580-0033,大阪府松原市天美南六丁目1番29号,HALE株式会社,●,10,,●,10,,,大阪府松原市,0
2754820369,児童発達支援・放課後等デイサービス　ｅｋｕｂｏ　Ｇｙｕｔｔｏ,072-204-1153,072-204-1153,580-0044,大阪府松原市田井城二丁目２番２号サンシティ松原120,Ｏｎｅ’ｓ　Ｂｒｉｇｈｔ　Ｆａｃｔｏｒｙ株式会社,●,10,,●,10,●,,大阪府松原市,0
2754820377,放課後等デイサービス　ウィズ・ユー松原高見の里,072-248-8718,072-248-6643,580-0021,大阪府松原市高見の里三丁目２番11号　第８セイワビル１階１Ｆ号室,合同会社Ｍｏｔｈｅｒ’ｓ　Ｇｏｄ,●,10,,●,10,,,大阪府松原市,0
2754820385,児童デイサービス・アニマートまつがおか,072-349-7092,072-349-7093,580-0042,大阪府松原市松ケ丘一丁目336番松原スイミングスクール貸し店舗　１階Ａ－３号室,株式会社かぐらしょ,,,,●,10,,,大阪府松原市,0
2754820393,みんなの木　田井城,072-247-4440,072-247-444１,580-0044,大阪府松原市田井城一丁目６番22号２階,コントレール株式会社,●,10,,●,10,,,大阪府松原市,0
2754820401,児童発達支援・放課後等デイサービス　そら,072-915-1600,072-915-9700,580-0024,大阪府松原市東新町一丁目11番３号,株式会社ベジフル,☆,5,,☆,5,,,大阪府松原市,0
2754820419,ほっとキッズ松原天美,072-247-5327,072-247-5328,580-0033,大阪府松原市天美南五丁目22番11号,株式会社ｃｏｄｏｎａ,●,10,,●,10,,,大阪府松原市,0
2754820427,きょうわウィズ（児童発達支援・放課後等デイサービス）,072-349-4473,072-349-4479,580-0043,大阪府松原市阿保三丁目４番11号,株式会社共和製作所,●,10,,●,10,,,大阪府松原市,0
2753820386,ほっとキッズアフタースクール,072-349-6825,072-349-6835,580-0033,大阪府松原市天美南五丁目22番11号２階,株式会社codona,,,,●,10,,,大阪府松原市,0
2754820435,放課後等デイサービス　ＰＡＬ,072-339-2525,072-339-2525,580-0011,大阪府松原市西大塚二丁目１番９号,合同会社リアン,●,10,,●,10,,,大阪府松原市,0
2754820443,コペルプラス　河内松原教室,072-349-9660,072-349-9661,580-0043,大阪府松原市阿保三丁目５番21号ＭＣビル２階201号,株式会社クラ・ゼミ,●,10,,,,,,大阪府松原市,0
2754820450,コペルプラス　河内天美教室,072-247-4533,072-247-4534,580-0032,大阪府松原市天美東七丁目７番７号ロイヤルコート天美　２階201号室,株式会社クラ・ゼミ,●,10,,,,,,大阪府松原市,0
2754820468,放課後等デイサービス　ウィズ・ユー松原高見の里２ｎｄ,072-248-7120,072-248-7120,580-0021,大阪府松原市高見の里四丁目765番地８号,合同会社Ｍｏｔｈｅｒ’ｓＧｏｄ,,,,●,10,,,松原市,35
2751920014,大東市立幼児発達支援教室,072-812-7792,072-812-7792,574-0011,大阪府大東市北条一丁目16番16号,大東市,●,20,,,,,,大阪府大東市,0
2751920063,児童発達支援ポラリス運動day,072-871-2726,072-871-2727,574-0046,大阪府大東市赤井一丁目15番１号大東ビル１　２階,一般社団法人ポラリス,●,10,,●,10,,,大阪府大東市,0
2751920071,いきいきケアサポートにしの大東店,072-875-0131,072-875-0132,574-0025,大阪府大東市御供田四丁目４番11号ロイヤルメゾン千國１階右２号,合同会社放課後等デイサービスいきいき,,,,●,10,,,大阪府大東市,0
2751920089,bamboo・スポーツ塾ふらっと大東,072-875-8113,072-875-8103,574-0026,大阪府大東市住道二丁目２番110号大東サンメイツ２番館110号室,一般社団法人ふらっと,●,10,,●,10,,,大阪府大東市,0
2751920097,ぽっぷこーん大東,072-865-7517,072-865-7519,574-0028,大阪府大東市幸町22番25号,株式会社グッド・ケア・グループ,,,,●,10,,,大阪府大東市,0
2751920121,ふらっとＨＯＲＡ,072-872-3333,072-872-5557,574-0034,大阪府大東市朋来一丁目21番18号グラッドホーラ101号,株式会社ＳＡＣＣ,●,10,,●,10,,,大阪府大東市,0
2751920139,ｆｌａｔ大東いいもりぷらざ店,072-812-6011,072-812-6012,574-0011,大阪府大東市北条一丁目16番16号４階,株式会社ｆｌａｔ,●,10,,●,10,,,大阪府大東市,0
2751920147,児童発達支援・放課後等デイサービスてくてく,072-877-8055,072-877-8066,574-0003,大阪府大東市明美の里町16番30号２階,特定非営利活動法人発達凸凹サポーターてくてく,●,10,,●,10,,,大阪府大東市,0
2751920154,放課後等デイサービスくりーむうさぎ,072-888-9230,072-888-9230,574-0045,大阪府大東市太子田二丁目10番16号,株式会社プリス,,,,●,10,,,大阪府大東市,0
2751920162,ぽっぷこーん大東ＮＥＸＴ,072-800-8381,072-800-8382,574-0014,大阪府大東市寺川三丁目11番10号,株式会社グッド・ケア・グループ,,,,●,10,,,大阪府大東市,0
2751920188,慶生会ＫＩＤＳステージ野崎,072-863-1221,072-863-1220,574-0011,大阪府大東市北条一丁目２番41号１階,社会福祉法人慶生会,●,10,,●,10,,,大阪府大東市,0
2751920196,ふらっとＨＯＲＡ２,072-803-7818,072-872-5557,574-0044,大阪府大東市諸福四丁目１番15号,株式会社ＳＡＣＣ,,,,●,10,,,大阪府大東市,0
2751920204,児童発達支援・放課後等デイサービス翔はばたき,072-803-7429,072-803-7429,574-0044,大阪府大東市諸福二丁目１番４号,ＮＰＯ法人輝ひかり,●,10,,●,10,,,大阪府大東市,0
2751920212,発達支援ルーム　ゆあーず,072-812-7886,072-812-7886,574-0046,大阪府大東市赤井一丁目15番１号４Ｆ,一般社団法人Ｙｓケアサポート,●,10,,●,10,,,大阪府大東市,0
2751920246,きらめキッズ　大東,072-888-8857,072-875-1310,574-0024,大阪府大東市泉町一丁目４番11号　メモワール１階,株式会社リベルテ,●,10,,●,10,,,大阪府大東市,0
2751920261,ピアリン,072-800-8556,072-800-8565,574-0015,大阪府大東市野崎一丁目９番５号　隅田マンション102号・103号,株式会社わらみ,☆,5,,☆,5,,,大阪府大東市,0
2751920279,みずふね体操クラブ,072-812-6717,072-812-6717,574-0034,大阪府大東市朋来一丁目21番23号,豊生スポーツ株式会社,●,10,,●,10,,,大阪府大東市,0
2751920287,Vivid-Life,072-803-7022,072-800-3160,574-0025,大阪府大東市御供田四丁目４番11号　ロイヤルメゾン千國105号,合同会社VIVID,●,10,,●,10,,,大阪府大東市,0
2751920295,児童発達支援・放課後等デイサービス　すまいるぱれっと,072-877-6830,072-877-6831,574-0004,大阪府大東市南楠の里町14番26号　イーストコート101号室,合同会社縁,●,10,,●,10,,,大阪府大東市,0
2751920311,にじいろのおうち,072-812-2528,072-812-2529,574-0024,大阪府大東市泉町二丁目13番５号,一般社団法人はっぴーれいんぼー,●,20,,●,20,●,共生型,大阪府大東市,0
2751920329,みらくる,072-888-0793,072-397-0109,574-0793,大阪府大東市平野屋一丁目１番２号フラットカキノキＢ１Ｆ,合同会社ＯＮＥＬＩＮＥ,●,10,,●,10,,,大阪府大東市,0
2751920345,慶生会ＫＩＤＳプラス大東,072-863-3040,072-863-3041,574-0015,大阪府大東市野崎一丁目13番４号,社会福祉法人慶生会,●,10,,●,10,,,大阪府大東市,0
2751920352,universal school CRECIO Jr.住道校,072-873-9000,072-873-9900,574-0042,大阪府大東市大野一丁目４番25号,株式会社ＮＥＳＴ,●,10,,●,10,,,大阪府大東市,0
2751920360,放課後等デイサービス　チェスト,072-803-7265,072-803-7266,574-0076,大阪府大東市曙町２番６号,株式会社　和心,●,10,,●,10,,,大阪府大東市,0
2751920378,ビジョントレーニング療育　べすとびじょん,072-813-7411,072-813-7411,574-00２７,大阪府大東市三住町１番29号シャルム三住,株式会社べすとびじょん,●,10,,●,10,●,,大阪府大東市,0
2751920386,ゴールズスポーツ教室,072-381-5049,072-381-8245,574-0022,大阪府大東市平野屋一丁目１番２号フラットカキノキ１Ｆ,合同会社GOALS,●,10,,●,10,,,大阪府大東市,0
2751920394,ふぁみりずむ,080-3806-2558,072-813-7237,574-0014,大阪府大東市寺川二丁目5番22号,合同会社Ｉ　ｓｔａｒ　Ｌａｂ,●,10,,●,10,,,大阪府大東市,0
2751920402,ピリナ,072-800-8556,072-800-8565,574-0011,大阪府大東市北条一丁目７番23号樋口ビル１階,株式会社わらみ,☆,5,,☆,5,,,大阪府大東市,0
2751920410,放課後等デイサービス　ななみ,072-800-4003,072-800-4004,574-0074,大阪府大東市谷川二丁目８番43号,株式会社　和心,●,10,,●,10,,,大阪府大東市,0
2751920428,ワンストップスクールＲＩＧＳ大東,072-803-8601,072-803-8602,574-0034,大阪府大東市朋来二丁目５番35号サンメゾンイースト１Ｆ,株式会社ＧＹＧ,●,10,,●,10,,,大阪府大東市,0
2751920436,放課後等デイサービスリコード,072－817-9140,072－817-9140,５７４－００７２,大阪府大東市深野三丁目28番３号アクティブ・スクウェア・大東２階201号,有限会社エム・アンド・エム,,,,●,10,,,大阪府大東市,0
2751920444,放課後等デイサービス　はれ,072-813-5501,072-813-5502,574-0045,大阪府大東市太子田一丁目１番８号,株式会社和心,●,10,,●,10,,,大阪府大東市,0
2751920451,アステリつくーる,072-812-5147,072-812-5148,574-0043,大阪府大東市灰塚五丁目１番45号ＢＵＩＬＤよしかわ302号,合同会社みらい共生社会推進協議会,●,10,,●,10,,,大阪府大東市,0
2751920469,きらめキッズ大東ねくすと,072-813-2338,072-813-2606,574-0024,大阪府大東市泉町二丁目10番18号アキツマンション１階１Ｆ号,株式会社リベルテ,●,10,,●,10,,,大阪府大東市,0
2751920477,児童発達支援管理・放課後等デイサービス　ゆあてらす,072-875-6677,072-870-0730,574-0043,大阪府大東市灰塚五丁目６番４号　２階,株式会社Ｓ－Ｐｌａｎｎｉｎｇ,●,10,,●,10,,,大阪府大東市,35
2750520021,わわ,0725-24-4030,0725-24-5680,594-0083,大阪府和泉市池上町2丁目5番16号,株式会社HISWAY,,,,●,10,,,大阪府和泉市,0
2750520047,ゆとりの里,0725-50-2001,0725-50-2001,594-1104,大阪府和泉市万町384番地,有限会社旭日,,,,●,10,,,大阪府和泉市,0
2750520054,放課後等デイサービス事業所マザーズ,0725-26-0026,0725-26-1559,594-0003,大阪府和泉市太町１５８番地の１３,特定非営利活動法人サポートネット・マザーズ,,,,●,10,,,大阪府和泉市,0
2750520070,ぷちとまと,0725-30-4680,0725-30-4680,594-0032,大阪府和泉市池田下町1218－１番地,特定非営利活動法人ぷちとまとの会,,,,●,10,,,大阪府和泉市,0
2750520112,運動療育クラブのあ泉北和泉,0725-92-8455,0725-92-8455,594-0042,大阪府和泉市箕形町一丁目２番６号,一般社団法人のあ,●,10,,●,10,,,大阪府和泉市,0
2750520146,でぃあはーつ,0725-24-3265,0725-24-3265,594-0003,大阪府和泉市太町570番地の９　２階,株式会社煌,,,,●,10,,,大阪府和泉市,0
2750520153,児童発達支援・放課後等デイサービスにじ,0725-90-7384,0725-90-7761,594-0013,大阪府和泉市鶴山台二丁目１番１号棟105,有限会社北勝,●,10,,●,10,,,大阪府和泉市,0
2750520161,児童デイサービスびりぃぶ,0725-90-7026,0725-90-7036,594-1151,大阪府和泉市唐国町二丁目８番58号１階,株式会社はじめ,●,10,,●,10,,,大阪府和泉市,0
2755320047,スイートピー,0725-50-3222,0725-50-3233,594-1111,大阪府和泉市光明台三丁目20番４号,株式会社スイートピー,,,,●,10,,,大阪府和泉市,0
2750520195,児童発達支援・放課後等デイサービスあゆみ,0725-57-3880,0725-57-8601,594-0032,大阪府和泉市池田下町2263番地の2,特定非営利活動法人みらい,●,10,,●,10,,,大阪府和泉市,0
2750520211,ｗｅｌｆａｒｅ和泉中央,0725-57-5511,0725-57-5533,594-0032,大阪府和泉市池田下町173番１メルベーユ和泉中央Ｄ号室,株式会社ファースト,●,10,,●,10,,,大阪府和泉市,0
2750520237,児童発達支援・放課後等デイサービスドレミ,0725-43-5555,0725-44-5656,594-0003,大阪府和泉市太町24番地１,株式会社トップケアサービス,●,10,,●,10,,,大阪府和泉市,0
2750520278,フェアリーテイル,0725-38-7725,0725-38-7725,594-0076,大阪府和泉市肥子町二丁目５番54号サラスバティ肥子１階Ｄ号,株式会社キーポイント,●,10,,●,10,,,大阪府和泉市,0
2750520310,音楽療育おとゆいキッズ,0725-53-1066,0725-53-1066,594-1155,大阪府和泉市緑ケ丘一丁目９番８号,特定非営利活動法人音楽サポートネット音結,●,10,,●,10,,,大阪府和泉市,0
2750520336,スマイル,0725-40-2525,0725-40-2526,594-0064,大阪府和泉市寺門町一丁目１番５号,株式会社Ｍｅｒｒｙ,●,10,,●,10,,,大阪府和泉市,0
2750520351,児童発達支援・放課後等デイサービスぴあーちぇ和泉,0725-24-0274,0725-24-0274,594-0083,大阪府和泉市池上町三丁目14番81号　池上町３丁目貸店舗５号室,株式会社ひなた,●,10,,●,10,,,大阪府和泉市,0
2750520377,放課後等デイサービスなういずみ,072-590-4900,072-590-4899,594-0071,大阪府和泉市府中町七丁目２番５号,株式会社晴友,●,10,,●,10,,,大阪府和泉市,0
2750520385,ここあ,0725-43-8801,0725-43-8802,594-0082,大阪府和泉市富秋町一丁目４番43号,ＳＥＩＷＡ　Ｍｅｄｉｃａｌ株式会社,☆,5,,☆,5,,,大阪府和泉市,0
2750520393,運動療育ＦＣのあ泉北和泉,0725-99-8810,0725-99-8810,594-0065,大阪府和泉市観音寺町877番１号,株式会社のあ,●,10,,●,10,,,大阪府和泉市,0
2750520401,療育サポートセンターわおん,0725-56-4030,0725-56-4031,594-1111,大阪府和泉市光明台三丁目２番　第101号棟第105号室,一般社団法人わおん,●,10,,●,10,●,,大阪府和泉市,0
2750520443,児童発達支援・放課後等デイサービスそら,0725-40-3515,0725-40-3516,594-0071,大阪府和泉市府中町八丁目４番22号２階,株式会社まほろば,●,10,,●,10,,,大阪府和泉市,0
2750520450,どんぐりの樹,0725-54-1147,0725-54-1154,594-0042,大阪府和泉市箕形町四丁目２番35号,有限会社ケアテック,●,10,,●,10,,,大阪府和泉市,0
2750520484,ジャンプ,0725-99-8641,0725-99-8642,594-0022,大阪府和泉市黒鳥町一丁目18番７号,株式会社ＪＵＭＰ,●,10,,●,10,●,,大阪府和泉市,0
2750520500,ちびっこBA-NA,0725-51-7333,0725-51-7336,594-0074,大阪府和泉市小田町二丁目１番31号,社会福祉法人嘉舟会,☆,5,,☆,5,,,大阪府和泉市,0
2750520518,就労準備型放課後等デイサービス　自由帳　池田下,080-4492-2953,072-344-5278,594-0032,大阪府和泉市池田下町2016－１,Smm株式会社,,,,●,10,,,大阪府和泉市,0
2750520542,放課後等デイサービス　フォース,0725-58-7450,0725-58-7451,594-0071,大阪府和泉市府中町四丁目２番15号,TR合同会社,,,,●,10,,,大阪府和泉市,0
2750520559,スマイルぷらす,0725-46-2535,0725-46-2536,594-0073,大阪府和泉市和気町三丁目３番30号,株式会社Ｍｅｒｒｙ,●,10,,●,10,●,,大阪府和泉市,0
2750520575,PepABeat,050-8881-4810,050-8881-4811,594-0073,大阪府和泉市和気町二丁目3番7号朝日プラザシティ・サザンパーク商業棟１F,合同会社grandA'stage,●,10,,●,10,,,大阪府和泉市,0
2750520591,ｗｅｌｆａｒｅ唐国,0725-24-9067,0725-24-9068,594-1151,大阪府和泉市唐国町二丁目13番７号,株式会社ファースト,,,,●,10,,,大阪府和泉市,0
2750520609,はぐハウスⅢ,0725-41-0089,0725-41-0099,594-0052,大阪府和泉市阪本町17番1号,ＩＯＳメディカルケア株式会社,☆,5,,☆,5,,,大阪府和泉市,0
2750520617,アイアムいずみ,072-558-7845,072-558-7846,594-1156,大阪府和泉市内田町四丁目３番11号,株式会社アイアム,●,10,,●,10,,,大阪府和泉市,0
2750520625,ポップコーン,0725-38-8805,0725-26-0930,594-0021,大阪府和泉市山荘町二丁目11番26号,合同会社　あすなろ,●,10,,●,10,,,大阪府和泉市,0
2750520633,放課後等デイサービス　ウィズ・ユー光明池,0725-50-0331,0725-50-0332,594-0031,大阪府和泉市伏屋町五丁目２番14号　ロイヤルビル２Ｆ,株式会社東文堂書店,●,10,,●,10,,,大阪府和泉市,0
2750520666,放課後等デイサービス　はねるん,０７２５－５５－６６６１,０７２５－５５－６６６９,５６９－００４１,大阪府和泉市いぶき野三丁目３番２号,株式会社フジワラ,,,,●,10,,,大阪府和泉市,0
2750520674,リハこどもデイ　ライラック,0725‐46‐0508,0725‐45‐3096,594-0065,大阪府和泉市観音寺町847番地の２,社会福祉法人のぼり藤,,,,●,10,,,大阪府和泉市,0
2750520682,放課後等デイサービス　クロスファン,06-6629-8166,06-7635-7407,594-0013,大阪府和泉市鶴山台二丁目１番　鶴山台団地第４号棟104号室,株式会社ノブカントリー,,,,●,10,,,大阪府和泉市,0
2750520690,アウラ,0725-58-8989,0725-58-8990,594-0062,大阪府和泉市寺田町一丁目３番48号,株式会社スパークル,☆,5,,☆,5,,,大阪府和泉市,0
2750520708,放課後等デイサービス　ウィズ・ユー和泉,072-546-7225,072-558-7229,594-0023,大阪府和泉市伯太町一丁目13番７号　ももちゃんヒルズ和泉１階,新秋堂株式会社,,,,●,10,,,大阪府和泉市,0
2750520716,児童デイサービス　かえで,070-8954-2024,,594-0032,大阪府和泉市池田下町1883番地の１－101号室,株式会社ＷＡＧＯＵ,☆,5,,☆,5,,,大阪府和泉市,0
2750520724,だんらんの家　光明台,0725-70-2220,0725-51-7397,594-1111,大阪府和泉市光明台二丁目11番29号,泉州ケアサービス株式会社,,,,●,16,,共生型,大阪府和泉市,0
2750520732,コペルプラス　和泉府中教室,0725-90-7895,0725-90-7896,594-0071,大阪府和泉市府中町一丁目12番15号フジナミビル５階,株式会社クラ・ゼミ,●,10,,,,,,大阪府和泉市,0
2750520740,コペルプラス　光明池教室,0725-58-8694,0725-58-8695,594-0031,大阪府和泉市伏屋町五丁目３番３号　アポロプラザ光明池201・202号,神寿縁株式会社,●,10,,,,,,大阪府和泉市,0
2750520757,放課後等デイサービス　ウィズ・ユー和泉中央,0725-90-5936,0725-90-5937,594-1156,大阪府和泉市内田町三丁目１番40号,株式会社東文堂書店,,,,●,10,,,和泉市,1
2750520765,就労準備型放課後等デイサービス自由帳　井ノ口,090-9882-2645,072-231-9048,594-0072,大阪府和泉市井ノ口町６番３８号,Smm株式会社,,,,●,10,,,和泉市,44
2751420015,箕面市児童発達支援事業所あいあい園,072-727-9520,072-727-9522,562-0014,大阪府箕面市萱野五丁目7番1号　箕面市総合保健福祉センター分室,箕面市,●,30,,,,,,大阪府箕面市,0
2751420023,こども発達支援センター青空,072-729-0125,072-729-0125,562-0015,大阪府箕面市稲六丁目15番26号,社会福祉法人大阪府障害者福祉事業団,●,10,,●,10,●,,大阪府箕面市,0
2751420031,地域支援センターわとと,072-734-6955,072-734-6887,562-0035,大阪府箕面市船場東2丁目6－46　チャレンジMMGビル2階,社会福祉法人北摂福祉会,●,10,,●,10,,,大阪府箕面市,0
2751420049,どれみ,072-747-6024,072-747-6024,562-0036,大阪府箕面市船場西２丁目１９－９,株式会社サポート,●,10,,●,10,,,大阪府箕面市,0
2751420064,まめべや,072-730-2521,072-730-2520,562-0036,大阪府箕面市船場西三丁目８番６号２０１号,株式会社まめっと,●,10,,●,10,,,大阪府箕面市,0
2751420072,スマイルブーケ放課後等デイサービス　たんぽぽハウス,072-720-5511,072-720-5512,562-00０4,大阪府箕面市牧落三丁目３番12号村上ビル201号室,株式会社スマイルブーケ,,,,●,10,,,大阪府箕面市,0
2751420080,麦の子,072-722-7400,072-724-9698,562-0014,大阪府箕面市萱野一丁目19番４号箕面市立萱野中央人権文化センター内,特定非営利活動法人暮らしづくりネットワーク北芝,●,10,,●,10,,,大阪府箕面市,0
2751420098,ドリームケアデイサービス如意谷,072-700-7761,072-700-7762,562-0011,大阪府箕面市如意谷三丁目１番12号,有限会社ドリームケア,●,10,,●,10,,,大阪府箕面市,0
2751420114,はつかぜ,072-734-7922,072-734-7923,562-0031,大阪府箕面市小野原東三丁目５番38号協栄箕面第２ハイツ105・106号室,合同会社イナツヒコ,☆,5,●,☆,5,●,,大阪府箕面市,0
2751420130,スマイルブーケ放課後等デイサービス　たんぽぽクラブ,072-737-5454,072-737-5854,562-0033,大阪府箕面市今宮四丁目20番２号,株式会社スマイルブーケ,●,10,,●,10,,,大阪府箕面市,0
2751420148,リアン・プラス第２教室,072-734-7960,072-734-7970,562-0025,大阪府箕面市粟生外院一丁目21番52号,特定非営利活動法人ＰＬＵＳ　ＯＮＥ,●,10,,●,10,,,大阪府箕面市,0
2751420155,放課後等デイサービスメイプル,072-702-0000,072-702-0000,562-0033,大阪府箕面市今宮三丁目８番１号,エスぺランサ合同会社,,,,●,10,,,大阪府箕面市,0
2751420171,welfare箕面,072-737-4328,072-737-4338,562-0015,大阪府箕面市稲五丁目13番６号コーポいな１階,株式会社Azars,●,10,,●,10,,,大阪府箕面市,0
2751420197,運動クラブりずむ,072-734-7515,072-734-7514,562-0004,大阪府箕面市牧落三丁目19番38号　林下ビル101号室,株式会社ＤＲＣフィールズ,●,10,,●,10,,,大阪府箕面市,0
2751420205,放課後等デイサービスＨＡＲＵ箕面,072-737-7413,072-737-7434,562-0046,大阪府箕面市桜ケ丘四丁目11番15号桜ヶ丘ビル102,株式会社シーシー,,,,●,10,,,大阪府箕面市,0
2751420221,個別療育センターココスマイル,072-723-7110,072-723-7117,562-0004,大阪府箕面市牧落四丁目６番12号,一般社団法人たけのこ,●,10,,●,10,,,大阪府箕面市,0
2751420239,めばえ２１,072-737-8735,072-737-8766,562-0001,大阪府箕面市箕面六丁目１番15号第六吉光ビル101号,特定非営利活動法人ダウン症ファミリー総合支援めばえ２１,●,10,,●,10,●,,大阪府箕面市,0
2751420254,放課後等デイサービス　ＨＡＲＵ箕面東,072-736-9882,072-736-9883,562-0025,大阪府箕面市粟生外院一丁目20番７号小路貸店舗１階,株式会社シーシー,,,,●,10,,,大阪府箕面市,0
2751420288,アートチャイルドケアＳＥＤスクール箕面,0727-68-8481,0727-68-8482,562-0043,大阪府箕面市桜井一丁目13番２号ハレリア桜井２Ｆ,アートチャイルドケア株式会社,●,10,,,,,,大阪府箕面市,0
2751420304,アフタースクール　ぴあにしも,072-786-5360,072-786-7160,562-0041,大阪府箕面市桜四丁目18番１号203,一般社団法人中曽教育研究所,●,10,,●,10,,,大阪府箕面市,0
2751420320,個別療育センターココスマイル本部,072-736-8720,072-736-8721,562-0014,大阪府箕面市萱野五丁目12番１号　２階,一般社団法人たけのこ,●,10,,●,10,,,大阪府箕面市,0
2751420346,運動クラブあどばんす,072-736-9812,072-736-9813,562-0003,大阪府箕面市西小路五丁目４番27号,株式会社ＤＲＣフィールズ,,,,●,10,,,大阪府箕面市,0
2751420361,運動療育スタジオspark箕面,072-726-3809,072-726-3810,562-0035,大阪府箕面市船場東一丁目15番８号新船場ビル第５千里ハイツ102号,株式会社クーバル・ウエルケア,●,10,,●,10,,,大阪府箕面市,0
2751420379,リアン・プラス第１教室,072-734-7950,072-734-7940,562-0024,大阪府箕面市粟生新家一丁目３番９号,特定非営利活動法人ＰＬＵＳ　ＯＮＥ,●,10,,●,10,●,,大阪府箕面市,0
2751420387,Sｕｎはーとキッズ,072-737-6420,072-737-6421,562-0045,大阪府箕面市瀬川五丁目３番21号　箕面喜晃ビル102号室,合同会社Ｓｕｎはーと,●,10,,●,10,,,大阪府箕面市,0
2751420395,アフタースクールぴあにしも　桜中央教室,072-736-8940,072-736-8941,562-0041,大阪府箕面市桜四丁目９番１号,一般社団法人中曽教育研究所,●,10,,●,10,,,大阪府箕面市,0
2751420445,こみにか,072-734-7480,072-734-7481,562-0004,大阪府箕面市牧落三丁目13番33号　アクティブ箕面102号,一般社団法人りべるりんく,●,10,,●,10,,,大阪府箕面市,0
2751420452,集団療育センターＬＩＢ,072-736-8719,072-736-8721,562-0014,大阪府箕面市萱野五丁目12番１号　１階,株式会社LIBO,●・☆,15,,●,10,,,大阪府箕面市,0
2751420460,キッズテラス　わくわく,072-720-7701,072-720-7702,562-0012,大阪府箕面市白島二丁目20番17号　戎ビル１階,合同会社ＫＩＤＳ　ＴＥＲＲＡＣＥ,●,10,,●,10,,,大阪府箕面市,0
2751420478,コペルプラス　ここいろ箕面教室,072-734-7779,072-734-7779,562-0001,大阪府箕面市箕面五丁目11－４　プラティアビル５階,プレンティグローバルリンクス株式会社,●,10,,●,10,,,大阪府箕面市,0
2751420486,放課後等デイサービス　ウィズ・ユー箕面,072-736-8217,072-736-8217,562-0011,大阪府箕面市如意谷四丁目１番15号　サニーヒル箕面201号,株式会社神戸物語,●,10,,●,10,,,大阪府箕面市,0
2751420494,Coccoleto 箕面校,072-720-7522,072-720-7523,562-0003,大阪府箕面市西小路二丁目７番16号　箕面朝日ビル203,LaZo株式会社,●,10,,●,10,,,大阪府箕面市,0
2751420502,SMASPO箕面校,072-737-8392,072-737-8399,562-0041,大阪府箕面市桜一丁目１番１号　ジョイタウン佐久良２階C号室,LaZo株式会社,●,10,,●,10,●,,大阪府箕面市,0
2751420510,Ｖｉｅｌ　Ｋｉｎｄｅｒ,072-737-8602,072-737-8632,562-0004,大阪府箕面市牧落三丁目２番15号ポプラハウス101号,株式会社Ｓｐｉｅｌｅｎ,☆,5,,☆,5,,,大阪府箕面市,0
2751420528,ＬＩＢＯらぼ　みのお園,072-734-6828,072-734-6829,562-0024,大阪府箕面市粟生新家三丁目23番13号,株式会社ＬＩＢＯ,●,10,,●,10,,,大阪府箕面市,0
2751420536,デイジーＭｉｎｏｈ,072-734-7361,072-734-7364,562-0012,大阪府箕面市白島三丁目13番１号,デイジーＭｉｎｏｈ合同会社,●,10,,●,10,,,大阪府箕面市,0
2751420551,Ｓｕｎはーと箕面,072-721-8501,072-721-8502,562-0001,大阪府箕面市箕面七丁目１番14号リッツ箕面１Ｆ,合同会社Ｓunはーと,●,10,,●,10,,,大阪府箕面市,0
2751420577,めばえ21　桜井店,072-720-7150,072-720-7155,562-0043,大阪府箕面市桜井三丁目１番１号,特定非営利活動法人ダウン症ファミリー総合支援めばえ２１,●,10,,●,10,,,大阪府箕面市,0
2751420585,児童発達支援・放課後等デイサービス　あなざーすかい,090-3813-1108,-,562-0045,大阪府箕面市瀬川三丁目３番34号　Ｂａｕｈａｕｓ１階,株式会社ケア・フリージア,☆,6,,☆,6,,,大阪府箕面市,0
2751420593,スタサポ箕面校,072-737-5934,072-737-6034,562-0036,大阪府箕面市船場西一丁目６番７号　三羽鶴ビル５階504号室,ＬａＺｏ株式会社,●,10,,●,10,,,大阪府箕面市,0
2751420601,児童発達支援・放課後等デイサービス　ルチアポルタ,072-736-8850,072-736-8860,562-0025,大阪府箕面市粟生外院一丁目11番22号,株式会社HESTIATH,●,10,,●,10,,,大阪府箕面市,0
2751420619,放課後等デイサービス　ウィズ・ユー箕面牧落,072-734-7426,072-734-7428,562-0004,大阪府箕面市牧落三丁目13番33号アクティブ箕面301号室,株式会社神戸物語,,,,●,10,,,大阪府箕面市,0
2751420627,ＳＵＮ　ＬＩＦＥ　ＦＡＭＩＬＹ　ＭＩＮＯＨ,072-736-8415,072-736-8416,562-0001,大阪府箕面市箕面五丁目12番71号パークプラザビル箕面４階401・402号室,株式会社グランツリー,●,10,,●,10,,,大阪府箕面市,0
2751420635,放課後等デイサービス　ｋａｏｒａ（カオラ）,0727-34-8642,0727-24-8643,562-0003,大阪府箕面市西小路二丁目７番22号ＭＫＭ友ビル202号,株式会社ＳＯＥＩＫＡＩ,,,,●,10,,,大阪府箕面市,0
2751420643,コペルプラス　箕面小野原教室,072-737-8441,072-737-8442,562-0031,大阪府箕面市小野原東五丁目８番６号　パーキーＫ　１階,株式会社クラ・ゼミ,●,10,,,,,,大阪府箕面市,0
2751420650,コペルプラス　箕面粟生外院教室,072-734-6474,072-734-6475,562-0025,大阪府箕面市粟生外院六丁目１番22号　101ビルディング　西側店舗,株式会社クラ・ゼミ,●,10,,,,,,大阪府箕面市,0
2754620025,きっずサポートなにわ,072-978-2206,072-975-1010,582-0025,大阪府柏原市国分西一丁目3番43号HOPEハウス１０１、102,社会福祉法人なにわの里,●,10,,●,10,●,,大阪府柏原市,0
2754620041,すいっちＪｒ,072-921-3434,072-921-3434,582-0024,大阪府柏原市田辺一丁目２番22号,特定非営利活動法人みんな,,,,●,10,,,大阪府柏原市,0
2754620058,ぽかぽか,072-933-7575,072-933-7576,582-0005,大阪府柏原市法善寺四丁目10番29号,特定非営利活動法人ぽかぽか,●,10,,●,10,,,大阪府柏原市,0
2754620066,放課後デイサービスはつらつ柏原,072-970-6669,072-970-6669,582-0009,大阪府柏原市大正二丁目５番５号,株式会社なかつき,●,10,,●,10,,,大阪府柏原市,0
2754620082,あうる,072-921-1930,072-921-2695,582-0002,大阪府柏原市今町一丁目１番６号,特定非営利活動法人みんな,●,10,,●,10,,,大阪府柏原市,0
2754620108,いんくるーじょん,072-973-1192,072-973-1192,582-0018,大阪府柏原市大県一丁目１番１号ファミーユＴ＆Ｍ１階店舗北,株式会社インクルージョン,●,10,,●,10,,,大阪府柏原市,0
2754620132,Ｆｕｌｌ-Ｓｍｉｌｅ～ふるすまいる～,072-972-3700,072-972-3700,582-0016,大阪府柏原市安堂町13番32号,株式会社わかな,,,,●,10,,,大阪府柏原市,0
2754620140,放課後等デイサービス　ノーサイド柏原,072-970-6346,072-970-6347,582-0009,大阪府柏原市大正一丁目８番12号マンション明和１Ｆ,ＴＥＡＭＣＡＲＥ株式会社,☆,7,,☆,7,,,大阪府柏原市,0
2754620165,放課後等デイサービス　クローバー,072-971-7888,072-971-7889,582-0009,大阪府柏原市大正三丁目２番33号,社会福祉法人明寿会,,,,●,10,,,大阪府柏原市,0
2754620173,にしむら小児科児童発達支援ことり,072-976-6600,072-976-6601,582-0021,大阪府柏原市国分本町一丁目９番14号,医療法人涼楓会,●,10,,●,10,,,大阪府柏原市,0
2754620181,TOMODACHI柏原,072-976-2020,072-976-2020,582-0028,大阪府柏原市国分西二丁目1番15号マンション国分ウエスト1階4号室,株式会社エイル,☆,5,,☆,5,,,大阪府柏原市,0
2754620207,児童発達支援・放課後等デイサービス　ヒロアス,072-940-6413,072-940-6414,582-0019,大阪府柏原市平野一丁目12番８号　第２コーポ平野１階　106号,株式会社Ｔｉｅｓ,●,10,,●,10,,,大阪府柏原市,0
2754620215,児童発達支援・放課後等デイサービス　ｔｅｎｂａ,072-959-5768,072-959-7159,582-0027,大阪府柏原市円明町11番17号新栄プロパティー玉手山401,特定非営利活動法人ＭＵＫＵ,●,10,,●,10,,,大阪府柏原市,0
2753820022,ほまれっこ,072-959-3262,072-957-2215,583-0841,大阪府羽曳野市駒ヶ谷106番地1,社会福祉法人ふたかみ福祉会,,,,●,10,,,大阪府羽曳野市,0
2753820030,放課後等デイサービス(四天王寺悲田院児童発達支援センター),072-957-7516,072-950-1531,583-0868,大阪府羽曳野市学園前6丁目1番1号,社会福祉法人四天王寺福祉事業団,,,,●,10,,,大阪府羽曳野市,0
2753820089,放課後等デイサービスほほえみ,072-959-8688,072-959-8688,583-0881,大阪府羽曳野市島泉二丁目３番13号リバーサイドヒロハイム１階,株式会社ステラサポート,●,10,,●,10,,,大阪府羽曳野市,0
2753820105,ストーリー,072-978-8336,072-978-8339,583-0872,大阪府羽曳野市はびきの三丁目10番４号ヴィラ桃山台１階店舗東側,株式会社バスター,●,10,,●,10,,,大阪府羽曳野市,0
2753820113,ＣＯＣＯはびきの,072-933-5500,072-958-4186,583-0861,大阪府羽曳野市西浦三丁目11番12号１階,株式会社アイケアラ,●,10,,●,10,,,大阪府羽曳野市,0
2753820139,療育ルームストーリー,072-979-7800,072-979-7810,583-0884,大阪府羽曳野市野290番地の１　２階,株式会社バスター,●,10,,●,10,,,大阪府羽曳野市,0
2753820154,さん,072-959-2036,072-959-2037,583-0883,大阪府羽曳野市向野一丁目４番21号,株式会社三杉,☆,5,,☆,5,,,大阪府羽曳野市,0
2753820196,ビーナスキッズはびきの,072-959-7785,072-959-7795,583-0857,大阪府羽曳野市誉田三丁目２０-26,株式会社ビーナス,●,10,,●,10,,,大阪府羽曳野市,0
2753820204,放課後等デイサービス　ノーサイドはびきの,072-978-8989,072-978-8990,583-0856,大阪府羽曳野市白鳥一丁目12番５号西谷ビル１階,ＴＥＡＭＣＡＲＥ株式会社,●,10,,●,10,,,大阪府羽曳野市,0
2753820220,音楽療育特化型事業所　リズムストーリー,072-959-6716,072-959-6717,583-0856,大阪府羽曳野市白鳥三丁目16番３号　セシル古市101号,株式会社バスター,●,10,,●,10,,,大阪府羽曳野市,0
2753820261,とも児童発達・放課後デイ事業所,072-954-0699,072-954-0699,583-0874,大阪府羽曳野市郡戸248番地の６,たけ株式会社,●,10,,●,10,,,大阪府羽曳野市,0
2754820120,リンク,072-959-８６５０,072-959-8651,583-085４,大阪府羽曳野市軽里一丁目３番４号新栄プロパティー軽里23号,一般社団法人ココイク,,,,●,10,,,大阪府羽曳野市,0
2753820287,運動発達支援スタジオ笑みりぃ～羽曳野,072-931-7205,072-931-7206,583-0881,大阪府羽曳野市島泉二丁目３番18号　ハイツにっせん１階,株式会社笑,●,10,,●,10,,,大阪府羽曳野市,0
2753820295,放課後等デイサービスえがお羽曳野,072-931-0575,072-931-0576,583-0876,大阪府羽曳野市伊賀38番地３,株式会社Ｆ－ｓｔａｇｅ,●,10,,●,10,,,大阪府羽曳野市,0
2753820311,児童デイサービス　ソニオ,072-956-5551,072-956-5551,583-086８,大阪府羽曳野市学園前５丁目180番18号,合同会社優夢,,,,●,10,,,大阪府羽曳野市,0
2753820329,ライフ　スタディ,072-900-2639,06-7632-2757,583-0856,大阪府羽曳野市白鳥三丁目15番1号豊田ビル1階・2階,株式会社ILIFE,,,,●,10,,,大阪府羽曳野市,0
2753420146,ぽんぽこはうすelmo,072-979-7021,072-979-7022,583-0872,大阪府羽曳野市はびきの五丁目２２－５アモール２０１,株式会社ＰＲＯmessa,●,10,,,,,,大阪府羽曳野市,0
2753820337,ぶどうの家,072-976-5231,072-976-5232,583-0846,大阪府羽曳野市東阪田175番１号,阪本織布株式会社,●,10,,●,10,,,大阪府羽曳野市,0
2753820345,放課後等デイサービス　ウィズ・ユー羽曳が丘,072-959-8808,072-959-8808,583-0864,大阪府羽曳野市羽曳が丘四丁目１番５号,有限会社ワークスエンタープライズ,●,10,,●,10,,,大阪府羽曳野市,0
2753820352,音楽療育特化型事業所　リズムストーリー西浦,072-959-0333,072-959-0334,583-0861,大阪府羽曳野市西浦六丁目２番20号,株式会社バスター,●,10,,●,10,,,大阪府羽曳野市,0
2753820378,ほっとキッズＮＥＸＴ,072-938-6661,072-938-6662,583-0881,大阪府羽曳野市島泉二丁目８番22号,株式会社codona,●,10,,●,10,,,大阪府羽曳野市,0
2753420039,児童デイサービスまつぼっくり,072-959-4540,072-959-6911,583-0863,大阪府羽曳野市蔵之内292番地,株式会社アルテ,●,10,,●,10,,,大阪府羽曳野市,0
2753820394,放課後等デイサービスひまわりはうす,072-957-7222,072-957-7227,583-0854,大阪府羽曳野市軽里一丁目105番地の1,株式会社ひまわり,●,10,,●,10,,,大阪府羽曳野市,0
2753420120,ぱすてる,072-959-4475,072-959-4476,583-0872,"大阪府羽曳野市はびきの四丁目14番11号はびきのビル２F　C,D,E号",スバル・トータルプランニング株式会社,●,20,,●,20,,,大阪府羽曳野市,0
2753820410,児童発達支援・放課後等デイサービス　ｅｋｕｂｏ Ｈｏｐｐｅ,072-934-1890,072-934-1890,583-0881,大阪府羽曳野市島泉九丁目18番27号,Ｏｎｅ’ｓ　Ｂｒｉｇｈｔ　Ｆａｃｔｏｒｙ株式会社,☆,5,,☆,5,,,大阪府羽曳野市,0
2753820428,ファーストステップ羽曳野,072-979-7460,072-979-7461,583-0886,大阪府羽曳野市恵我之荘五丁目３番29号Ｒｉｎｏｎ恵我之荘１階,株式会社Ｔｈｅ　Ｆｉｒｓｔ,●,10,,,,,,大阪府羽曳野市,0
2753820436,コペルプラス　羽曳野教室,072-976-6891,072-976-6892,583-0853,大阪府羽曳野市栄町６番９号　新栄プロパティー白鳥　２階,株式会社クラ・ゼミ,●,10,,,,,,大阪府羽曳野市,0
2753820444,ＬＥＴ’Ｓ　ＦＬＹ,090-1157-0266,,583-0884,大阪府羽曳野市野476番地の35 ＳＴＡＲＴ羽曳野Ｃ号室,合同会社stage,,,,●,10,,,大阪府羽曳野市,0
2753820451,みっくす,072-933-0039,072-933-0039,583-0857,大阪府羽曳野市誉田三丁目14番20号メゾン白鳥105号,合同会社大和,●,10,,●,10,,,羽曳野市,31
2753820469,みっくす２,072-951-0533,072-951-0533,583-0856,大阪府羽曳野市白鳥三丁目16番３号　セシル古市205号,合同会社大和,●,10,,●,10,,,羽曳野市,32
2752620027,放課後等デイサービスなかよしハウス,06-6908-5151,06-6908-6161,571-0038,大阪府門真市柳田町７番２０号　シェルマンド薩摩１０１,株式会社志,,,,●,10,,,大阪府門真市,0
2752620035,放課後等デイサービスげんきハウス,06-6907-5353,06-6907-6363,571-0048,大阪府門真市新橋町13-15サンリーフ21　１Ｆ,株式会社志,,,,●,10,,,大阪府門真市,0
2752620043,門真市障がい者福祉センター放課後等デイサービスすてっぷ,06-6904-6812,06-6904-6840,571-0064,大阪府門真市御堂町14番１号,株式会社オールケアライフ,,,,●・☆,15,,,大阪府門真市,0
2752620068,キッズ・レインボー,06-7165-7978,06-7161-3968,571-0046,大阪府門真市本町14番13号,特定非営利活動法人門真市手をつなぐ育成会,●,10,,●,10,,,大阪府門真市,0
2752620076,ジェイ・エスステージジュニア,072-884-1606,072-884-1606,571-0013,大阪府門真市千石東町二丁目41番13、14、15号のうち一階部分,社会福祉法人門真共生福祉会,,,,●,10,,,大阪府門真市,0
2752620084,ＹＣＣこども教育研究所きらきら,072-812-2443,072-812-2443,571-0078,大阪府門真市常盤町７番８号１－Ｂ,一般社団法人ＹＣＣこども教育研究所,●,10,,●,10,,,大阪府門真市,0
2752620092,ぴあ,06-7165-7779,06-7165-7779,571-0066,大阪府門真市幸福町28番15号クレアドール１階,特定非営利活動法人子育て支援寺子屋ぴあ,●,10,,●,10,,,大阪府門真市,0
2752620100,チャイルドハート門真駅前学館,06-6780-4392,06-6780-4393,571-0048,大阪府門真市新橋町15番１号リーフスタイル門真１階,株式会社キッズエデュケーション,●,10,,●,10,,,大阪府門真市,0
2752620118,ＹＣＣもこもこ大和田教室,072-885-3320,072-885-3330,571-0079,大阪府門真市野里町８番25号東マンション１Ｆ,株式会社One Vision,●,10,,●,10,,,大阪府門真市,0
2752620126,ハッピーテラス門真教室,06-6115-5700,06-6115-5466,571-0030,大阪府門真市末広町17番18号ポケットアベニュー１階,株式会社十全,●,10,,●,10,,,大阪府門真市,0
2752620134,チャイルドハート門真学館,06-4304-4428,06-4304-4429,571-0048,大阪府門真市新橋町16番５号グレイス辻本１階,株式会社キッズエデュケーション,,,,●,10,,,大阪府門真市,0
2752620142,ファミリアキッズ門真,06-6780-3800,06-6780-3811,571-0054,大阪府門真市浜町６番19号高栄マンション１階,株式会社Ｓ＆Ｓ,●,10,,,,,,大阪府門真市,0
2752620167,療育教室門真校,072-887-5656,072-887-5657,571-0074,大阪府門真市宮前町２番19号,株式会社教育サポート,,,,●,10,,,大阪府門真市,0
2752620183,タートル,072-812-6780,072-812-6782,571-0021,大阪府門真市舟田町20番20号,株式会社ウィング,●,10,,●,10,,,大阪府門真市,0
2752620217,あさがおねっと大和田,072-842-3993,072-842-3993,571-0063,大阪府門真市常称寺町27番20号　プラシーボ１階,株式会社あさがおねっと,●,10,,●,10,,,大阪府門真市,0
2752620225,発達支援ルームゆあーず門真,06-6967-8956,06-6967-8966,571-0030,大阪府門真市末広町40番１号ＭＫビル２階,一般社団法人Ｙｓケアサポート,●,10,,●,10,,,大阪府門真市,0
2752620233,放課後等デイサービス　ウィズ・ユー門真,06-6904-7272,06-6904-7273,571-0041,大阪府門真市柳町12番22号　KIRA古川橋1階,有信アクロス株式会社,●,10,,●,10,,,大阪府門真市,0
2752620241,こどもサポートルームｓｉ－ｐｏ,06-6995-4400,06-6995-4800,571-0030,大阪府門真市末広町10番６号Ｋ・グレースコート１階,株式会社ＫｉｄｓＮA工房,●,10,,●,10,●,,大阪府門真市,0
2752620258,児童発達支援umbrella,072-813-5864,072-813-5869,571-0079,大阪府門真市野里町９番９号サンワビル301,株式会社大樹,●,10,,,,,,大阪府門真市,0
2752620266,ｋｏｍｏｍｏ,072-842-5115,072-842-5116,571-0016,大阪府門真市島頭三丁目22番７号ベストレジデンス門真１階店舗,株式会社ＭＫＭ,●,10,,●,10,,,大阪府門真市,0
2752620274,Ｇｌｉｎｇ・Ｇｌｏ　大和田,072-800-4990,072-800-4991,571-0071,大阪府門真市野里町27番19号,合同会社Ｇｌｉｎｇ・Ｇｌｏ,●,10,,●,10,●,,大阪府門真市,0
2752620282,ＬＩＴＡＬＩＣＯジュニア大日教室,06‐6916‐5960,06‐6916‐596１,571-0051,大阪府門真市向島町３番35号ベアーズＢ棟１階区画番号７,株式会社ＬＩＴＡＬＩＣＯパートナーズ,●,10,,,,●,,大阪府門真市,0
2752620290,児童発達支援・放課後等デイサービスｇｒｏｗ ｕｐ,072-812-6240,072-812-6240,571-0009,大阪府門真市下馬伏町10番14号奥村マンション101号室,株式会社ｂｅｆｉｎｅ,●,10,,●,10,,,大阪府門真市,0
2752620308,ＹＣＣもこもこ門真教室,072-884-5500,072-884-5501,571-0078,大阪府門真市常盤町12番５号,株式会社OneVision,●,10,,●,10,,,大阪府門真市,0
2753720016,摂津市立めばえ園,072-654-9200,072-654-9200,566-0071,大阪府摂津市鳥飼下二丁目1番4号,摂津市,●,10,,●,10,,,大阪府摂津市,0
2753720024,児童デイサービス癒す手,072-629-1412,072-629-1412,566-0011,大阪府摂津市千里丘東二丁目6番19号,有限会社イヤステ,●,10,,●,10,,,大阪府摂津市,0
2753720032,デイサービスおとは摂津児童館,072-654-0555,072-654-6660,566-0063,大阪府摂津市鳥飼銘木町７番１０号,株式会社ｍｏｏｎｊｅｌｌｙｃｏｍｐａｎｙ,●,10,,●,10,,,大阪府摂津市,0
2753720057,デイサービスおとは摂津弐号館,072-654-5558,072-654-5559,566-0063,大阪府摂津市鳥飼銘木町7番11号,株式会社ｍｏｏｎｊｅｌｌｙｃｏｍｐａｎｙ,●,10,,●,10,,,大阪府摂津市,0
2753720073,障がい児通所支援北摂ぴょんぴょん教室,06-6155-6503,06-6155-6503,566-0024,大阪府摂津市正雀本町二丁目21番1号イー・ティー・ワンビル２階,社会福祉法人大阪府肢体不自由者協会,●,10,●,●,10,●,,大阪府摂津市,0
2753720081,おかえりホームきゅら海,072-665-5000,072-665-5111,566-0064,大阪府摂津市鳥飼中二丁目４番36号101,一般社団法人あまみ徳之島ライフサポート,,,,●,10,,,大阪府摂津市,0
2753720099,とことこ,06-6155-4448,06-6155-4551,566-0001,大阪府摂津市千里丘七丁目10番24号アメニティ・ブワ201号・205号,ＮＰＯ法人Ｖｉｅｗぷらす,●,10,,●,10,●,,大阪府摂津市,0
2753720107,学園町学童デイホーム遊育園,072-665-9125,072-665-9126,566-0033,大阪府摂津市学園町一丁目２番33号フェルティ摂津１Ｆ,社会福祉法人桃林会,●,10,,●,10,,,大阪府摂津市,0
2753720115,ココリス,06-4862-5922,06-4862-5923,566-0043,大阪府摂津市一津屋一丁目35番22号,社会福祉法人成光苑,●,10,,●,10,,,大阪府摂津市,0
2753720131,鳥飼東学童デイホーム遊育園,072-650-5530,072-650-5535,566-0062,大阪府摂津市鳥飼上三丁目２番27号,社会福祉法人桃林会,,,,●,10,,,大阪府摂津市,0
2753720149,わくわくクラブ千里丘校,06-6338-2022,06-6338-2033,566-0001,大阪府摂津市千里丘一丁目13番27号都ビル５階,株式会社興学社,●,10,,●,10,,,大阪府摂津市,0
2753720156,放課後等デイサービスかいか,072-653-0660,072-653-0661,566-0062,大阪府摂津市鳥飼上一丁目16番９号,有限会社はな,●,10,,●,10,●,,大阪府摂津市,0
2753720164,リールスメイト千里丘,06-7176-1321,06-7176-1322,566-0001,大阪府摂津市千里丘五丁目３番17号セントマンションむらやま101号室,株式会社ケア２１,●,10,,●,10,,,大阪府摂津市,0
2753720172,リールスメイト摂津別府,06-7175-1621,06-7175-1622,566-0042,大阪府摂津市東別府二丁目8番1号,株式会社ケア２１,●,10,,●,10,,,大阪府摂津市,0
2753720198,発達支援スペース遊育園,06-6382-0311,06-6382-0316,566-0022,大阪府摂津市三島三丁目15番２号　２階,社会福祉法人桃林会,●,10,,●,10,●,,大阪府摂津市,0
2753720214,就労準備型　放課後等デイサービス　はばたく,072-657-9141,072-657-9151,566-0063,大阪府摂津市鳥飼銘木町１８番４号　エーデルホルツ弐四１０,合同会社フローリッシュ,●,10,,●,10,,,大阪府摂津市,0
2753720222,かたぐるま　摂津,06-6369-7600,06-6369-7601,566-0024,大阪府摂津市正雀本町一丁目31番19号　正雀プラザ101号,株式会社康YASU,☆,5,,☆,5,,,大阪府摂津市,0
2753720230,スキル,072-665-5343,072-665-5065,566-0052,大阪府摂津市鳥飼本町二丁目11番33号　高尾マンション101号室,合同会社スキル,●,10,,●,10,,,大阪府摂津市,0
2753720255,コンパス摂津,072-657-7328,072-657-7340,566-0033,大阪府摂津市学園町一丁目７番２号,一般社団法人特別支援協,,,,●,10,,,大阪府摂津市,0
2753720263,放課後等デイサービス　あいあい・ひかり,072-646-7578,072-646-7568,566-0054,大阪府摂津市鳥飼八防二丁目６番11号,学校法人成晃学院,,,,●,10,,,大阪府摂津市,0
2753720271,いんふぃにてぃ,080-9741-7007,,566-0071,大阪府摂津市鳥飼下三丁目９番11号鳥飼田中ビル１階,合同会社裕恵,●,10,,●,10,,,大阪府摂津市,0
2753720289,きらきらキッズ　摂津教室,06-6836-9857,06-6836-9858,566-0012,大阪府摂津市庄屋二丁目１番50号,株式会社フォースタープラス,●,10,,●,10,,,大阪府摂津市,0
2753720297,コペルプラス　南摂津教室,06-4862-7274,06-6829-7214,566-0074,大阪府摂津市東一津屋４番10号　ルッツ南摂津　３階　３Ｆ-１号室,株式会社クラ・ゼミ,●,10,,,,,,大阪府摂津市,0
2753720305,コペルプラス　千里丘教室,06-6836-7853,06-6836-7854,566-0001,大阪府摂津市千里丘二丁目12番５号　ダ・カーポ　１階Ｅ号室,株式会社クラ・ゼミ,●,10,,,,,,大阪府摂津市,0
2755320013,オリーブハウス,072-275-0222,072-275-0223,592-0013,大阪府高石市取石五丁目４番28号Ａ,株式会社オリーブ,,,,●,10,,,大阪府高石市,0
2755320039,フレンド,072-275-6830,072-275-6831,592-0014,大阪府高石市綾園二丁目２番９号,フレンズ株式会社,●,10,,●,10,,,大阪府高石市,0
2755320054,きらとまなぶ,072-275-6974,072-275-6984,592-0014,大阪府高石市綾園一丁目12番14号玉置ビル1階(101号),株式会社ｃｌａｕｄｉａ,●,10,,●,10,,,大阪府高石市,0
2755320062,児童デイサービススカイ,072-350-2508,072-350-2513,592-0014,大阪府高石市綾園二丁目２番７号中田ビル101号室,合同会社コネクト,☆,5,,☆,5,,,大阪府高石市,0
2755320070,泉嶺ホーム高石園,072-266-0056,072-277-0325,592-0012,大阪府高石市西取石一丁目16番11号コーポ富之里103号室,社会福祉法人南湖会,,,,●,10,,,大阪府高石市,0
2755320096,児童発達支援・放課後等デイサービスはぐハウス,072-265-5505,072-265-5506,592-0002,大阪府高石市羽衣三丁目２番３号ＲＩＳＥ羽衣Ａ号室,ＩＯＳメディカルケア株式会社,☆,5,,☆,5,,,大阪府高石市,0
2755320104,ｇｒａｃｅ,072-262-0011,072-242-8867,592-0003,大阪府高石市東羽衣三丁目15番地26,一般社団法人総合福祉支援活動の会,,,,●,10,,,大阪府高石市,0
2755320112,きらとまなぶ　らいふ,072-267-4245,072-267-4246,592-0005,大阪府高石市千代田一丁目26番17号(102号),株式会社ｃｌａｕｄｉａ,●,10,,●,10,,,大阪府高石市,0
2755320120,児童デイサービス　こもっこ,072-276-4882,072-276-4883,592-0005,大阪府高石市千代田三丁目10番21号,株式会社　栄拓,☆,5,,☆,5,,,大阪府高石市,0
2755320138,マーブル高石校,,,592-0005,大阪府高石市千代田一丁目８番20号　Ｋ・Ｋビル２階,株式会社マーブル,,,,●,10,,,大阪府高石市,0
2755320146,放課後等デイサービス　ＰＯＰＯ,072-267-1101,072-267-1102,592-0005,大阪府高石市千代田五丁目１番36号,株式会社ＴＲＥＥ,,,,●,10,,,大阪府高石市,0
2755320161,オリーブまなびの家,072-242-4904,072-242-4905,592-0005,大阪府高石市千代田六丁目12番９号,株式会社オリーブ,●,10,,●,10,,,大阪府高石市,0
2755320179,スポーツアカデミー高石,072-247-7274,072-247-7142,592-0014,大阪府高石市綾園七丁目3番35号櫛谷ビル101,株式会社赤い糸,●,10,,●,10,,,大阪府高石市,0
2755320187,ＳｔａｒｌｙＲｏｏｍ　児童デイサービス,072-220-2118,072-220-2118,592-0013,大阪府高石市取石三丁目11番45号,株式会社Ｗｅｌｆａｒｅ,☆,5,,☆,5,,,大阪府高石市,0
2755320195,児童発達支援・放課後等デイサービス　アンジュ,072-267-4634,072-267-4643,592-0005,大阪府高石市千代田一丁目８番８号誠和総合産業ビル２階,ウェルフェア合同会社,●,10,,●,10,,,大阪府高石市,0
2755320203,ｃｏ－ｗｏｒｋ　ＣＡＴＳ（creative and active training studio）,072-343-1496,050-3606‐5740,592-0012,大阪府高石市西取石五丁目１番１号セラフィ―メゾン101号,合同会社ｃｏ－ｗｏｒｋ,,,,●,20,,共生型,大阪府高石市,0
2753420013,ぽんぽこはうす,072-926-8088,072-926-8089,583-0011,大阪府藤井寺市沢田一丁目26番32号,株式会社ＰＲＯｍｅｓｓａ,●,10,,●,10,,,大阪府藤井寺市,0
2753420021,Ｔｉｃｋｌｅ　Ｔｉｃｋｌｅ,072-926-8340,072-926-8340,583-0035,大阪府藤井寺市北岡一丁目３番10号,合同会社稲康会,,,,●,10,,,大阪府藤井寺市,0
2753420047,ぽんぽこはうす２,072-921-6266,072-921-6266,583-0008,大阪府藤井寺市大井一丁目４番33号,株式会社ＰＲＯmessa,●,10,,●,10,,,大阪府藤井寺市,0
2753420054,たんぽぽ,072-937-8666,072-937-8667,583-0011,大阪府藤井寺市沢田二丁目８番35号井関マンション105号,特定非営利活動法人ケアサポートアシスト,☆,5,,☆,5,,,大阪府藤井寺市,0
2753420096,ぽんぽこはうすPROSSIMO,072-974-2153,072-974-2153,583-0035,大阪府藤井寺市北岡一丁目1番13号2C,株式会社ＰＲＯmessa,,,,●,10,,,大阪府藤井寺市,0
2753420138,ビーナスキッズふじいでら,072-959-5632,072-959-6233,583-0007,大阪府藤井寺市林三丁目12番10号　２階,株式会社ビーナス,●,10,,●,10,,,大阪府藤井寺市,0
2753420161,ぽんぽこはうすluce,072-927-0014,072-927-0014,583-0008,大阪府藤井寺市大井二丁目５番10号　２階,株式会社PROmessa,●,10,,●,10,,,大阪府藤井寺市,0
2753420179,ＬＩＦＥ　ＳＴＡＮＤ　ＵＰ,072-959-7337,072-959-7739,583-0014,大阪府藤井寺市野中一丁目97番地１第３セイワビル２－１Ａ号室,株式会社ＩＬＩＦＥ,,,,●,10,,,大阪府藤井寺市,0
2753420187,就労準備型放課後等デイサービス　グラン,072-959-6636,072-959-6635,583-0017,大阪府藤井寺市藤ケ丘二丁目６番12号藤ヶ丘ハイツ１Ｆ－１,合同会社リアン,●,10,,●,10,,,大阪府藤井寺市,0
2753420195,リハこどもセンター　オハナＫＩＤＳ,072-931-6530,072-931-6531,583-0011,大阪府藤井寺市沢田二丁目８番35号井関マンション103号,合同会社　ｈａｎａｈａｎａ,●,10,,●,10,,,大阪府藤井寺市,0
2753420203,Snuggle UP,072-976-5803,072-976-5804,583-0024,大阪府藤井寺市藤井寺二丁目6番3号2階201・202・２０３号室,株式会社　ＫＯｈＨＡＫＵ,●,10,,●,10,●,,大阪府藤井寺市,0
2753420237,ぽんぽこはうすｃｕｏｒｅ,080-8316-4555,,583-0008,大阪府藤井寺市大井一丁目４番32号102号室,株式会社PROmessa,●,20,,●,20,,,大阪府藤井寺市,0
2753420229,Ｔｉｃｋｌｅ　Ｔｉｃｋｌｅ　Ｓｗｉｔｃｈ,072-915-0373,072-926-6659,583-0014,大阪府藤井寺市野中三丁目２番17号　庸浩倉庫,合同会社稲康会,,,,●,10,,,大阪府藤井寺市,0
2753420245,なるみ,072-931-2558,072-931-2559,583-0035,大阪府藤井寺市北岡一丁目８番36号オリーブハウスⅡ101号室,株式会社ナルミ,●,10,,●,10,,,大阪府藤井寺市,0
2753420252,コペルプラス　藤井寺教室,072-979-7304,072-979-7405,583-0027,大阪府藤井寺市岡二丁目８番９号ＤＨビル５階,株式会社クラ・ゼミ,●,10,,,,,,大阪府藤井寺市,0
2753420260,ＰＡＲＣ（パルク）ウィル藤井寺,072-979-6226,072-979-6227,583-0024,大阪府藤井寺市藤井寺二丁目５番４号　ＮＴＴ藤井寺ビル１階,株式会社メディケア・リハビリ,☆,5,●,☆,5,●,,藤井寺市,17
2755620024,こころ福祉サービスセンター,072-474-9556,072-474-8556,590-0505,大阪府泉南市信達大苗代252番地,特定非営利活動法人地域福祉創造協会ウインク,☆,5,●,☆,5,,,大阪府泉南市,0
2755620040,こころｐｌｕｓ,072-486-5562,072-486-5561,590-0505,大阪府泉南市信達大苗代249番地,特定非営利活動法人地域福祉創造協会ウインク,●,10,,●,10,,,大阪府泉南市,0
2755620065,デイセンターわくわく,072-483-3082,072-483-9553,590-0504,大阪府泉南市信達市場1222番地12,社会福祉法人いずみ野福祉会,,,,●,10,,,大阪府泉南市,0
2755620073,こころPal,072-483-5568,072-483-5569,590-0505,大阪府泉南市信達大苗代249番地,特定非営利活動法人地域福祉創造協会ウインク,,,,●,10,,,大阪府泉南市,0
2755620081,オーパ,072-483-0817,072-483-0818,590-0522,大阪府泉南市信達牧野164番地４,株式会社ＧＥＮ,,,,●,10,,,大阪府泉南市,0
2755620099,サクラッコ,072-415-4879,072-415-2686,590-0503,大阪府泉南市新家1495番地の１,社会福祉法人桜花会,,,,●,10,,,大阪府泉南市,0
2755620107,せんなんケアキッズ,072-480-6333,072-480-6332,590-0522,大阪府泉南市信達牧野934番地,デイキッズ株式会社,●,10,,●,10,●,,大阪府泉南市,0
2755620115,オーパ・サード,072-483-0812,072-483-0813,590-0522,大阪府泉南市信達牧野164番地１,株式会社ＧＥＮ,,,,●,10,,,大阪府泉南市,0
2755620123,こころＢＡＳＥ,072-474-5563,072-475-2556,590-0522,大阪府泉南市信達牧野74番地18　２階,特定非営利活動法人地域福祉創造協会ウインク,,,,●,10,●,,大阪府泉南市,0
2755620131,オーパ・セカンド,072-479-7775,072-479-7778,590-0522,大阪府泉南市信達牧野167番地１向井ビル２階,株式会社ＧＥＮ,,,,●,10,,,大阪府泉南市,0
2755620149,いいねせんなん,072-484-1171,072-484-1172,590-0521,大阪府泉南市樽井二丁目17番６号,いいね合同会社,●,10,,●,10,,,大阪府泉南市,0
2755620156,オーパ・アスリートクラブ,072-482-8080,072-482-8081,590-0504,大阪府泉南市信達市場1014番地１,株式会社ＧＥＮ,,,,●,10,,,大阪府泉南市,0
2755620164,きりんせんなん,072-457-5600,072-457-4003,590-0526,大阪府泉南市男里二丁目231番地の３,特定非営利活動法人フォレスト,,,,●,10,,,大阪府泉南市,0
2755620172,進学と就職支援あなたが宝モノ泉南兎田教室,072-465-6555,072-465-6556,590-0501,大阪府泉南市兎田1103番地19,株式会社いのちの木,●,10,,●,10,,,大阪府泉南市,0
2755620180,オーパ・ネクスト,072-479-8380,072-479-8381,590-0522,大阪府泉南市信達牧野584番地２　川口店舗２階,株式会社GEN,,,,●,10,,,大阪府泉南市,0
2755620198,児童発達支援・放課後等デイサービス　プレグラ,072-480-5166,072-480-5167,590-0521,大阪府泉南市樽井六丁目３番７号貸店舗２階,合同会社ＳＥＷ,●,10,,●,10,,,大阪府泉南市,0
2755620206,オーパ・アスリートクラブチャレンジ,072-479-7775,072-479-7778,590-0504,大阪府泉南市信達市場255番地1,株式会社ＧＥＮ,,,,●,10,,,大阪府泉南市,0
2755720030,ｆｌａｔ清滝店,072-814-7757,072-814-7756,575-0062,大阪府四條畷市清滝新町５番13号NESTビル２階,株式会社ｆｌａｔ,●,10,,●,10,,,大阪府四條畷市,0
2755720048,放課後等デイサービス事業所ぽっぷこーん,072-813-1017,072-863-1013,575-0055,大阪府四條畷市西中野一丁目９番29号,株式会社グッド・ケア・グループ,,,,●,10,,,大阪府四條畷市,0
2755720063,みんなの家,0743-87-9998,0743-87-9998,575-0013,大阪府四條畷市田原台四丁目19番９号,株式会社サムアイズ,,,,●,10,,,大阪府四條畷市,0
2755720097,放課後デイのぞみののんちゃん,072-877-5077,,575-0033,大阪府四條畷市美田町11番14号,株式会社のぞみ,,,,●,10,,,大阪府四條畷市,0
2755720105,こどもサポート教室「きらり」忍ケ丘駅前校,072-803-6222,072-803-6222,575-0003,大阪府四條畷市岡山東一丁目８番８号中田コーポレーションビル２Ｆ,株式会社クラ・ゼミ,●,10,,●,10,,,大阪府四條畷市,0
2755720113,めばえの家,0743-87-9399,0743-87-9399,575-0013,大阪府四條畷市田原台五丁目３番５号,株式会社サムアイズ,,,,●,10,,,大阪府四條畷市,0
2755720139,bamboo・スポーツ塾２号店,072-813-4521,072-813-4522,575-0023,大阪府四條畷市楠公二丁目８番26号,一般社団法人ふらっと,●,10,,●,10,,,大阪府四條畷市,0
2755720147,慶生会ＫＩＤＳステージ四條畷,072-803-0707,072-803-0706,575-0023,大阪府四條畷市楠公二丁目10－16　２階,社会福祉法人慶生会,●,10,,●,10,,,大阪府四條畷市,0
2755720154,みらいえキッズ,072-812-6651,072-812-6652,575-0051,大阪府四條畷市中野本町２番１号　ダイシンビル１階,合同会社愛夢,●,10,,●,10,,,大阪府四條畷市,0
2755720162,ぽっぷこーんなわてplus,072-395-5815,072-395-6190,575-0021,大阪府四條畷市南野一丁目16番13号,株式会社グッド・ケア・グループ,,,,●,10,,,大阪府四條畷市,0
2755720188,KIDSクラブ　たわら,0743-78-9499,0743-78-8599,575-0014,大阪府四條畷市上田原６１３番地G棟B２F,医療法人和幸会,,,,●,10,,,大阪府四條畷市,0
2755720196,放課後等デイサービス　ＳＯＲＡ,072-842-2666,072-842-2667,575-0001,大阪府四條畷市砂一丁目13番26号１階,株式会社ビレッジ,●,10,,●,10,,,大阪府四條畷市,0
2755720204,児童発達支援・放課後等デイサービスはろ,072-800-5970,072-800-5970,575-0023,大阪府四條畷市楠公一丁目７番11号,一般社団法人はろ,●,10,,●,10,,,大阪府四條畷市,0
2755720212,放課後等デイサービスｋａｉｋａ四條畷教室,070-1860-5709,,575-0033,大阪府四條畷市美田町19番１号美田ビル１階,合同会社ＨＩＲＡＫＵ,●,10,,●,10,,,大阪府四條畷市,0
2753620042,児童デイサービス福すけ,072-808-7595,072-808-7549,576-0066,大阪府交野市青山三丁目17番２号,合同会社福は内,,,,●,10,,,大阪府交野市,0
2753620059,きらり,072-895-5552,072-895-5553,576-0054,大阪府交野市幾野一丁目37番13号１階中央区画,株式会社にじいろ,●,10,,●,10,,,大阪府交野市,0
2753620067,花ごころ,072-845-6377,072-845-6317,576-0053,大阪府交野市郡津五丁目10番４号郡津ハイライフ202号室・203号室,有限会社光の里福祉協会,●,10,,●,10,,,大阪府交野市,0
2753620075,児童デイサービス福の木,072-808-7862,072-808-7863,576-0066,大阪府交野市青山二丁目８番25号,合同会社福は内,,,,●,10,,,大阪府交野市,0
2753620083,ふわり,072-865-6254,072-865-6255,576-0032,大阪府交野市私市山手二丁目４番１号,株式会社にじいろ,●,10,,●,10,,,大阪府交野市,0
2753620091,ピースフルケアおりひめ,072-800-1212,072-800-1213,576-0053,大阪府交野市郡津五丁目47番11号,有限会社ピースフルケア,,,,●,10,,,大阪府交野市,0
2753620109,ひより,072-800-1614,072-800-1615,576-0043,大阪府交野市松塚14番５ユニライフ交野郡津102号室,株式会社にじいろ,●,10,,●,10,,,大阪府交野市,0
2753620125,にこり,072-896-5390,072-896-5391,576-0052,大阪府交野市私部五丁目23番14号,一般社団法人そらいろ,,,,●,10,,,大阪府交野市,0
2750320075,おれんじはうす,072-807-8791,072-807-8728,576-0016,大阪府交野市星田五丁目29番８号レスポワール星田105号室,合同会社からふるぱーとなーず,●,10,,●,10,,,大阪府交野市,0
2753620133,児童デイサービスりはぷらす,072-808-6583,072-808-6589,576-0016,大阪府交野市星田七丁目４番10号,合同会社Ｓｐｒｉｎｇ　Ｐｌｕｓ,,,,●,10,,,大阪府交野市,0
2753620141,ひかりプラスほっぷ教室,072-894-1911,072-894-1912,576-0041,大阪府交野市私部西一丁目17番７号コルティーレ交野102号室,株式会社エターナルライト,●,10,,●,10,,,大阪府交野市,0
2753620166,くるり,072-896-5650,072-896-5658,576-0016,大阪府交野市星田三丁目７番３号,株式会社にじいろ,●,10,,●,10,,,大阪府交野市,0
2753620174,どんぐり　交野店,080-4638-5170,072-865-3457,576-0051,大阪府交野市倉治八丁目11番5号,株式会社どんぐりの里,●,10,,●,10,,,大阪府交野市,0
2753620182,ふわふわり,072-894-7800,072-894-7801,576-0051,大阪府交野市倉治七丁目32番8号ハイム桜道101号室,株式会社にじいろ,●,10,,●,10,,,大阪府交野市,0
2753620190,ＰＡＲＣ（パルク）ウィル交野,072-845-5461,072-845-5462,576-0041,大阪府交野市私部西四丁目11番18号,株式会社メディケア・リハビリ,☆,5,●,☆,5,●,,大阪府交野市,0
2753620208,保育所等訪問支援さんく,050-3565-2648,050-3457-8548,576-0052,大阪府交野市私部三丁目３番33－２号,合同会社オペラント,,,,,,●,,大阪府交野市,0
2759320043,児童デイサービスわおん,072-360-0721,072-360-0722,589-0023,大阪府大阪狭山市大野台四丁目１番19号,株式会社ＷＡＯＮ,●,10,,●,10,,,大阪府大阪狭山市,0
2759320068,こどもサポート教室「きらり」大阪狭山金剛校,072-360-1077,072-360-1077,589-0011,大阪府大阪狭山市半田一丁目622番地１ウエスティ金剛４－２,株式会社クラ・ゼミ,●,10,,●,10,,,大阪府大阪狭山市,0
2759320076,まんてん狭山西山台第１教室,072-247-4777,072-247-4778,589-0022,大阪府大阪狭山市西山台二丁目13番10号西側１階,株式会社まんてんプラス,●,10,,●,10,,,大阪府大阪狭山市,0
2759320084,ＴＳアフタースクール,072-365-3957,072-365-3958,589-0022,大阪府大阪狭山市西山台六丁目１番９号１階,有限会社ＴＳｃｏｍｐａｎｙ,,,,●,10,,,大阪府大阪狭山市,0
2759320092,あんずの会放課後等児童デイサービスソレイユ,072-367-1510,072-367-1510,589-00２１,大阪府大阪狭山市今熊１丁目４－６,特定非営利活動法人あんずの会,,,,●,10,,,大阪府大阪狭山市,0
2759320100,さんＳＵＮアフタースクール大阪狭山,072-247-4866,072-247-4877,589-0021,大阪府大阪狭山市今熊一丁目62番地の４　２Ｆ201号,一般社団法人ＹＯＲＩＭＯＲＥ,●,10,,●,10,,,大阪府大阪狭山市,0
2759320126,まなびっこ,072-220-8359,072-220-8359,589-0021,大阪府大阪狭山市今熊一丁目11番地の４,一般社団法人発達支援ルームまなび,●,10,,●,10,●,,大阪府大阪狭山市,0
2759320134,スポーツデイ　Advance,072-366-8333,072-366-8333,589-0005,大阪府大阪狭山市混合二丁目７番２号,合同会社Advance,●,10,,●,10,,,大阪府大阪狭山市,0
2759320142,まんてん狭山西山台第2教室,072-349-6124,072-349-6125,589-0022,大阪府大阪狭山市西山台三丁目５番20号　２階,株式会社まんてんプラス,●,10,,●,10,,,大阪府大阪狭山市,0
2759320159,あしあと,072-290-7777,072-290-7766,589-0022,大阪府大阪狭山市西山台六丁目１番７号１階,株式会社フットステップ,●,10,,●,10,,,大阪府大阪狭山市,0
2759320167,児童デイサービス　ポーラーパイン,072-368-5300,072-367-8004,589-0022,大阪府大阪狭山市西山台三丁目５番18号　井上ビル１階,有限会社総合医療企画,☆,5,,☆,5,,,大阪府大阪狭山市,0
2759320175,まんてん狭山西山台第3教室,072-290-7746,072-290-7747,589-0022,大阪府大阪狭山市西山台三丁目３番12号,株式会社まんてんプラス,●,10,,●,10,,,大阪府大阪狭山市,0
2759320183,ＴＳアフタースクールさうす,080-2536-7040,072-365-3958,589-0022,大阪府大阪狭山市西山台三丁目２番10号,有限会社ＴＳｃｏｍｐａｎｙ,,,,●,10,,,大阪府大阪狭山市,0
2759320209,運動発達支援スタジオ笑みりぃ～大阪狭山,072-320-9065,072-320-9066,589-0004,大阪府大阪狭山市東池尻三丁目861番１号102号室,株式会社笑,●,10,,●,10,,,大阪府大阪狭山市,0
2759320217,はるかPLUS,０７２－２４８－８５５５,072-321-2141,589-0023,大阪府大阪狭山市大野台二丁目13番3号　２階,合同会社らいとすたっふ,●,10,,●,10,,,大阪府大阪狭山市,0
2759320225,あしあと・ぷらいむ,072-289-8995,072-289-8994,589-0022,大阪府大阪狭山市西山台三丁目2番4号　1階,株式会社フットステップ,●,10,,●,10,,,大阪府大阪狭山市,0
2759320233,放課後等デイサービス　リリー,072-321-6230,072-321-6230,589-0013,大阪府大阪狭山市茱萸木四丁目88番地の336,ＮＰＯ法人リリー,,,,●,10,,,大阪府大阪狭山市,0
2759320241,JAM,０９０-３２８７-０４５６,,589-0023,大阪府大阪狭山市大野台五丁目6番11号,合同会社　みのり,,,,●,10,,,大阪府大阪狭山市,0
2759320258,児童発達支援・放課後等デイサービス　フェイス,072-366-6960,072-366-6960,589-0023,大阪府大阪狭山市大野台七丁目18番３号,合同会社トゥルーポイント,●,10,,●,10,●,,大阪府大阪狭山市,0
2759320274,コペルプラス　大阪狭山教室,072-288-4263,072-288-4264,589-0022,大阪府大阪狭山市西山台三丁目５番19号　ラ・モアレⅠビル３階,株式会社クラ・ゼミ,●,10,,,,,,大阪府大阪狭山市,0
2759520022,放課後等デイサービスピース,072-457-1367,072-457-1367,599-0212,大阪府阪南市自然田927番地４,株式会社Higashi,,,,●,10,,,大阪府阪南市,0
2759520030,子ども支援ステーションハル,072-471-7474,072-471-7575,599-0212,大阪府阪南市自然田816番地の１,有限会社ハルコーポレーション,●,10,,●,10,●,,大阪府阪南市,0
2759520055,放課後等デイサービスツーピース,072-474-4887,072-474-4888,599-0232,大阪府阪南市箱作1103番地,株式会社Ｈｉｇａｓｈｉ,,,,●,10,,,大阪府阪南市,0
2759520063,エンカレッジ広場ハル,072-471-4444,072-471-4445,599-0201,大阪府阪南市尾崎町90番地１,有限会社ハルコーポレーション,●・☆,15,,●・☆,15,,,大阪府阪南市,0
2759520071,キッズひまわり,072-473-8008,072-473-8007,599-0212,大阪府阪南市自然田728番２　シエスタ　フロール102、103、105号,株式会社ひまわり,●,10,,●,10,,,大阪府阪南市,0
2759520089,Ｆｕｎ　ａｃｔｉｏｎ,072-424-4250,072-424-4846,599-0202,大阪府阪南市下出662番地の14,Ｆｕｎ　ａｃｔｉｏｎ合同会社,,,,●,10,,,大阪府阪南市,0
2759520097,あぁどばぁく舞,072-425-1855,072-４２４-６６４２,599-0224,大阪府阪南市舞一丁目23番15号,一般社団法人アァドバァク,●,10,,●,10,,,大阪府阪南市,0
2759520113,マイスクール＠はんなん,072-471-9900,072-471-0066,599-0202,大阪府阪南市下出347番地２,株式会社ハピスポ,●,10,,●,10,,,大阪府阪南市,0
2759520121,阪南こども総合支援研究所　こころカラフル,072-473-6011,072-473-6101,590-0521,大阪府阪南市貝掛381番地,特定非営利活動法人地域福祉創造協会ウインク,●,10,,●,10,●,,大阪府阪南市,0
2753920012,クローバーしまもと,075-334-5968,075-334-5968,618-0011,大阪府三島郡島本町広瀬三丁目３番24号,特定非営利活動法人クローバー自立支援センターしまもと,●,10,,●,10,●,,大阪府三島郡島本町,0
2753920038,障害者自立支援拠点レモンテラス,075－963-6981,０７５－９６３－６９８２,618-0011,大阪府三島郡島本町広瀬二丁目７番４号,社会福祉法人大阪水上隣保館,●,20,,●,20,,,大阪府三島郡島本町,0
2750920247,Ｐｅｒｓｏｎａｌ　Ｓｐａｃｅアドバンス,075-961-8388,075-961-8387,618-001３,大阪府三島郡島本町江川一丁目１１－３４号　１Ｆ,合同会社Ａｄｖａｎｃｅ,●,10,,●,10,,,大阪府三島郡島本町,0
2753920053,アミィ,075-777-4462,075-777-4462,618-0011,大阪府三島郡島本町広瀬四丁目22番５号　Ｍ．Ｆｏｕｒ１階103号室,合同会社Ｗｅａｒｆ,●,10,,●,10,,,大阪府三島郡島本町,0
2753920087,ＢａＴＯＮ　ＭＩＮＡＳＥ,075-925-7405,075-925-7407,618-0011,大阪府三島郡島本町広瀬四丁目20番20号松田店舗Ｂ号,株式会社ＢａＴＯＮ,●,10,,●,10,,,大阪府三島郡島本町,0
2753920095,こども発達支援　Ｃｏｃｏｒｏ島本,075-962-1777,075-962-1781,618-0022,大阪府三島郡島本町桜井二丁目７番１号,社会福祉法人　南山城学園,●,10,,,,,,大阪府三島郡島本町,0
2753920111,ＳＥＮサポート　らぷらす,075-950-6515,075-950-6516,618-0014,大阪府三島郡島本町水無瀬二丁目５番７号ひかりビル３階,一般社団法人アンビシャス,●,10,,●,10,●,,大阪府三島郡島本町,0
2753920129,放課後等デイサービスぴくしー,075-963-5088,075-963-5088,618-0013,大阪府三島郡島本町江川二丁目13番水瀬駅前団地１号棟108号室,一般社団法人アンビシャス,●,10,,●,10,●,,大阪府三島郡島本町,0
2753920137,ぱれっと　あおば,075-777-2230,075-777-2230,618-0015,大阪府三島郡島本町青葉一丁目７番14号,有限会社officeぱれっと,●,10,,,,,,大阪府三島郡島本町,0
2754720015,地域支援センター第２わとと,072-737-9638,072-737-9639,563-0101,大阪府豊能郡豊能町吉川340番地１,社会福祉法人北摂福祉会,●,10,,●,10,,,大阪府豊能郡豊能町,0
2754720023,ほたるぼし,072-733-2184,072-733-2３０３,563-010１,大阪府豊能郡豊能町吉川１８７番地の１,社会福祉法人豊悠福祉会,●,10,,●,10,,,大阪府豊能郡豊能町,0
2751220019,児童デイサービスそら,072-424-2881,072-453-3125,590-0406,大阪府泉南郡熊取町大久保東一丁目5番7号,株式会社ジョワ,,,,●,10,,,大阪府泉南郡熊取町,0
2751220035,そら五月ヶ丘,072-425-7917,072-425-7914,590-0445,大阪府泉南郡熊取町五月ケ丘二丁目１番25号,株式会社ジョワ,,,,●,10,,,大阪府泉南郡熊取町,0
2751220043,たじりこころ園,072-468-8601,072-468-8681,598-0091,大阪府泉南郡田尻町嘉祥寺883番地１,特定非営利活動法人地域福祉創造協会ウインク,●,10,,●,10,●,,大阪府泉南郡田尻町,0
2751220050,まいるーむ放課後こども教室,072-468-6645,072-468-6646,590-0412,大阪府泉南郡熊取町紺屋二丁目21番17号,株式会社KTAJ,,,,●,10,,,大阪府泉南郡熊取町,0
2751220076,風さん,072-415-2294,072-496-2294,590-0451,大阪府泉南郡熊取町野田一丁目２番12号ネゴロビル２階,株式会社Ｖｉｅｎｔｏ,,,,●,10,,,大阪府泉南郡熊取町,0
2751220092,まいるーむ放課後こども教室チャレンジ,072-493-2995,072-493-2995,590-0412,大阪府泉南郡熊取町紺屋二丁目21番15号,株式会社ＫＴＡＪ,●,10,,●,10,,,大阪府泉南郡熊取町,0
2751220100,キッズハウスきりん,072-487-2525,072-487-2526,590-0457,大阪府泉南郡熊取町朝代東一丁目６番８号,特定非営利活動法人フォレスト,,,,●,10,,,大阪府泉南郡熊取町,0
2751220118,そら,072-453-3071,072-453-3125,590-0450,大阪府泉南郡熊取町大宮三丁目644番地２,株式会社ジョワ,●,10,,●,10,,,大阪府泉南郡熊取町,0
2751220142,あったかい,072-468-7303,072-468-7116,590-0415,大阪府泉南郡熊取町五門西一丁目１番３号,合同会社Ｎ．Ｉ．Ｌａｂ,☆,5,,☆,5,,,大阪府泉南郡熊取町,0
2751220159,セントラル・パーク　みさき　たながわ教室,072-425-7254,072-425-4636,599-0311,大阪府泉南郡岬町多奈川谷川1744番地,株式会社ＪＣＰ,●,10,,●,10,●,,大阪府泉南郡岬町,0
2751220167,児童発達支援・放課後等デイサービスふぉんたーな,090-6557-7196,,590-0402,大阪府泉南郡熊取町大久保北二丁目20番４号,一般社団法人あぼかど,●,10,,●,10,,,泉南郡熊取町,9
2751220175,風さんＮＩＣＯ,072-468-7725,072-468-7726,590-0415,大阪府泉南郡熊取町五門西一丁目２番６号,株式会社Ｖｉｅｎｔｏ,,,,●,10,,,泉南郡熊取町,10
2755400013,リハこどもデイアイビー,0725-90-6123,0725-90-6124,595-0804,大阪府泉北郡忠岡町馬瀬一丁目１番８号,株式会社グランドアイビー,●,10,,●,10,,,大阪府泉北郡忠岡町,0
2755400021,こどもデイサービスハニーコスモス,0725-20-6173,0725-20-6173,595-0812,大阪府泉北郡忠岡町忠岡中一丁目10番４号,株式会社足利塾,●,10,,●,10,,,大阪府泉北郡忠岡町,0
2755400039,リハこどもデイ　メイフラワー,0725-21-3336,0725-21-3337,595-0804,大阪府泉北郡忠岡町馬瀬三丁目２番５号１階・２階（203号室）,株式会社グランドアイビー,●,10,,●,10,,,大阪府泉北郡忠岡町,0
2755400047,こどもデイサービスアレ・オリヴィエ,0725-30-2941,0725-30-2941,595-0813,大阪府泉北郡忠岡町忠岡南一丁目４番８号,株式会社足利塾,●,10,,●,10,,,大阪府泉北郡忠岡町,0
2755400062,リハこどもデイ　フクシア,0725-20-0830,0725-20-0831,595-0802,大阪府泉北郡忠岡町高月南三丁目８番37号,社会福祉法人のぼり藤,●,10,,●,10,,,大阪府泉北郡忠岡町,0
2755400070,ファーストステップ忠岡,0725-58-9022,0725-58-9023,595-0812,大阪府泉北郡忠岡町忠岡中一丁目11番12号　１階,株式会社Ｔｈｅ　Ｆｉｒｓｔ,●,10,,,,,,大阪府泉北郡忠岡町,6
2753520010,デイサービスＧＯＹＡ　きっずくらぶ,0721-69-6667,0721-98-3151,583-0992,大阪府南河内郡太子町山田2652番地の４,株式会社であい,,,,●,10,,共生型,大阪府南河内郡太子町,0
2753580055,えーる,0721-98-2201,0721-98-2210,583-099１,大阪府南河内郡太子町大字春日103番地の47,株式会社　雅板金工業,●,10,,●,10,,,大阪府南河内郡太子町,0
2753580063,ふれんど,0721-98-0578,0721-98-0578,583-0991,大阪府南河内郡太子町大字春日230番地２吉田マンション102号室・201号室,グーテライゼ合同会社,☆,5,,☆,5,,,大阪府南河内郡太子町,0
2753540018,学童ちむちむ,0721-93-2009,0721-93-2009,585-0035,大阪府南河内郡河南町大字寛弘寺856番地の９,特定非営利活動法人のーまらいず,●,10,,●,10,,,大阪府南河内郡河南町,0
2753540034,どんぐり学園河南校,0721-69-6967,0721-69-8567,585-0014,大阪府南河内郡河南町白木75番,社会福祉法人鳳雛会,●,10,,●,10,,,大阪府南河内郡河南町,0
2753540042,てぃーだ,0721-68-7155,0721-68-7156,585-0005,大阪府南河内郡河南町大宝二丁目５番２号,特定非営利活動法人のーまらいず,,,,●,10,,,大阪府南河内郡河南町,0
2753580014,マザーズハウスつむぎ,0721-21-1092,0721-21-6626,585-0053,大阪府南河内郡千早赤阪村大字小吹68番地の646,ＮＰＯ法人ちはや子どもサポート,●,10,,●,10,,,大阪府南河内郡千早赤阪村,0
2753580022,マザーズハウスきずな２nd,0721-21-7128,0721-21-6626,585-0053,大阪府南河内郡千早赤阪村大字小吹68番地の487,ＮＰＯ法人ちはや子どもサポート,●,10,,●,10,,,大阪府南河内郡千早赤阪村,0
2753580030,マザーズハウスはばたき,0721-21-3249,0721-21-6626,586-0053,大阪府南河内郡千早赤阪村大字小吹68番地の812,ＮＰＯ法人ちはや子どもサポート,●,10,,●,10,,,大阪府南河内郡千早赤阪村,0
2753580071,マザーズハウスきずなＳｔｅｐ,0721-21-7615,0721-21-6626,585-0053,大阪府南河内郡千早赤阪村大字小吹68番地827,ＮＰＯ法人ちはや子どもサポート,●,10,,●,10,,,大阪府南河内郡千早赤阪村,0