事業所番号,事業所名称,事業所電話番号,事業所FAX番号,事業所郵便番号,事業所所在地,法人名称,主たる対象者：身体,主たる対象者：知的,主たる対象者：精神,主たる対象者：難病,利用定員,多機能の有無,指定日,主たる事業所名
2714101082,ラポール梅田,06-6940-6407,06-6940-6407,530-0001,大阪市北区梅田一丁目２番２－１４００号　大阪駅前第２ビル　１４階　２０号の２,株式会社ａｉコーポレーション,○,○,○,○,10,○,2019/01/01,
2714101744,ＡｓＦｉｎｅ　アビリティ,06-6348-0780,06-6348-0781,530-0001,大阪市北区梅田一丁目２番２号　大阪駅前第２ビル１２０３号,ＡｓＦｉｎｅ株式会社,○,○,○,○,20,,2019/06/01,
2714102262,ジョブリッジ多機能事業所,050-5305-1822,06-7635-9200,530-0001,大阪市北区梅田一丁目１番３号　大阪駅前第３ビル１０階,株式会社ジョブリッジ,○,○,○,○,10,○,2021/11/01,
2714102973,ワークスタジオ　梅田,06-4256-8120,06-4256-8121,530-0002,大阪市北区曽根崎新地一丁目４番２０号　桜橋ＩＭビル５・６階,株式会社グリーンフラッグ,○,○,○,○,20,,2024/03/01,
2719402329,ＳＡＫＡＫＩ,06-6191-1369,06-6191-1369,530-0003,大阪市北区堂島一丁目２番３２号　トヨタビル５０１,株式会社ＭＩＬＫ,○,○,○,○,10,,2021/03/01,Ｍｉｌｌｅ－Ｆｅｕｉｌｌｅ
2714100985,就労支援事業所ちえの輪,06-6136-3480,06-6136-3490,530-0015,大阪市北区中崎西一丁目２番１３号　サプライズビル３０１号,株式会社ジャスト・トレンド,○,○,○,,20,,2014/12/01,
2714102296,プレイズ天六,06-6351-7055,06-6351-7055,530-0031,大阪市北区菅栄町７番１５号　ハイマート福寿１階,一般社団法人プレイズ,○,○,○,○,10,,2022/03/01,
2714102924,レガーテ,06-6232-8975,06-6232-8976,530-0031,大阪市北区菅栄町４番６号　クレストⅠ１階,株式会社千手,○,○,○,○,20,,2024/02/01,
2714102171,健美道　天満,06-6755-4289,06-6755-4289,530-0033,大阪市北区池田町１番２５号　１階,有限会社　ファミリータイズ,○,○,○,○,18,,2021/09/01,
2714102650,Ａ型事業所　Ｊｏｙ　Ｑｕｅｓｔ,06-6467-4891,06-6467-4892,530-0035,大阪市北区同心一丁目１番２６号　ブリリアントタワー６Ｆ,株式会社みらここ,○,○,○,○,20,,2023/04/01,
2714101330,就労支援事業所ｈａｌｕ,06-6450-6762,06-6450-6763,530-0041,大阪市北区天神橋一丁目１２番２２号　ＣＡＢＩＮ天神橋ビル２Ｆ,エフォート株式会社,○,○,○,○,10,,2017/06/01,
2714101538,メビウス南森町,06-6135-8787,06-6135-8788,530-0041,大阪市北区天神橋二丁目２番９号　プラネット南森町２Ｆ,株式会社インフィニティ,○,○,○,○,20,,2018/08/01,
2714102122,みらいわーく,06-6357-6315,06-6357-6316,530-0041,大阪市北区天神橋三丁目１０番１７－６０１号　 ,株式会社みらい創生社,○,○,○,○,20,,2021/06/01,
2714103161,マーブル,06-6354-6500, ,530-0041,大阪市北区天神橋二丁目２番９号　プラネット南森町５階,株式会社トライロ,○,○,○,○,20,,2024/08/01,
2714103310,グリトニル,06-4397-3872,06-4397-3872,530-0041,大阪市北区天神橋一丁目１８番１号　ＥＳ　ＢＬＤＧ．４階　７階,特定非営利活動法人ＧＬＩＴＮＩＲ,○,○,○,○,10,,2024/12/01,
2714102130,Ｓａｉ,090-5649-1430, ,530-0042,大阪市北区天満橋一丁目１番４１号　Ｗ＆Ｔビル２階,合同会社ｅＳ,○,○,○,○,10,,2021/06/01,
2714102965,イベリス天満,06-6379-5018,06-6379-5019,530-0043,大阪市北区天満一丁目６番８号　六甲天満ビル８０２号,合同会社ウィル,○,○,○,○,20,,2024/03/01,
2714103237,ｌｅｎｉｓ,06-6867-7747,06-6867-7748,530-0044,大阪市北区東天満一丁目１０番１２号　エル・エスト不動産天満ビル５階,株式会社レーニス１００１,○,○,○,○,10,○,2024/10/01,
2714101033,就労支援事業所ちえの輪　西天満,06-6755-4509,06-6755-4519,530-0047,大阪市北区西天満四丁目５番８号　八方商事第２ビル　２階,株式会社ジャスト・トレンド,○,○,○,,20,,2015/04/01,
2714101470,アヴェク南森町,06-6366-0711,06-6366-0511,530-0047,大阪市北区西天満五丁目１番１５号　西天満パークビル２号館５Ｆ,株式会社アヴェク,○,○,○,○,10,○,2018/03/01,
2714103096,てあてる南森町,06-6315-8577,06-6315-8577,530-0047,大阪市北区西天満三丁目１番２７号　メビウス西天満Ｂｌｄｇ３０３号室,株式会社テアテル,○,○,○,○,20,,2024/07/01,
2714102338,プラスアルファⅡ,06-6467-4251, ,530-0047,大阪市北区西天満三丁目１番２５号　老松コープ１００３・１００４号室,株式会社ＴＮコミュニケーションズ,○,○,○,○,10,○,2022/04/01,
2714102213,シーキューブ,06-6809-7896,06-6316-3756,530-0047,大阪市北区西天満五丁目６番１０号　富田町パークビル２０６,株式会社シーキューブ,○,○,○,○,20,,2021/10/01,
2714103039,Ａ－ＳＴＡＲＴ,06-6809-3440,06-6809-3444,530-0047,大阪市北区西天満五丁目６番１０号　富田町パークビル２０２号,株式会社Ａ－ＳＴＡＲＴ,○,○,○,○,18,,2024/04/01,
2714103138,Ｓａｉｌｓ大阪,06-6379-5704,06-3679-5705,530-0047,大阪市北区西天満五丁目１６番１６号　ＰＲＩＸ５Ｆ,株式会社ｓｅｔ　ｏｆ　ｓａｉｌｓ,○,○,○,○,20,,2024/07/01,
2714102395,アイリス大阪梅田,06-6360-4714,06-6360-4715,530-0051,大阪市北区太融寺町２番２１号　ニュープラザビル１００１号室,合同会社ウィル,○,○,○,○,20,,2022/06/01,
2714101298,アヴェク,06-6311-2611,06-6311-2612,530-0053,大阪市北区末広町２番３７号　米澤ビル３Ｆ,株式会社アヴェク,○,○,○,○,20,,2017/01/01,
2714101157,就労支援事業所　つみ木,06-6312-1888,06-6312-1877,530-0054,大阪市北区南森町二丁目１番２０号　南森町エンシンビル６階,株式会社リズム,○,○,○,,20,,2015/12/01,
2714102908,就労継続支援　ＡＢＰｏｓｓｉｂｌｅ,06-6450-5321,06-7635-8439,530-0055,大阪市北区野崎町６番８ー５０１号　 ,一般社団法人Ｐｏｓｓｉｂｌｅ,○,○,○,,10,○,2024/02/01,
2714102833,就労継続支援Ａ型事業所　Ｓｐａｒｋ,06-6379-5666,06-6379-5667,530-0055,大阪市北区野崎町３番２号　平成ＡＹビル５階,株式会社オプティリンク,○,○,○,○,20,,2023/12/01,
2714101934,プラスアルファ,06-6467-4251,06-6467-4152,530-0056,大阪市北区兎我野町３番８号　寿楽ビル２０１／２０２号／２０３号／２０５号,株式会社ＴＮコミュニケーションズ,○,○,○,○,10,○,2020/09/01,
2714102189,ＡＣＣＥＰＴ　ＣＯＦＦＥＥ,06-6355-6150,06-6355-6151,531-0041,大阪市北区天神橋七丁目１０番５号　ジェイワン天七ビル１階,株式会社ジー・エヌ・オー,○,○,○,○,10,○,2021/09/01,
2714100498,中津サテライトオフィス,06-6374-1481,06-6374-1614,531-0071,大阪市北区中津一丁目４番１０号　,社会福祉法人　大阪市障害者福祉・スポーツ協会,○,,○,○,10,○,2013/07/01,
2714101223,セイフティ事業所,06-6459-7533,06-7878-4203,531-0071,大阪市北区中津一丁目１７番２５号　中津インタービル６Ｆ,一般社団法人セイフティ就労支援協会,○,,○,○,20,,2016/07/01,
2714101702,プレイズ,06-6136-4430,06-6136-4430,531-0071,大阪市北区中津一丁目１８番９号８Ｆ　 ,一般社団法人プレイズ,○,○,○,○,20,,2019/04/01,
2714102023,Ｉ．Ｃ．Ｇ．Ｊｏｂｓ,06-6599-9474, ,531-0071,大阪市北区中津一丁目１７番２５号　中津インタービル５Ｆ,一般社団法人Ｉ．Ｃ．Ｇ．Ｊｏｂｓ,○,○,○,○,20,,2020/12/01,
2714101827,テーブルなかつ,06-6147-3748,06-6147-3749,531-0071,大阪市北区中津一丁目９番１６号　 ,株式会社とりあんテーブル,○,○,○,○,15,,2019/10/01,
2714102585,ＡＣ,06-6734-6114,06-6734-6114,531-0072,大阪市北区豊崎七丁目２番２３号　５Ｆ,一般社団法人ＡＣ,○,○,○,○,15,,2023/03/01,
2714102288,就労継続支援　Ｓｅｅｄ　ｏｆ　Ｈｏｐｅ　大阪　天神橋筋店,06-6476-8036,06-6476-8037,531-0074,大阪市北区本庄東一丁目２２番３号　四本ビル５０１,株式会社ＮＡＫＡＳＨＩＭＡ,○,○,○,○,20,,2022/02/01,
2714103047,ＮＥＸＴ　ＳＴＥＰ　ゆるり,06-6476-8246,06-6476-8247,531-0075,大阪市北区大淀南一丁目９番１９号　エンパイアービル７０１号,株式会社まったりと,○,○,○,○,20,,2024/04/01,
2714101926,Ｂｉｒｔｈｄａｙ　新梅田シティ店,070-8311-3862,06-7635-8090,531-0076,大阪市北区大淀中一丁目１８番１４号　Ａｐｔ．新梅田１０１,株式会社Ｂｉｒｔｈｄａｙ,○,○,○,○,20,,2020/05/01,
2714101926,Ｂｉｒｔｈｄａｙ　西梅田店,06-7709-4919,,531-0076,大阪市北区大淀中三丁目３番２５号　,株式会社Ｂｉｒｔｈｄａｙ,○,○,○,○,8,,2020/05/01,Ｂｉｒｔｈｄａｙ　新梅田シティ店
2715201451,カムラック大阪,06-6924-7707,06-6924-7708,534-0002,大阪市都島区大東町一丁目１０番９号　大月アネックスビル２Ｆ,株式会社カムラック大阪,○,○,○,○,10,○,2022/09/01,
2710200623,フィール福島,06-6147-2688,06-6147-2689,553-0003,大阪市福島区福島五丁目１６番１５号　 ,株式会社フィール,○,○,○,○,14,○,2021/02/01,
2710200748,Ｂｌｅ,06-6443-5519, ,553-0003,大阪市福島区福島四丁目４番４３号　１階,株式会社ＰＥＰＯＴＢＥＮＤＳ,○,○,○,○,10,,2023/03/01,
2710200797,ケーラベーカリー野田,06-6391-8500,06-6152-7755,553-0006,大阪市福島区吉野三丁目１番　オーケー１２番街第１２区１号,株式会社　ラーカイラム,○,○,○,○,10,○,2024/03/01,
2710200755,ナレルワークス,06-6867-9600,06-6867-9601,553-0006,大阪市福島区吉野三丁目２２番１７－２０１号　 ,株式会社ナレルワークス,○,○,○,○,26,○,2023/09/01,
2712800693,釣具製作向上委員会,06-6616-8690,06-6616-8691,554-0012,大阪市此花区西九条三丁目７番１１号　日伸第三マンション１階,株式会社ジー・エヌ・オー,○,○,○,○,20,,2023/10/01,
2712800669,みんなのおしごと　西九条,06-6804-1217,06-4804-1218,554-0012,大阪市此花区西九条一丁目３番３７号　 ,株式会社サンエデュケーション,○,○,○,○,16,,2022/10/01,
2712800420,就労クリエイター　ＨＯＰＥ,06-6461-7787,06-6461-7787,554-0024,大阪市此花区島屋三丁目１０番１６号　島屋ビル１階,特定非営利活動法人ひまわり,○,○,○,○,14,,2016/10/01,
2712800321,舞洲フェルム,06-6136-7871,06-6136-7871,554-0042,大阪市此花区北港緑地二丁目１番１９号　 ,株式会社舞洲フェルム,○,○,○,,15,,2013/12/01,
2719403327,Ｍｉｒｒｉｍｅ,06-6450-5102,06-6450-5103,540-0003,大阪市中央区森ノ宮中央一丁目１４番１０号　鵲森ノ宮ハイツ３階,株式会社ＪＯＢ　ｃｏｎｎｅｃｔ,○,○,○,○,20,,2024/04/01,
2719403186,障がい者就労継続支援Ａ型事業所ピュシス,06-6910-2180,06-6910-2181,540-0003,大阪市中央区森ノ宮中央一丁目１６番１７－６０７号　 ,合同会社ピュシス,○,○,○,○,10,,2023/12/01,
2719402162,健美道　玉造,06-6767-2500,06-6767-2501,540-0004,大阪市中央区玉造二丁目９番８号　１階,有限会社　ファミリータイズ,○,○,○,○,15,,2020/10/01,
2719401297,（株）正栄Ｓｕｎワーク,06-6777-3100,06-6777-3111,540-0004,大阪市中央区玉造一丁目１３番４号　小林ビル６０１,株式会社正栄,○,○,○,○,20,,2016/07/01,
2719402907,エンパシー,06-6777-6502,06-6777-6512,540-0004,大阪市中央区玉造一丁目１４番２号　玉造ドリームビル３階,株式会社エンパシー,○,○,○,○,20,,2022/11/01,
2719403376,ほまれの家森ノ宮玉造,06-6718-6660,06-6718-6670,540-0004,大阪市中央区玉造一丁目１３番４号　小林ビル３０１号室,株式会社ひなたに咲くひまわり,○,○,○,○,20,○,2024/04/01,
2719402642,トレンドクリエイツ,06-6450-6669, ,540-0008,大阪市中央区大手前一丁目６番４号　リップル天満橋ビル８階,株式会社ｓｅｅｄ,○,○,○,○,20,,2022/02/01,
2719403145,クリエイティブビジョン,06-6379-5070, ,540-0008,大阪市中央区大手前一丁目６番８号　光養ビル４階,株式会社ｓｅｅｄ,○,○,○,○,20,,2023/10/01,
2719403616,デザイン　ラボ,06-6926-4401,06-6926-4402,540-0008,大阪市中央区大手前一丁目６番４号　はなビル８０１,株式会社ＥＮＪＯＹ　ＣＲＥＡＴＩＶＥ,○,○,○,○,20,,2024/10/01,
2719401255,バリューラボ　フクロウ,06-6244-9697,06-6942-9687,540-0012,大阪市中央区谷町二丁目２番２２号　ＮＳビル２Ｆ,一般社団法人ＦＵＫＵＲＯ,○,○,○,○,20,,2016/06/01,
2719402717,リベラーラ,06-6948-5435,06-6948-5436,540-0012,大阪市中央区谷町三丁目１番９号　ＭＧ大手前ビル２階,株式会社リベラーラ,○,○,○,○,20,,2022/04/01,
2719402550,ひゅーまんきゃんぱす,06-6776-2292,06-6776-2293,540-0013,大阪市中央区内久宝寺町四丁目３番８－５０２号　 ,株式会社ヒューマンキャンパス,○,○,○,○,20,,2021/11/01,
2719402964,フローラ谷四,06-6484-9011,06-6484-9012,540-0019,大阪市中央区和泉町一丁目１番１４号　シイナＨＤビル谷町３０１,株式会社エイトワークス浪速,○,○,○,○,20,,2023/04/01,
2719402618,イオンサポート,06-6949-1616,06-6949-1617,540-0021,大阪市中央区大手通三丁目３番６号　本町橋ビル２階,株式会社イオンサポート,○,○,○,○,20,,2022/02/01,
2719401479,株式会社リーパス・オフィスサポート徳井町,06-6920-1518,06-6920-1519,540-0025,大阪市中央区徳井町二丁目２番９号　米澤ビル徳井町３０１号,株式会社リーパス・オフィスサポート,○,○,○,○,20,,2017/07/01,
2719400737,クィーンビー,06-6946-9191,06-6946-9192,540-0026,大阪市中央区内本町一丁目３番１０号　内本町ビューハイツ２Ｆ,株式会社ハニービー,○,○,○,,20,,2014/03/01,
2719402378,レーヴ,06-6940-0877,06-6940-0879,540-0026,大阪市中央区内本町一丁目２番１４号　秀和ビル１０階,株式会社レーヴ,○,○,○,○,20,,2021/05/01,
2719401214,リアン内本町,06-6585-0837,06-4790-7288,540-0026,大阪市中央区内本町一丁目２番８号　ＴＳＫビル１０階,ＮＰＯ法人リアン,○,○,○,○,20,,2016/03/01,
2719401214,リアン内本町,06-6585-0837,06-4790-7288,540-0026,大阪市中央区内本町一丁目２番１３号　ＴＳＫビル１０階,ＮＰＯ法人リアン,○,○,○,○,10,,2016/03/01,リアン内本町
2719402956,ＺＺＺ　ＷＯＲＫＳ,06-4397-4266,06-4397-4267,540-0027,大阪市中央区鎗屋町二丁目２番９号　ＲＥ－ＬＡＢ大阪中央ビル４階,株式会社Ｚ．Ｚ．Ｚ,○,○,○,○,20,,2023/02/01,
2719400604,ハニービー,06-6920-8282,06-6920-8283,540-0028,大阪市中央区常盤町一丁目４番９号　 ,株式会社ハニービー,○,○,○,,20,,2013/05/01,
2714401607,なかの屋,06-6180-4200,06-6180-4210,540-0032,大阪市中央区天満橋京町１－２３　サンシステム天満橋ビル８階,一般社団法人なかの屋,○,,○,○,20,,2017/01/01,
2719401958,なかの屋　天満橋,06-6945-0381,06-6945-0382,540-0032,大阪市中央区天満橋京町１番２３号　サンシステム天満橋ビル７Ｆ,一般社団法人なかの屋天満橋,○,○,○,○,20,,2019/08/01,
2719402402,なかの屋　釣鐘町,06-6947-0309,06-6947-0319,540-0035,大阪市中央区釣鐘町一丁目１番１１号　ＭＪビル６階,一般社団法人なかの屋釣鐘町,○,○,○,○,20,,2021/06/01,
2719402394,はるとぴあ北浜,06-6231-0232,06-4256-3311,541-0041,大阪市中央区北浜一丁目３番２号　日宝北浜アークビル２Ｆ,一般社団法人アクセプト,○,○,○,○,16,,2021/06/01,
2719401206,リールスジョブ北浜,06-6229-1421,06-6229-1621,541-0046,大阪市中央区平野町一丁目８番１１号　ルート北浜ビル８Ｆ,株式会社たのしい職場,○,○,○,○,20,,2016/03/01,
2719401289,スプリングス,06-4708-7410,06-4708-7411,541-0046,大阪市中央区平野町一丁目５番１１号　１０Ｆ,アクセプト株式会社,○,○,○,○,20,,2016/06/01,
2719402535,リリーフ,090-3997-4134, ,541-0046,大阪市中央区平野町二丁目３番１１号　北浜ＮＫビル３階,株式会社レジリエンス,○,○,○,○,20,,2021/11/01,
2719403582,リファイン,06-6732-8787,06-6732-8786,541-0046,大阪市中央区平野町二丁目３番１１号　北浜ＮＫビル５階,株式会社レジリエンス,○,○,○,○,10,,2024/09/01,
2719401818,ｕ　Ｗｉｎｇ,06-4706-1101,06-4706-1102,541-0051,大阪市中央区備後町一丁目５番１６号　ロータスビル５階,合同会社フォレストガンプ,○,○,○,○,20,,2019/02/01,
2711801031,ＮＯＡＨ,06-6226-8953,06-4708-7381,541-0051,大阪市中央区備後町三丁目３番１１号　 ,株式会社ＮＯＡＨ,○,○,○,○,20,,2020/11/01,
2719402634,フェニックスサポート,06-6210-2666,06-6210-2667,541-0053,大阪市中央区本町一丁目２番１号　本町リバーサイドビル３階,株式会社フェニックス,○,○,○,○,20,,2022/02/01,
2719403699,Ｎｅｃｏ,080-7119-1371,06-6532-9025,541-0053,大阪市中央区本町一丁目１番３号　本町橋西ビル８階,ＮＰＯ法人環境技術研究所,○,○,○,○,10,,2024/12/01,
2719402683,メビウス本町,06-4705-7575,06-4705-7576,541-0054,大阪市中央区南本町二丁目１番１４号　太陽マークビル３階,株式会社インフィニティ,○,○,○,○,20,,2022/04/01,
2719403343,就労継続支援Ａ型事業所あずわん,06-4256-2735,06-4256-2736,541-0054,大阪市中央区南本町三丁目３番２２号　ＷＥＡＶＥ　ＨＯＮＭＡＣＨＩ７階,株式会社アズワン企画,○,○,○,○,20,,2024/04/01,
2719403350,就労支援センター　ハーテス本町,06-6266-3131,06-6266-3130,541-0054,大阪市中央区南本町二丁目１番１号　本町サザンビル９０１号,ライフワーク株式会社,○,○,○,○,20,,2024/04/01,
2719401701,ポピー,06-4963-3404,06-4963-3405,541-0054,大阪市中央区南本町一丁目３番２１号　トウマビル６０２号,特定非営利活動法人ワンフラット,○,○,○,○,20,,2018/05/01,
2719401651,ＨＯＰＥワークス本町,06-6251-2255,06-6251-2277,541-0056,大阪市中央区久太郎町四丁目２番１５号　岡地ビル４Ｆ,ホープ社会事業協同組合,○,○,○,○,20,,2018/03/01,
2719401156,チャレンジアップ堺筋本町,06-6226-7741,06-6226-7781,541-0058,大阪市中央区南久宝寺町一丁目９番８号　ダイキビル５階,一般社団法人ビーコムサポート,○,○,○,○,20,,2016/01/01,
2719402089,チャレンジアップ　南久宝寺,06-4256-3777,06-6226-7781,541-0058,大阪市中央区南久宝寺町二丁目１番９号　船場メディカルビル６階,一般社団法人ビーコムサポート,○,○,○,○,20,,2020/06/01,
2719402063,就労継続支援事業所　リレー,06-6484-6117,06-6484-6127,541-0058,大阪市中央区南久宝寺町二丁目４番１０号　４０２,一般社団法人ニュースタート,,○,○,,10,○,2020/04/01,
2719402196,ＲＩＴＡＲＭ,06-4708-7576,06-4708-7550,541-0058,大阪市中央区南久宝寺町四丁目６番１０号　南久宝寺ＦＵＫＵＥ　Ｂ．Ｌ．７階,ＮＰＯ法人　ＲＩＴＡＲＭ,○,○,○,○,10,○,2022/10/01,
2719400901,わーくぷらす,06-7878-6806,06-6263-3661,541-0059,大阪市中央区博労町一丁目７番７号　中央博労町ビル７階７０４号,合同会社わーくぷらす,○,○,○,○,20,,2014/12/01,
2719401560,エナベル長堀橋,06-4256-4761,06-4256-4762,541-0059,大阪市中央区博労町一丁目７番７号　中央博労町ビル８０４号室,株式会社エナベルグループ,○,○,○,○,10,○,2017/10/01,
2719402311,ＷＥＬＬ　ＷＯＲＫ,06-6251-7777,06-6251-7776,541-0059,大阪市中央区博労町二丁目６番７号　東邦ビル５０１号室,ＷＥＬＬ　ＷＯＲＫ株式会社,○,○,○,○,10,○,2021/03/01,
2719400810,フローラⅡ,06-6191-8080,06-6191-8081,542-0012,大阪市中央区谷町九丁目１番１８号　アクセス谷町ビル８Ｆ,株式会社エイトワークス浪速,○,○,○,,20,,2014/08/01,
2719400596,シータ,06-4302-4907,06-4302-4908,542-0012,大阪市中央区谷町七丁目１番３９号　新谷町第二ビル３１４,株式会社バレーコード,○,○,○,,20,,2013/05/01,
2719402329,Ｍｉｌｌｅ－Ｆｅｕｉｌｌｅ,06-6191-1369,06-6191-3369,542-0012,大阪市中央区谷町九丁目１番１８号　アクセス谷町５－Ａ,株式会社ＭＩＬＫ,○,○,○,○,20,,2021/03/01,
2719401586,イング,06-6711-0395,06-6711-0396,542-0064,大阪市中央区上汐二丁目３番１０号　上汐Ｌｅｅｓビル４Ｆ,ライジングフード株式会社,○,○,○,○,20,,2017/12/01,
2719402733,あいあいわーく,06-6599-8400,06-6684-8540,542-0073,大阪市中央区日本橋一丁目１７番１７号　ピカソ日本一ビル５０３号,株式会社Ｔｉｅａｓｙ,○,○,○,○,20,,2022/04/01,
2719403293,ドラスタなんば校,06-6647-2024, ,542-0075,大阪市中央区難波千日前８番１２号　６Ｆ,株式会社日本就労支援ネットワーク,○,○,○,○,20,,2024/03/01,
2719401610,チャレンジアップ　長堀橋,06-6210-5952,06-6210-5962,542-0081,大阪市中央区南船場二丁目４番２０号　大阪福谷ビル４Ｆ,一般社団法人ビーコムサポート,○,○,○,○,20,,2018/03/01,
2719400851,ビジネス・ライフデザイン,06-4705-8358,06-4705-9358,542-0081,大阪市中央区南船場二丁目６番１０号　 ,ビジネス・ライフデザイン株式会社,○,○,○,○,20,,2014/10/01,
2719401461,ぐろーあっぷ,06-7777-2770,06-4963-3575,542-0081,大阪市中央区南船場二丁目３番６号　第一住建長堀橋駅前ビル４０４号室,株式会社Ｇｒａｎｄ　Ｐｏｉｎｔｓ,○,○,○,○,19,,2017/05/01,
2719402147,ｅｓｐｏ！長堀橋,06-6266-2222,06-6266-2220,542-0081,大阪市中央区南船場一丁目３－９　ＴＡＢＩＹＡＤＯＢＬＤＧ心斎橋４０１号室,合同会社ケアマインド,○,○,○,○,20,,2020/09/01,
2719402253,未来　南船場,06-4256-3240,06-4256-3241,542-0081,大阪市中央区南船場三丁目２番２２－２０６号　 ,株式会社未来工房,○,○,○,○,20,,2021/01/01,
2719403590,ｐａｌｅｔｔｅ,06-4302-5521,06-4302-5520,542-0081,大阪市中央区南船場一丁目１３番１４号　南船場スクエアビル９０２号,株式会社ｐａｌｅｔｔｅ,○,○,○,,10,,2024/09/01,
2719400893,クローマ,06-6210-4718,06-6210-4719,542-0082,大阪市中央区島之内一丁目２２番２２号　第一住建島之内堺筋ビル９０３号,株式会社バレーコード,○,○,○,○,20,,2014/11/01,
2719402485,ネオワークス　長堀橋,06-4256-0661,06-4256-0663,542-0082,大阪市中央区島之内一丁目１３番３号　おおきに東心斎橋ビル３０２号室,株式会社ネオワークス,○,○,○,○,20,,2021/10/01,
2711800637,わーくさぽーとあたらし,06-6441-3777,06-6441-3701,550-0002,大阪市西区江戸堀一丁目２３番１３‐５０１号　 ,合同会社あたらし,○,○,○,○,20,,2015/03/01,
2711801247,キャリアコンパス,06-6448-3500,06-6448-3500,550-0002,大阪市西区江戸堀一丁目８番２２号　フォーラムスクエアビル６Ｆ,ＹＳ株式会社,○,○,○,○,20,,2023/07/01,
2711800793,てくにかるさぽーとあたらし,06-6449-3737,06-6449-3770,550-0003,大阪市西区京町堀一丁目１２番９号　プロト大阪ビル４階Ａ,合同会社あたらし,○,○,○,○,10,,2017/06/01,
2711801221,Ｋａｔａｋ　Ｋａｔａｋ,06-6867-7366,06-6867-7388,550-0003,大阪市西区京町堀一丁目３番３号　肥後橋パークビル６Ｆ,株式会社ＫＩＨＡＣＨＩ,○,○,○,○,20,,2023/04/01,
2711800611,Ｓｏ－Ｔｅｎ靭,06-6136-7761,06-6136-8167,550-0004,大阪市西区靱本町二丁目９番７号　岡崎橋ビル１００１,一般社団法人ｂｒｏｔｈｅｒｓ,○,○,○,,10,○,2015/06/01,
2711801239,就労継続支援Ａ型事業所ｎｉｄ,06-6467-8202,06-6486-9023,550-0004,大阪市西区靱本町一丁目９番１５号　近畿富山会館ビル９階,株式会社おうちカンパニー,○,○,○,○,20,○,2023/04/01,
2711800801,てあてる,06-4391-3393,06-4391-3393,550-0005,大阪市西区西本町三丁目１番１４号　松屋レジデンス１Ｆ,株式会社テアテル,○,○,○,○,20,,2017/09/01,
2711801353,ｅｉｇｈｔ本町,06-6536-8488,06-6536-8646,550-0011,大阪市西区阿波座一丁目１２番１７号　ＰＭＯ四ツ橋本町２階,ｅｉｇｈｔ株式会社,○,○,○,○,20,,2024/04/01,
2711800991,ロジックラボ,06-6585-9813,06-6585-9812,550-0012,大阪市西区立売堀一丁目１１番１７号　スギタビル６階,株式会社テクリオ,○,,○,○,10,○,2019/12/01,
2711801163,えにぽ,06-6539-7555,06-6539-7557,550-0012,大阪市西区立売堀五丁目６番１５号　 ,株式会社えにぽ,○,○,○,○,20,,2022/11/01,
2711801338,ポラリス,06-6964-8231,06-6964-8232,550-0012,大阪市西区立売堀五丁目６番１５号３Ｆ　 ,株式会社ポラリス,○,○,○,○,20,,2024/03/01,
2711801460,キャリアナビ,06-7166-3834,06-7632-4367,550-0013,大阪市西区新町一丁目５番７号　四ツ橋ビルディング,株式会社キャリアコンパス,○,○,○,○,20,,2024/08/01,
2711800785,ポリフォニー,06-4395-5881,06-4395-5882,550-0015,大阪市西区南堀江三丁目１２番２３号　不二建物西長堀ビル５０２,一般社団法人ダイアロゴス,○,○,○,○,10,○,2017/06/01,
2714300387,就労創造センターせふぃろと分室,06-6562-7735,06-6643-9563,550-0015,大阪市西区南堀江三丁目１２番２１号　旭ビル３階,株式会社　ソーシャルプランニング流,○,○,○,○,10,,2010/05/01,就労創造センターせふぃろと
2711800801,てあてる,06-6563-9088,06-6563-9088,550-0023,大阪市西区千代崎一丁目５番１１号　,株式会社テアテル,○,○,○,○,10,,2017/09/01,てあてる
2710400934,Ｂｅ　Ｈａｐｐｙ　アドバンス,06-6586-6896,06-6586-6899,552-0002,大阪市港区市岡元町一丁目１番３３号　 ,一般社団法人ＫＩＺＵＮＡ,○,○,○,○,20,,2021/04/01,
2710401015,レイモンドＢＫ弁天町,06-6710-9944,06-6351-8507,552-0007,大阪市港区弁天一丁目２番４号　大阪ベイタワーウエスト２Ｆ,社会福祉法人檸檬会,○,○,○,○,20,,2022/05/01,
2712700901,つかさや,06-6551-0031,06-6551-0021,551-0002,大阪市大正区三軒家東一丁目１４番７号　中善大正ハイツ１階１Ｄ号室,株式会社ｃｏｃｏｍｉｔａ,,○,○,,13,,2022/04/01,
2712700778,もぐら,06-6556-3355,06-6556-3356,551-0003,大阪市大正区千島二丁目２番３６号　 ,株式会社Ｏｎｅ’ｓ　Ｐｌａｃｅ,○,○,○,○,10,○,2019/05/01,
2711700720,ロンデラン,06-6777-1522,06-6777-1522,543-0001,大阪市天王寺区上本町五丁目７番１８号　西川ビル５０３,一般社団法人パピヨン,○,○,○,○,20,,2015/08/01,
2711701298,１０ｉｒｏ,06-6777-1946,06-6777-1947,543-0002,大阪市天王寺区上汐三丁目２番１７号　コモド上汐ビル８０２,ライジングフード株式会社,○,○,○,○,20,,2022/03/01,
2711700654,ワークスペースエース上本町,06-6777-4469,06-6777-4469,543-0023,大阪市天王寺区味原町１４番９号　上本町東ビル２０５号室,株式会社エース,○,○,○,○,20,,2014/03/01,
2711701371,Ｗｈｉｔｅ,06-6767-9632,06-6767-9642,543-0023,大阪市天王寺区味原町１４番３号　上本町東シティハウス４０５,株式会社ＭＩＬＫ,○,○,○,○,20,,2022/08/01,
2711701215,クリーフ,06-6796-7590,06-6796-7591,543-0023,大阪市天王寺区味原町１４番３号　上本町東シティハウス３０５号,株式会社ジョイフルリンク,○,○,○,○,20,,2021/04/01,
2711701678,Ｃｏｒａｌ,06-6795-4402,06-6795-4403,543-0028,大阪市天王寺区小橋町２番２１号　 ,株式会社Ｇｗｅｌｌ,,○,○,,20,,2024/09/01,
2711700928,ゲットワークエナベル,06-6773-9851,06-6777-2311,543-0041,大阪市天王寺区真法院町６番１２号　真法院ｊｎビル５階,一般社団法人生活・就労支援協会,○,○,○,○,10,○,2017/11/01,
2711700647,就労支援センター寺田町,06-6776-8792,06-6776-8793,543-0044,大阪市天王寺区国分町１３番８号　グリーンヒル１０８　２Ｆ,株式会社新栄ライフサービス,○,○,○,○,20,,2014/03/01,
2711700662,インクルージョン,06-6773-1541,06-6777-1548,543-0052,大阪市天王寺区大道四丁目２番３号　八千代興産寺田町ビル３階５階,株式会社インクルージョン,○,○,○,○,10,○,2014/03/01,
2711701306,ＴＥＣＴＥＣ　ＣＲＥＡＴＩＶＥ　天王寺,06-6777-1440,06-6777-1441,543-0052,大阪市天王寺区大道一丁目１４番１５号　 ,株式会社シーアイ・パートナーズ,○,○,○,,10,○,2023/01/01,
2711701652,カルミア,06-6718-7855,06-6718-7856,543-0052,大阪市天王寺区大道二丁目１２番１８号　天王寺アートビル１階,合同会社カルミア,○,○,○,○,15,,2024/08/01,
2711700340,ネクストステージエイブル,06-6771-8851,06-6771-8851,543-0053,大阪市天王寺区北河堀町８番１３号　 ,矢野紙器　株式会社,○,○,○,,10,○,2009/07/01,
2711700845,ビジネスプランニングセンター,06-6777-3058,050-3383-2697,543-0072,大阪市天王寺区生玉前町１番２１号　小山ビルグランシャリオ６階,株式会社業務企画センター,○,○,○,○,20,,2016/10/01,
2711701074,スキルアップ,06-4305-3473,06-4305-3474,543-0072,大阪市天王寺区生玉前町１番１３号　ＴＰＧビル谷町７Ｆ,ライジングフード株式会社,○,○,○,○,20,,2020/01/01,
2711701322,ココカラ,06-6105-2386,06-6105-2387,543-0072,大阪市天王寺区生玉前町１番１３号　ＴＰＧビル谷町５Ｆ,株式会社ジョイフルリンク,○,○,○,○,20,,2022/04/01,
2711701439,希望,090-9052-6585, ,543-0073,大阪市天王寺区生玉寺町３番３２号　谷九夕陽丘ビル２階,株式会社Ｅｓｐｅｒａｎｚａ,○,○,○,○,20,,2023/05/01,
2714301799,ＳＰＯＴＬＡＢ夕陽ヶ丘,06-6964-8550,06-6964-8551,556-0001,大阪市浪速区下寺一丁目６番７号　アドマスタワー夕陽丘５階,合同会社はなさく,○,○,○,○,10,○,2024/07/01,
2714301815,ＡＮＤ＝Ｓ,06-6711-0994,06-6711-0995,556-0001,大阪市浪速区下寺一丁目６番１２号　５階,株式会社Ｓａｐｕｌａｓ,○,○,○,○,20,,2023/09/01,
2714301476,フローラ難波,06-6626-4848,06-6626-4849,556-0005,大阪市浪速区日本橋四丁目２番１５号　パーク日本橋３０２,株式会社エイトワークス浪速,○,○,○,○,20,,2022/04/01,
2714301492,メビウス日本橋,06-4307-4545,06-4307-4546,556-0005,大阪市浪速区日本橋四丁目２番１５号　パーク日本橋３０１,株式会社インフィニティ,○,○,○,○,20,,2022/04/01,
2714301377,ベストライフ,070-1181-5476, ,556-0005,大阪市浪速区日本橋四丁目５番２１号　Ｍｅｂｉｕｓ難波東Ｒｅｓｉｄｅｎｃｅ５０１,株式会社ＧＲＩＴ　ＧＲＯＵＰ,○,○,○,○,18,,2021/04/01,
2714301419,ベストライフなんば２号店,080-4106-2396, ,556-0005,大阪市浪速区日本橋四丁目７番１０号　２階,株式会社ＧＲＩＴ　ＧＲＯＵＰ,○,○,○,○,20,,2021/09/01,
2714301690,ベストライフなんば５号店,080-7563-8021, ,556-0005,大阪市浪速区日本橋四丁目７番１０号　３階,株式会社ＣＬＯＶＥＲ,○,○,○,○,20,,2023/04/01,
2714301807,Ｓｏ－Ｔｅｎ　難波,06-6556-7204, ,556-0011,大阪市浪速区難波中一丁目９番１０号　マッセ難波ビル３０５,一般社団法人ｂｒｏｔｈｅｒｓ,○,○,○,○,20,,2023/09/01,
2714301260,Ｆａｍｉｌｙなんば,06-6626-9515,06-6643-9535,556-0011,大阪市浪速区難波中三丁目１４番５号　新日本難波ビル１階,株式会社輪,○,○,○,○,20,,2020/11/01,
2714301666,ベストライフなんば３号店,06-6760-4765,06-6760-4764,556-0011,大阪市浪速区難波中二丁目６番１３号　６階,株式会社ＧＲＩＴ　ＧＲＯＵＰ,○,○,○,○,20,,2023/04/01,
2714300536,ピース,06-6647-2077,06-6647-2087,556-0014,大阪市浪速区大国一丁目１１番１号　,社会福祉法人　ピースクラブ,○,○,○,○,10,○,2012/04/01,
2714301971,就労継続支援　レゼル,06-6964-8023, ,556-0014,大阪市浪速区大国一丁目２番２号　 ,株式会社レゼル,○,○,○,○,10,○,2024/09/01,
2714301237,なんば就労支援センター,06-6684-9223,06-6684-9224,556-0016,大阪市浪速区元町一丁目１１番８号　ＳＡＫＩＭＯＴＯＢＬＤＧ５０１,株式会社エウゼーン,○,○,○,○,20,,2020/07/01,
2714300387,就労創造センターせふぃろと,06-6562-7735,06-6643-9563,556-0021,大阪市浪速区幸町二丁目４番１５号　マナベハイツ桜川１０１,株式会社　ソーシャルプランニング流,○,○,○,○,20,,2010/05/01,
2714300585,フローラ,06-6575-9810,06-6575-9811,556-0021,大阪市浪速区幸町二丁目２番４０号　 ,株式会社エイトワークス浪速,○,○,○,,20,,2012/11/01,
2714301484,ロイヤルビー,06-6563-6767,06-6563-6768,556-0021,大阪市浪速区幸町二丁目２番４０号　グラスホッパー２Ｆ,株式会社ハニービー,○,○,○,○,20,,2022/04/01,
2714301278,就労継続支援Ａ型事業所グルーヴ,06-4394-7888,06-4394-7889,556-0022,大阪市浪速区桜川四丁目４番４号　ドゥエリング桜川１Ｆ,株式会社４分の４,○,○,○,○,20,,2020/12/01,
2714301963,デカモリシの家　桜川店,050-3154-0162,06-6450-6726,556-0022,大阪市浪速区桜川四丁目４番１０号　ニューグランドビル５階,株式会社デカモリシ,○,○,○,○,20,,2024/07/01,
2711001210,Ｂｅ　Ｈａｐｐｙみてじま,06-6795-9762,06-6795-9763,555-0012,大阪市西淀川区御幣島二丁目１１番４４号２階　 ,一般社団法人ＫＩＺＵＮＡ,○,○,○,○,20,,2022/04/01,
2711000691,みらい,06-6476-3577,06-6476-3578,555-0024,大阪市西淀川区野里一丁目４番７号　 ,株式会社みらい,○,○,○,,17,,2015/04/01,
2711000485,桜ほのぼの苑　大和田事業所,06-6829-6347,06-6829-6372,555-0032,大阪市西淀川区大和田三丁目９番７号　,株式会社　桜ほのぼの苑,○,○,○,○,10,,2012/12/01,桜ほのぼの苑　姫島事業所
2711001400,ｗｉｌｌ　ｂｅ,06-6755-9344,06-6755-9325,555-0032,大阪市西淀川区大和田三丁目２番２７号　 ,カンリーサイソン株式会社,,○,○,,20,,2024/09/01,
2711000485,桜ほのぼの苑　姫島事業所,06-6829-6201,06-6829-6372,555-0033,大阪市西淀川区姫島五丁目１０番２１号　 ,株式会社　桜ほのぼの苑,○,○,○,○,40,,2012/12/01,
2719102572,就労継続支援Ａ型Ａｉｍｅｒグループ,06-6335-4697,06-6335-4698,532-0002,大阪市淀川区東三国四丁目１１番４号　新大阪明成ビル４０１号室,株式会社ＡＩＭＥＲ,○,○,○,○,20,,2023/01/01,
2719102952,就労支援ＳＵＮＤＡＹ,050-5536-5137,050-4560-3397,532-0002,大阪市淀川区東三国一丁目１２番１５号　辻本ビル６階,株式会社Ａｎｅｓｔパートナー,○,○,○,○,20,,2024/07/01,
2719102366,就労継続支援Ａ型事業所フランベ,06-6151-5409,06-6391-4361,532-0003,大阪市淀川区宮原五丁目５番１５号　フローライト新大阪,株式会社フランベ,○,○,○,,16,,2022/04/01,
2719101285,Ｂｅ　Ｆｌａｐ,06-4862-4294,06-4862-4299,532-0011,大阪市淀川区西中島六丁目７番１２号　アーバンビル２Ｆ,一般社団法人ファーストステップ,○,○,○,○,20,,2015/08/01,
2719101657,Ｂｅ　Ｆｌａｐ２,06-6829-7025,06-6829-7073,532-0011,大阪市淀川区西中島四丁目１３番２４号　花原第３ビル２Ｆ,一般社団法人ファーストステップ,○,○,○,○,20,,2018/01/01,
2719101947,Ｂｅ　Ｆｌａｐ３,06-6476-7531,06-6476-7532,532-0011,大阪市淀川区西中島六丁目１番１５号　アセンズ新大阪７階Ａ号,一般社団法人ファーストステップ,○,○,○,○,20,,2019/10/01,
2719103075,Ｉ．Ｃ．Ｇ．Ｊｏｂｓ新大阪,06-6599-9474, ,532-0011,大阪市淀川区西中島三丁目１４番２０号　ＮＬＣ新大阪ビジネスゾーンⅢ番館５０１号室,一般社団法人Ｉ．Ｃ．Ｇ．Ｊｏｂｓ,○,○,○,○,20,,2024/11/01,
2719102317,ネオワークス　新大阪,06-6886-8061,06-6886-8062,532-0011,大阪市淀川区西中島六丁目１１番２５号　第１０新大阪ビル５０１号,株式会社ネオワークス,○,○,○,○,20,,2022/04/01,
2719102853,就労支援センター　ハーテス,06-6476-9231,06-6393-3203,532-0011,大阪市淀川区西中島四丁目５番２２号　レクシア西中島Ⅲ３０３号室,ライフワーク株式会社,○,○,○,○,20,,2024/04/01,
2719102861,就労支援センター　ハーテスⅡ,06-6795-9231,06-6393-3203,532-0011,大阪市淀川区西中島四丁目６番１５号　ミツフ第３ビル６Ｆ,ライフワーク株式会社,○,○,○,○,20,,2024/04/01,
2719101525,Ｂｅ　Ｈａｐｐｙ　南方駅前,06-6195-8670,06-6195-8695,532-0011,大阪市淀川区西中島一丁目１４番１７号　アルバート新大阪ビル４０１,一般社団法人ＫＩＺＵＮＡ,○,○,○,○,20,,2017/02/01,
2711801213,Ｉ．Ｃ．Ｇ．Ｊｏｂｓ西中島,06-6599-9474, ,532-0012,大阪市淀川区木川東三丁目８番７号２Ｆ　 ,一般社団法人Ｉ．Ｃ．Ｇ．Ｊｏｂｓ,○,○,○,○,20,,2023/03/01,
2719101251,ＪｉＲｉＴｓ,06-6195-1277,06-6195-1277,532-0012,大阪市淀川区木川東三丁目１番３１号　大桜ビル４Ｄ号,合同会社ガルダ,○,○,○,○,20,,2015/01/01,
2719101772,キャリアＳｔｅｐ,06-6195-1743,06-6195-1744,532-0012,大阪市淀川区木川東三丁目１番２３号　ＫＣ新大阪ビル５Ｆ,一般社団法人ＫＩＺＵＮＡ,○,○,○,○,20,,2018/07/01,
2719101988,Ｂｅ　Ｈａｐｐｙ　メディア,06-6195-8649,06-6195-8694,532-0013,大阪市淀川区木川西一丁目１３番１５号　２Ｆ,一般社団法人ＫＩＺＵＮＡ,○,○,○,○,20,,2019/12/01,
2719102093,Ｂｅ　Ｈａｐｐｙメイト,06-6476-7898,06-6476-7899,532-0013,大阪市淀川区木川西一丁目４番１５号　１Ｆ,一般社団法人ＫＩＺＵＮＡ,○,○,○,○,20,,2020/10/01,
2719102309,Ｂｅ　Ｓｍｉｌｅ　十三東,06-6195-5622,06-6195-5623,532-0023,大阪市淀川区十三東三丁目１８番１２号　伊藤ビル１階,一般社団法人サンプレイス,○,○,○,○,20,,2022/04/01,
2719101103,就労支援センターにこにこ,06-6391-8500,06-6152-7755,532-0023,大阪市淀川区十三東二丁目１２番３８号　 ,株式会社　ラーカイラム,,○,○,,10,○,2013/10/01,
2719101046,Ｂｅ　Ｈａｐｐｙ,06-6195-8649,06-6195-8694,532-0023,大阪市淀川区十三東１－１１－２８　光第８ビル２Ｆ,一般社団法人ＫＩＺＵＮＡ,○,○,○,○,20,,2013/03/01,
2719101087,オレーヴ,06-6304-3111,06-6304-3101,532-0024,大阪市淀川区十三本町二丁目４番２５号　 ,オレーヴ株式会社,○,○,○,○,20,,2013/08/01,
2719101137,ワークスペース　エース,06-6303-3229,06-6303-3229,532-0024,大阪市淀川区十三本町二丁目１番２０号　十三西口浜ビル１Ｆ,株式会社エース,○,○,○,○,20,,2013/12/01,
2713002216,ちゃれんびぃ小松事業所,06-6990-6507,,533-0004,大阪市東淀川区小松二丁目１３番２３号　,株式会社チャレンビー,○,○,○,○,10,,2021/02/01,ちゃれんびぃ　豊里事業所
2713002455,アシスト,06-6195-7437,06-6195-7437,533-0004,大阪市東淀川区小松一丁目１２番１６号　メゾンアベニュー１階,合同会社ジュレイ,○,○,○,○,20,,2022/03/01,
2713002844,就労支援事業所タケルフードビズ,06-6326-2929,06-6326-2929,533-0005,大阪市東淀川区瑞光一丁目１４番３８号　 ,株式会社ｋｏｏｋｏｏ＆ｃｏ,○,○,○,○,14,,2023/04/01,
2713002125,こころ,06-7174-5148,06-7164-1896,533-0006,大阪市東淀川区上新庄三丁目２番３号　 ,株式会社アットマインド,○,○,○,○,14,○,2020/07/01,
2713002398,スタッフルーム,06-6195-8754,06-6195-8754,533-0007,大阪市東淀川区相川一丁目８番１１号　 ,サン株式会社,○,○,○,○,10,○,2021/12/01,
2713002554,ワイプラス,06-6195-4945,06-6195-4917,533-0007,大阪市東淀川区相川二丁目２０番１０号　太田ビル２階,株式会社ＫＩ２,○,○,○,○,10,○,2022/07/01,
2713002216,ちゃれんびぃ　豊里事業所,06-6990-6507,06-6990-6509,533-0013,大阪市東淀川区豊里六丁目２８番１１号　 ,株式会社チャレンビー,○,○,○,○,20,,2021/02/01,
2713002422,就労支援事業所こころラボ,06-6770-9113,06-6770-9143,533-0031,大阪市東淀川区西淡路五丁目１番１号　 ,株式会社アットマインド,○,○,○,○,13,,2022/01/01,
2719101574,Ｂｅ　Ｓｍｉｌｅ　東中島,06-6770-9011,06-6770-9014,533-0033,大阪市東淀川区東中島２丁目８－６　新大阪駅前ビル４０３、４０５、６０２号室,一般社団法人サンプレイス,○,○,○,○,20,,2017/05/01,
2713002075,ワークホームＳＯＡ,06-6770-9056,06-6770-9057,533-0033,大阪市東淀川区東中島三丁目２番２号　レジデンス新大阪,株式会社希心,○,○,○,○,20,,2020/05/01,
2713002653,ホープブリッジ,06-6459-9717,06-6459-9717,533-0033,大阪市東淀川区東中島一丁目１７番２６号　スキルインフォメーションズビル５Ｆ,株式会社ＣＯＭＢＡＳＥ,○,○,○,○,20,,2022/09/01,
2711501409,たつひろ深江橋事業所,06-6753-7655,06-6753-7665,537-0001,大阪市東成区深江北二丁目４番２６号　アベニュー沢瀉１Ｃ,株式会社たつひろ,,○,○,,20,,2021/04/01,
2711501813,健美道アンカー,06-4259-5000,06-4259-5001,537-0012,大阪市東成区大今里三丁目２０番２２号　２階,有限会社　ファミリータイズ,○,○,○,○,20,,2023/04/01,
2711500682,ひまわりワークルーム,06-6977-2456,06-6977-2455,537-0013,大阪市東成区大今里南一丁目１番２３号　ノアーズアーク今里駅前３０１号室,株式会社ひまわり,○,○,○,○,20,,2015/01/01,
2711500575,健美道　中本,06-6974-5705,06-4308-4331,537-0014,大阪市東成区大今里西一丁目２番９号１階　,有限会社　ファミリータイズ,○,○,○,○,10,,2013/04/01,健美道
2711501201,健美道　今里,06-6974-1300,06-6974-1303,537-0014,大阪市東成区大今里西二丁目１６番１５号１０１号室　 ,有限会社　ファミリータイズ,○,○,○,○,15,,2019/09/01,
2711500690,サンフィールド緑橋,06-7506-1602,06-7507-2338,537-0021,大阪市東成区東中本一丁目１０番１４号　 ,ニール株式会社,○,○,○,○,10,○,2015/02/01,
2711501326,Ｆｒｏｍｊｏｂ緑橋,06-6224-3063, ,537-0021,大阪市東成区東中本二丁目６番２号　光本マンション１階,Ｆｒｏｍｊｏｂ株式会社,○,○,○,○,10,○,2020/11/01,
2711501615,グリーンブリッジ　ＮＡＮＡＩＲＯ,06-6975-8277,06-6975-8278,537-0022,大阪市東成区中本一丁目１１番１８号　ハビタスギハラ１階・４階,全国社会福祉会ＮＡＮＡＩＲＯ　ＦＡＲＭＳ株式会社,○,○,○,○,20,,2022/04/01,
2719403327,Ｍｉｒｒｉｍｅ,06-6450-5102,06-6450-5103,537-0022,大阪市東成区中本五丁目１５番１０号　ユニバーサル中本ビルディング４階,株式会社ＪＯＢ　ｃｏｎｎｅｃｔ,○,○,○,○,,,2024/04/01,Ｍｉｒｒｉｍｅ
2711501367,アトリア,06-6720-8658,06-6720-8658,537-0023,大阪市東成区玉津二丁目１番２７号　彩貴ビル１階,一般社団法人六等星,○,○,○,○,20,,2021/02/01,
2711500575,健美道,06-4307-3991,06-4307-3993,537-0024,大阪市東成区東小橋三丁目９番２０号　 ,有限会社　ファミリータイズ,○,○,○,○,20,,2013/04/01,
2711502092,Ｒｏｌｅ,070-4095-5720, ,537-0025,大阪市東成区中道四丁目１番７号　サカモトキャッチャービル１階,株式会社Ｒｏｌｅ,○,○,○,○,20,,2024/08/01,
2712200993,神戸屋,06-6757-8361,06-6757-8361,544-0001,大阪市生野区新今里七丁目８番１６号　,株式会社　神戸屋,○,○,○,○,20,,2010/07/01,
2712201603,ワークロード,06-6748-0507,06-6748-0507,544-0013,大阪市生野区巽中二丁目１７番６号　 ,株式会社ワークロード,○,○,○,○,10,○,2014/03/01,
2712203161,アントールド,06-4309-5420,06-4309-5421,544-0014,大阪市生野区巽東二丁目８番３２号　荻田第４ビル２０１号,株式会社ＵＮＴＯＬＤ,○,○,○,○,20,,2021/02/01,
2712202411,就労継続支援Ａ型スタンドアップ舎利寺,06-4303-3502,06-7632-3213,544-0022,大阪市生野区舎利寺二丁目４番２８号　 ,一般社団法人障がい者自立スタンドアップ,○,○,○,○,15,,2018/03/01,
2712203716,ブルーサポート桃谷,06-6712-6600,06-6712-6601,544-0033,大阪市生野区勝山北一丁目５番３号　 ,株式会社ベンチ,○,○,○,○,15,,2022/07/01,
2713102032,就労継続支援Ａ型事業所ケーズ,080-6146-9282,06-4256-0764,535-0022,大阪市旭区新森七丁目４番３７号　 ,株式会社Ｋ．Ｓ,○,○,○,○,20,,2023/08/01,
2714401375,ワークセンターもーる城東,06-6786-0088,06-6786-0099,536-0001,大阪市城東区古市三丁目２２番２号　パルコムマンション２階,株式会社モールカンパニー,○,○,○,○,20,,2015/01/01,
2714401706,アントレッドワークス蒲生事業所,06-6931-0390,06-6931-0391,536-0004,大阪市城東区今福西四丁目４番２３号　石脇ビル２０２・２０５号,一般社団法人アントレッドワークス,○,○,○,○,20,,2017/07/01,
2714401383,ステップアップ,06-6936-3300,06-6936-2929,536-0004,大阪市城東区今福西一丁目１番２６号　 ,テキスタイルワークス合同会社,○,○,,,20,,2015/01/01,
2714401698,サンフィールド城東,06-6939-3424,06-6930-3272,536-0004,大阪市城東区今福西五丁目１３番１３号　 ,ニール株式会社,○,○,○,○,20,,2017/06/01,
2714401409,Ｋａｗａｓｅｍｉ,06-6935-1111,06-6935-1911,536-0005,大阪市城東区中央一丁目６番２９号　 ,社会福祉法人　そうそうの杜,○,○,○,○,10,○,2015/05/01,
2714402043,マリアワークス,06-6934-7448,06-6934-7449,536-0006,大阪市城東区野江一丁目１番１号　角屋京橋ビル３階,株式会社マリアプロ,○,○,○,○,20,,2020/02/01,
2714402829,ＥａｃｈＱＷｏｒＫ,, ,536-0016,大阪市城東区蒲生三丁目１０番１９号　 ,ＥａｃｈＱＷｏｒＫ株式会社,○,○,○,○,20,,2024/10/01,
2714402662,ルートＳ,06-7503-1252,06-7503-1252,536-0023,大阪市城東区東中浜三丁目１番１６号　 ,合同会社ケアサービス,○,○,○,,15,,2023/09/01,
2714402894,サードプレイス森之宮,06-7651-5920, ,536-0025,大阪市城東区森之宮二丁目６番１号　 ,サードプレイス株式会社,○,○,○,○,20,,2024/12/01,
2719200889,ハッピーワークス,06-7181-0690,06-7164-5686,538-0037,大阪市鶴見区焼野一丁目南１１番６号　 ,特定非営利活動法人笑てん,○,○,○,○,20,,2016/06/01,
2719201374,ワークサポート　鶴見,06-6964-5920,06-6964-5921,538-0041,大阪市鶴見区今津北五丁目５番６－１０１号　 ,ｉｉＴｅ株式会社,○,○,○,○,18,,2022/04/01,
2719201127,ビザライト,06-6780-4470,06-6780-4614,538-0051,大阪市鶴見区諸口一丁目１番９号　 ,有限会社プロ・フィッツ,○,○,○,○,20,,2019/04/01,
2719201499,ライツウィングス,06-7492-8929,06-7492-8930,538-0051,大阪市鶴見区諸口五丁目５番１号　 ,株式会社ライツウィングス,○,○,○,○,20,,2024/04/01,
2719200921,レイオブライト,06-6167-4317,06-6167-4218,538-0054,大阪市鶴見区緑一丁目７番１５号　ＴＭＳ３階,有限会社プロ・フィッツ,○,○,○,○,20,,2016/10/01,
2719201127,ビザライト,06-6780-4470,06-6780-4614,538-0054,大阪市鶴見区緑一丁目７番５号　カーサエクリオ１０３,有限会社プロ・フィッツ,○,○,○,○,10,,2019/04/01,ビザライト
2712302161,Ｌｉｆｅ　Ｐｌａｎ,06-6624-9292,06-6624-9293,545-0014,大阪市阿倍野区西田辺町一丁目１２番２９号　 ,株式会社Ｌｉｆｅ　Ｐｌａｎ,,○,○,,20,,2023/12/01,
2712301494,シードリーフ,06-6625-8765,06-6625-8765,545-0021,大阪市阿倍野区阪南町一丁目２７番１７号　服部ビル２Ｆ,有限会社Ｃｌａｓｓｙ　Ｌａｂ,○,○,○,○,20,,2020/04/01,
2712301841,マカロン,06-6568-9600,06-6568-9606,545-0051,大阪市阿倍野区旭町一丁目６番３号　 ,一般社団法人ＲＩＲＥ,○,○,○,○,20,,2022/05/01,
2712301544,Ｂｅ　Ｈａｐｐｙ　あべの,06-4394-8436,06-4394-8640,545-0051,大阪市阿倍野区旭町二丁目１番１－１３５・１８６号　 ,一般社団法人ＫＩＺＵＮＡ,○,○,○,○,20,,2020/08/01,
2712302039,未来あべの,06-6115-6108,06-6115-8572,545-0053,大阪市阿倍野区松崎町二丁目３番３３号　 ,アクティブサポート株式会社,○,○,○,○,14,○,2023/04/01,
2712301726,グッドリーフ,06-6809-7221,06-6809-7221,545-0053,大阪市阿倍野区松崎町四丁目４番１８号　アベノフォーラム１Ｆ,有限会社Ｃｌａｓｓｙ　Ｌａｂ,○,○,○,○,20,,2021/09/01,
2712301825,ウイズリーフ,06-7221-0063,06-7221-0063,545-0053,大阪市阿倍野区松崎町四丁目５番３１号　アベクマビル４Ｆ，５Ｆ,有限会社Ｃｌａｓｓｙ　Ｌａｂ,○,○,○,○,20,,2022/04/01,
2715901076,ライフカンパニー,06-6657-4149,06-6657-4149,559-0003,大阪市住之江区安立四丁目１番４号　 ,ライフカンパニー株式会社,○,○,○,○,20,,2014/10/01,
2715901688,就労継続支援Ａ型Ｂ型　わか,06-6675-3689,06-6675-3699,559-0005,大阪市住之江区西住之江二丁目１番１号　２階,わか株式会社,○,○,○,○,10,○,2021/01/01,
2715901134,フォレストアウル,06-6686-3001,06-6686-3002,559-0011,大阪市住之江区北加賀屋一丁目２番４５号　Ｓ＆Ｊマンション１Ｆ,フォレスト・アウル株式会社,○,○,○,○,20,,2015/08/01,
2712002951,バックオフィス長居,06-6654-6150,06-6654-6150,558-0004,大阪市住吉区長居東四丁目２番１１号　ドムール長居２０６号,一般社団法人ヒューマンブレイン,○,○,○,○,10,,2024/01/01,
2712002605,ユアペース,080-8115-6421,06-7506-9568,558-0013,大阪市住吉区我孫子東一丁目３番３２号　 ,株式会社ＹｏｕｒＰａｃｅ,○,○,○,○,10,○,2022/06/01,
2712001433,ＬＩＣワークパートナーズあびこ,06-4700-7098,06-4700-7099,558-0014,大阪市住吉区我孫子四丁目６番２１号　エストゥディオアビコ１０１号室,株式会社ＬＩＣ,○,○,○,○,20,,2014/10/01,
2712002738,てあてる我孫子,06-6691-7888,06-6691-7888,558-0014,大阪市住吉区我孫子三丁目１１番２７号　 ,株式会社テアテル,○,○,○,○,20,,2023/02/01,
2712001458,ワンモアステップ,06-6696-8875,06-6696-8876,558-0023,大阪市住吉区山之内三丁目７番６号　１０２号室,株式会社ワンモアステップ,○,○,○,,20,,2014/12/01,
2712001268,就労継続支援Ａ型事業所　南海ライフリレーションあびこ道,06-6676-6802,06-6676-6803,558-0033,大阪市住吉区清水丘三丁目１４番８１号　 ,南海ライフリレーション株式会社,○,○,○,○,20,,2013/07/01,
2712001524,オリーブ事業所,06-7165-4380,06-7165-4380,558-0044,大阪市住吉区長峡町６番１２号　メゾン森重２Ｆ,株式会社ＡＪ,○,○,○,○,20,○,2015/05/01,
2710802576,だいこん畑東部市場店,06-6777-7600,06-6760-2235,546-0001,大阪市東住吉区今林一丁目２番６８号　大阪市中央卸売市場東部市場内,有限会社だいこん畑,○,○,○,○,20,,2019/05/01,
2710802394,Ｆｒｏｍｊｏｂ東住吉,06-6776-2852,06-6776-2853,546-0001,大阪市東住吉区今林四丁目１３番７号　 ,Ｆｒｏｍｊｏｂ株式会社,○,○,○,○,14,○,2018/09/01,
2710803988,就労継続支援Ａ型事業所クロスロード,06-6777-8302,06-6777-8302,546-0002,大阪市東住吉区杭全一丁目１１番３－６０３号　 ,合同会社フォレストウェル,○,○,○,○,10,○,2023/05/01,
2710802253,だいこん畑　東住吉本店,06-6777-7600,06-6760-2235,546-0003,大阪市東住吉区今川六丁目４番２４号　 ,有限会社だいこん畑,○,○,○,○,10,,2018/04/01,
2710803947,Ｔｅａｍ蓮,06-6790-3636,06-6790-3637,546-0013,大阪市東住吉区湯里二丁目１７番４号　ヴィルブーケ１Ｆ,合同会社Ｃｏｒｅａｌｏ,○,○,○,○,15,,2023/04/01,
2710804622,就労継続支援Ａ型事業所　キャリアコネクト,080-4221-8969, ,546-0022,大阪市東住吉区住道矢田七丁目１２番６号　 ,合同会社キャリアコネクト,○,○,○,○,12,,2024/11/01,
2710801693,ほっと　Ｓｐａｃｅ,090-9282-6678,06-6624-5846,546-0031,大阪市東住吉区田辺一丁目１０番１０号　 ,有限会社ステラ,○,○,○,○,12,,2015/05/01,
2710802592,楽らく,06-6609-5535,06-6609-5535,546-0043,大阪市東住吉区駒川五丁目４番１５号　 ,合同会社楽らく,○,○,○,○,19,,2019/05/01,
2710804614,シリウスパートナーズ,06-7410-2741,06-6609-7722,546-0043,大阪市東住吉区駒川四丁目１２番２１号　ミカサヤビル２階,Ｓｉｒｉｕｓ　Ｐａｒｔｎｅｒｓ株式会社,○,○,○,○,10,,2024/11/01,
2712301742,だいこん畑　北田辺店,06-6777-7600,06-6760-2235,546-0044,大阪市東住吉区北田辺四丁目２２番６号　２０１,有限会社だいこん畑,○,○,○,○,20,,2022/01/01,
2715805319,アロハ,06-6796-3524,06-6793-0330,547-0001,大阪市平野区加美北四丁目１０番２号１階、２階　 ,有限会社パッケム,○,○,○,○,10,,2024/08/01,
2715802787,ねくすとべーす,06-6792-8077,06-6792-8088,547-0002,大阪市平野区加美東四丁目１２番１１号　 ,株式会社ネクストスペース,○,○,○,○,20,,2016/09/01,
2715803462,Ｂｅ　Ｈａｐｐｙ　平野,06-6796-7275,06-6796-7288,547-0002,大阪市平野区加美東四丁目１７番１７号　 ,一般社団法人ＫＩＺＵＮＡ,○,○,○,○,20,,2019/02/01,
2715803397,就労継続支援Ａ型スタンドアップ長吉出戸,06-6776-2990,06-7632-3213,547-0011,大阪市平野区長吉出戸四丁目１番６号　 ,一般社団法人障がい者自立スタンドアップ,○,○,○,○,15,,2018/12/01,
2715801771,Ｆａｍｉｌｙ　Ｃｉｒｃｌｅ,06-6777-2598,06-6777-2599,547-0011,大阪市平野区長吉出戸八丁目５番３号　 ,新日本新薬株式会社,○,○,○,○,20,,2012/08/01,
2715802852,ヒラキンサポート,06-6777-4162,06-6777-4163,547-0011,大阪市平野区長吉出戸七丁目１１番１９号　Ｂ号,株式会社ヒラキンサポート,○,○,○,,20,,2017/01/01,
2715804395,就労継続支援事業所ＮＥＸＴ,06-4302-6033,06-4302-8252,547-0011,大阪市平野区長吉出戸四丁目３番４２号　２階,株式会社ネクストライフステージ,○,○,○,○,10,○,2022/04/01,
2715805111,かがやくあおぞら,070-4230-1065,06-7494-3426,547-0011,大阪市平野区長吉出戸四丁目５番５０号　２Ｆ　 ,株式会社かがやくあおぞら,○,○,○,○,20,,2024/02/01,
2715802860,特定非営利活動法人竹光自立支援センター,06-6799-3282,06-6799-2013,547-0014,大阪市平野区長吉川辺三丁目１４番１７号　 ,特定非営利活動法人竹光自立支援センター,,○,,,30,,2017/01/01,
2715805160,和み家ｐｌｕｓ,06-6700-7538,06-6700-7530,547-0026,大阪市平野区喜連西五丁目２番７－１０１号　 ,アプリコットマネジメント株式会社,,○,○,,20,,2024/04/01,
2715802597,まなびの郷　平野西,06-4392-7597,06-4392-7598,547-0033,大阪市平野区平野西三丁目６番２８号　ＰＡＬＭＩＺＩＯ平野西Ⅲ１１０号室,株式会社まなびの郷,○,○,○,○,15,,2015/08/01,
2715805269,就労継続支援Ａ型事業所エスポワール,06-6776-2424,06-6776-2427,547-0035,大阪市平野区西脇三丁目２番１８号　レスト平野１Ｆ,株式会社エスポワール,○,○,○,○,20,,2024/07/01,
2715802886,就労継続支援Ａ型スタンドアップ市町ファクトリー,06-6777-1389, ,547-0042,大阪市平野区平野市町一丁目３番２６号　 ,一般社団法人障がい者自立スタンドアップ,○,○,○,○,15,,2017/03/01,
2715802985,ＰＥＡＣＥウェル,06-6777-7617,06-6777-7617,547-0045,大阪市平野区平野上町一丁目１０番１１号　和光服装ビル１階,ピースウェル南大阪合同会社,○,○,○,○,10,○,2017/04/01,
2715803223,Ｓｍｉｌｅ　Ｆａｃｔｏｒｙ　平野,06-6105-4507,06-6105-4507,547-0045,大阪市平野区平野上町一丁目５番１０号　 ,株式会社らく笑,○,○,○,○,20,,2018/04/01,
2715804981,スタンドアップ平野宮町,06-6777-1386,06-7632-3213,547-0046,大阪市平野区平野宮町一丁目５番５号　メガロコープ平野５号棟１８３号,一般社団法人障がい者自立スタンドアップ,○,○,○,○,10,,2023/09/01,
2715803728,あいかんぱにー,06-6777-1758,06-6777-1759,547-0046,大阪市平野区平野宮町一丁目４番２９号　 ,株式会社あいかんぱにー,○,○,○,○,20,,2020/02/01,
2713306005,Ａ　ｗｏｒｋｓ　柚,06-4398-9090,06-4398-9091,557-0014,大阪市西成区天下茶屋三丁目２２番２号　 ,株式会社Ｔｅｍｏｍｏ,○,○,○,○,13,,2023/09/01,
2713303234,小さな木,06-6630-8744,06-6630-8745,557-0016,大阪市西成区花園北二丁目８番５号　 ,合同会社　大きな木,○,○,○,○,16,,2017/01/01,
2713306302,はばたくあおぞら,080-5555-5999,06-6652-5510,557-0044,大阪市西成区玉出中二丁目４番２１号　ひまわりマンション１Ｆ,株式会社はばたくあおぞら,○,○,○,○,20,,2024/03/01,
2713304752,やさしいあおぞら,070-8406-3160,06-6652-5510,557-0044,大阪市西成区玉出中二丁目４番２１号　ひまわりマンション２Ｆ,特定非営利活動法人やさしいあおぞら,○,○,○,○,20,,2021/04/01,
2713303200,街かどあぐりにしなり,06-6567-1007,06-6567-1008,557-0061,大阪市西成区北津守四丁目９番５号　 ,特定非営利活動法人　街かど福祉,○,○,○,○,14,○,2016/10/01,
