事業所番号,事業所名称,事業所電話番号,事業所FAX番号,事業所郵便番号,事業所所在地,法人名称,主たる対象者：身体,主たる対象者：知的,主たる対象者：精神,主たる対象者：難病,利用定員,多機能の有無,指定日,主たる事業所名,共生型指定
2714100654,生活介護事業所ぜんかい屋,06-6242-1119,06-6242-1120,530-0035,大阪市北区同心二丁目６番１３号　エミネントヤナセ１０１,特定非営利活動法人　おおさか行動する障害者応援センター,○,○,○,○,20,,2011/10/01,,
2714102056,生活介護　ろじ～な,06-4309-6982,06-4309-6983,530-0041,大阪市北区天神橋三丁目４番１１号　大金ビル２階,株式会社Ｓｈａｌｏｍ,○,○,○,○,20,,2021/02/01,,
2714100696,たけのこ,06-7502-4878,06-7502-4878,531-0073,大阪市北区本庄西二丁目１７番２２号　カーサ永田１Ｆ,特定非営利活動法人　ゆう,○,○,○,,10,,2012/04/01,,
2714103252,ＬＡＵＧＦ,06-6450-8071,06-6450-8072,531-0074,大阪市北区本庄東二丁目２番１０号　渡辺ビル１階,株式会社　よろこび,○,○,,○,20,,2024/11/01,,
2714100563,おおよど,06-6454-8445,06-6454-8445,531-0076,大阪市北区大淀中四丁目７番１１号　シンプルハートマンション１階,社会福祉法人　大淀福祉会,○,○,,,20,,2011/04/01,,
2715200461,生活介護たんばや,06-6924-2941,06-6924-2088,534-0001,大阪市都島区毛馬町二丁目８番２６号　サンパティーク毛馬１０１号室,株式会社　ＫＡＯＲＵ,○,○,○,○,20,,2011/01/01,,
2715201816,生活介護　シグナル,06-6169-8400,06-6169-8401,534-0002,大阪市都島区大東町三丁目７番４７号　 ,株式会社インパクト,○,○,○,○,10,○,2024/10/01,,
2715200594,社会福祉法人治栄会あかまつ園,06-6929-5100,06-6929-4455,534-0012,大阪市都島区御幸町二丁目１０番２３号　 ,社会福祉法人治栄会,○,○,○,,30,,2012/04/01,,
2715200891,生活介護　エース,06-6922-0001,06-6922-0002,534-0012,大阪市都島区御幸町一丁目５番２１号　アルファ都島ビル１Ｆ,株式会社エース,○,○,○,○,20,,2016/01/01,,
2715201592,生活介護クローバー,06-6923-8821,06-6923-8822,534-0021,大阪市都島区都島本通三丁目１３番２３号　 ,合同会社くう,○,○,○,○,20,,2023/10/01,,
2715201717,生活介護Ｌｉｎｏ’ａ,06-6923-8253,06-6923-8254,534-0021,大阪市都島区都島本通三丁目１０番８号　ＴＫハイツ１０１号室,株式会社ＨＹＵ,○,○,○,○,20,,2024/06/01,,
2714100654,生活介護事業所良返屋,06-7504-6191,06-7504-6192,534-0021,大阪市都島区都島本通三丁目１６番５号　,特定非営利活動法人　おおさか行動する障害者応援センター,○,○,○,○,9,,2011/10/01,生活介護事業所ぜんかい屋,
2715201485,生活介護　らぷらす,06-6180-3689,06-6180-5689,534-0022,大阪市都島区都島中通一丁目１４番６号　２Ｆ,一般社団法人インディペンデンス,,○,○,,10,○,2022/11/01,,
2715201345,生活介護　そらともり,06-7898-0023,06-7898-0023,534-0022,大阪市都島区都島中通三丁目１７番１８号　 ,株式会社ＳＯＬＡ,○,○,○,○,20,,2022/01/01,,
2715201188,デイサービスほっと。,06-6929-1081,06-6929-1082,534-0022,大阪市都島区都島中通三丁目１７番６号　グランドゥーエ５０２号,特定非営利活動法人　ほっと,○,○,○,○,10,○,2019/10/01,,
2710200201,デーセンター機関車,06-6925-5521,06-6925-5521,534-0023,大阪市都島区都島南通二丁目１番６４号　,社会福祉法人　ゆうのゆう,○,,,,15,,2008/01/01,デーセンターモモの家,
2715201691,デーセンター機関車,06-6925-5521,06-6925-5521,534-0023,大阪市都島区都島南通二丁目１番６４号　 ,社会福祉法人　ゆうのゆう,○,,,,20,,2024/05/01,,
2715201311,生活介護しるし,06-6180-3375,06-6964-4158,534-0023,大阪市都島区都島南通一丁目６番５号　 ,株式会社Ｎｅｖｅｒ,○,○,○,○,20,,2021/09/01,,
2715200370,作業所「あるくる」,06-6355-5500,06-6355-3702,534-0027,大阪市都島区中野町三丁目４番２１号　ベルエキップ・オグラン１階,特定非営利活動法人　あるる,○,○,○,○,10,,2010/03/01,,
2714100472,ＳＡＯＲＩ　ｈａｎｄｓ,06-6921-7822,06-6921-7833,534-0027,大阪市都島区中野町五丁目１３番４号　 ,特定非営利活動法人　さをりひろば,○,○,○,○,8,○,2015/06/01,,
2710200284,福島育成園,06-6456-0560,06-6456-0561,553-0001,大阪市福島区海老江一丁目８番８号　,社会福祉法人大阪市手をつなぐ育成会,○,○,○,,70,,2012/01/01,,
2710200359,近畿福祉会　大阪海老江事業所,06-6136-8061,06-6136-8062,553-0001,大阪市福島区海老江六丁目１１番５号　 ,一般社団法人近畿福祉会,,○,,,39,○,2014/01/01,,
2710200227,すずらんの園,06-6136-8998,06-6136-8998,553-0003,大阪市福島区福島四丁目６番１８号　 ,社会福祉法人　すずらん福祉会,○,,,○,22,,2008/04/01,,
2710200805,デイサービスセンターのだてらす,06-6467-8000, ,553-0005,大阪市福島区野田二丁目１７番１４号　 ,千寿パートナーズ株式会社,○,○,○,○,18,,2024/05/01,,○
2710200201,デーセンターモモの家,06-6465-9133,06-6465-3301,553-0006,大阪市福島区吉野四丁目２７番１０号　,社会福祉法人　ゆうのゆう,○,,,,20,,2008/01/01,,
2710200540,ぽっぽっぽ,06-6147-7603,06-6147-7603,553-0006,大阪市福島区吉野五丁目５番１４号　 ,株式会社　ぽっぽっぽ,○,○,○,○,10,,2019/08/01,,○
2710200573,デイサービスセンター千寿てらす,06-6460-4165,06-6460-4126,553-0007,大阪市福島区大開四丁目１番　ＵＲ大開団地１１号棟１０５,千寿パートナーズ株式会社,○,○,○,○,18,,2020/04/01,,○
2712800248,生活介護はばたく,06-6463-2286,06-6463-2286,554-0013,大阪市此花区梅香一丁目２６番３号　 ,特定非営利活動法人はばたく,○,○,○,○,10,○,2019/04/01,,
2712800628,あめでもくもりでも、はれたね,06-6461-5589,06-6461-5589,554-0014,大阪市此花区四貫島二丁目１８番１７号　舟原ビル１Ｆ,合同会社匡,○,○,○,○,20,,2021/03/01,,
2712800628,あめでもくもりでも、はれたね,06-6461-5589,06-6461-5589,554-0014,大阪市此花区四貫島二丁目１８番１４号　ひろっずたうん１Ｆ,合同会社匡,○,○,○,○,10,,2021/03/01,あめでもくもりでも、はれたね,
2712800487,生活介護コアの園,06-6464-0990,06-6464-0991,554-0022,大阪市此花区春日出中二丁目１８番１４号　ＮＥＵビル４Ｆ,ＮＰＯ法人ＭＵＡ未来,○,○,○,○,20,,2018/03/01,,
2712800255,ぶるうむ此花,06-6468-7898,06-6468-2803,554-0024,大阪市此花区島屋三丁目２番３２号　,社会福祉法人日本ヘレンケラー財団,,○,,,50,,2011/04/01,,
2719400190,なにわの宮,06-6940-4187,06-6943-4668,540-0006,大阪市中央区法円坂一丁目１番３５号　アネックスパル法円坂５階,社会福祉法人　大阪府肢体不自由者協会,○,○,○,,28,○,2009/04/01,,
2719400356,こはる苑,06-6762-8009,06-6762-8009,540-0013,大阪市中央区内久宝寺町二丁目７番３１号　,社会福祉法人こはる福祉会,,○,,,20,,2010/04/01,,
2719402303,サン・プロジェクト,06-6946-1261,06-6946-1263,540-0025,大阪市中央区徳井町一丁目２番９号　メゾンサンパール　２階,一般社団法人サンシャイン,○,○,○,○,14,○,2022/04/01,,
2719400752,アップル上汐,06-6762-1238,06-6762-1239,542-0064,大阪市中央区上汐一丁目４番６号　冨士ビル３０１・３０２号・５Ｆ,合同会社　アリスタッチ,○,○,○,○,20,○,2014/05/01,,
2711800256,Ｈａｎｄｉｃａｐｐｅｄ　ｃｏｍｍｕｎｉｔｙ　Ｃａｆｅ　ＭＩＬＬＯ（第３ミロー）,06-6533-5798,06-6533-5798,550-0015,大阪市西区南堀江四丁目５番　西道頓堀ハイツＢ棟１０５号,ＮＰＯ法人　Ｃａｆｅ　ＭＩＬＬＯ,○,○,○,,15,○,2011/04/01,,
2711800454,和,06-6536-8970,06-6536-8970,550-0022,大阪市西区本田一丁目５‐１０　 ,社会福祉法人　ワークスユニオン,,○,,,20,,2013/03/01,,
2711800207,生活介護西作業所,06-6584-1614,06-6584-1614,550-0022,大阪市西区本田一丁目５番１４号　,ＮＰＯ法人　ユートピアにし,,○,,,10,,2009/04/01,生活介護西作業所,
2711800835,セフニアキッズ・ワーク（九条）,06-6586-5777,06-6586-5778,550-0025,大阪市西区九条南四丁目１６番１６号　,株式会社　セフニア,○,○,○,○,10,○,2017/12/01,セフニアキッズ・ワーク,
2711800207,生活介護西作業所,06-6584-1614,06-6584-1614,550-0025,大阪市西区九条南一丁目１１番２２号　 ,ＮＰＯ法人　ユートピアにし,,○,,,30,,2009/04/01,,
2711800835,セフニアキッズ・ワーク,06-4395-5578,06-6586-5778,550-0026,大阪市西区安治川二丁目２番１３号　 ,株式会社　セフニア,○,○,○,○,20,○,2017/12/01,,
2710400421,港育成園,06-6584-9241,06-6584-9274,552-0001,大阪市港区波除六丁目４番５号　,社会福祉法人大阪市手をつなぐ育成会,,○,,,40,,2011/04/01,,
2710200201,デーセンター音・ｏｎ,06-4395-5660,06-4395-5664,552-0002,大阪市港区市岡元町一丁目２番２０号　,社会福祉法人　ゆうのゆう,○,,,,15,,2008/01/01,デーセンターモモの家,
2710401171,デーセンター音・ｏｎ,06-4395-5660,06-4395-5664,552-0002,大阪市港区市岡元町一丁目２番２０号　 ,社会福祉法人　ゆうのゆう,○,,,,20,,2024/05/01,,
2710401023,ぽーとゆうなぎ生活介護,06-6577-3850,06-6577-3851,552-0003,大阪市港区磯路三丁目２５番７号　市岡グランドビル旧館１０８,株式会社　アクセスＨ．Ｌ,○,○,○,○,20,○,2022/05/01,,
2710401072,からふるｋｕｒａｓｕ,06-6575-9900,06-6575-9911,552-0003,大阪市港区磯路二丁目１２番１－１１９号　 ,合同会社からふるケア,,○,,,10,○,2023/04/01,,
2710400611,マーガレット工房,06-6576-2284,06-6576-2284,552-0005,大阪市港区田中二丁目１１番１６号　 ,特定非営利活動法人地域障害者協働ステーション,○,○,○,○,20,,2013/08/01,,
2710401080,ひびき園,06-6467-8228,06-6467-8229,552-0007,大阪市港区弁天一丁目６番１７号　１０２号室,ｂＱｕｅｓｔ株式会社,○,○,○,○,20,,2023/04/01,,
2710400496,手と手とハウス,06-6576-1200,06-6576-1201,552-0016,大阪市港区三先二丁目１３番２４号　ＭＴ不動産ビル１階,ＮＰＯ法人　大阪盲ろう者友の会,○,,,,20,,2012/03/01,,
2710400256,ゆうゆう美波途,06-6571-1119,06-6571-1141,552-0016,大阪市港区三先二丁目２番５号　,特定非営利活動法人　悠々会,○,○,○,,16,○,2008/11/01,,
2710400215,あゆみ作業所,06-6572-0714,06-6572-0714,552-0021,大阪市港区築港三丁目１０番１８号　,ＮＰＯ法人　大阪港あゆみ福祉会,,○,,,20,,2007/07/01,,
2710400199,あいらぶ工房,06-4395-7588,06-4395-7589,552-0023,大阪市港区港晴一丁目７番４号　,社会福祉法人大阪聴覚障害者福祉会,○,,,,20,○,2007/04/01,,
2710400926,リハルーム,06-6574-1165,06-6537-9638,552-0023,大阪市港区港晴三丁目１番１号　フクモトパークビュー１０４号室,合同会社ＲＩＫＵ,○,○,○,○,10,○,2021/04/01,,
2712700646,生活介護　大正共同作業所,06-6552-2574,06-6552-2574,551-0002,大阪市大正区三軒家東一丁目１４番２７号　グランソシエ大正１階,特定非営利活動法人かけはし福祉会,○,○,○,○,20,,2015/08/01,,
2712700471,障害者支援施設ふくろうの杜,06-6552-2960,06-6552-2968,551-0032,大阪市大正区北村三丁目５番１２号　,社会福祉法人　恩賜財団済生会支部大阪府済生会,,○,,,50,,2012/04/01,,
2712700463,障害者支援施設北村園,06-6552-8070,06-6552-8087,551-0032,大阪市大正区北村三丁目５番１０号　,社会福祉法人　恩賜財団済生会支部大阪府済生会,○,○,○,○,60,,2012/04/01,,
2712700489,障害福祉サービス事業ふくろうの杜（生活介護）,06-6552-2960,06-6552-2968,551-0032,大阪市大正区北村三丁目５番１２号　,社会福祉法人　恩賜財団済生会支部大阪府済生会,,○,,,50,,2012/04/01,,
2712700695,支援センターねぎぼうず,06-6147-3010,06-6147-3021,551-0032,大阪市大正区北村三丁目５番２５号　 ,社会福祉法人　大阪手をつなぐ育成会,○,○,○,○,20,,2018/04/01,,
2712701073,生活介護シエスタ,06-6556-6703,06-6556-6308,551-0032,大阪市大正区北村二丁目１４番２６号　 ,一般社団法人廣陽社,○,○,○,○,20,,2024/04/01,,
2711700373,障害者支援施設知恩寮,06-6761-1663,06-6768-1653,543-0017,大阪市天王寺区城南寺町１番１０号　,社会福祉法人　高津学園,,○,,,30,,2009/10/01,,
2711701348,障がい者就労支援センターにこにこ庵・天王寺,06-6770-6000,06-6770-6688,543-0027,大阪市天王寺区筆ケ崎町２番１８号　タイセイ第二ビル４階・５階,有限会社　クローバーホーム,○,○,○,○,10,○,2022/06/01,,
2711700852,生活介護・あくてぃぶ,06-4302-5242,06-4302-5243,543-0052,大阪市天王寺区大道三丁目１番２６号　ヌーベルハイツ１Ｆ,ＮＰＯ法人ムーブメント,○,○,○,○,20,,2017/07/01,,
2711700894,ブレイルＰ,06-6227-8925, ,543-0053,大阪市天王寺区北河堀町７番１６号　グランカサ天王寺７０１１,特定非営利活動法人世の為人の為,○,○,○,,20,,2017/07/01,,
2711700605,ｓｕｂａｃｏ,06-6777-3835,06-6777-3834,543-0071,大阪市天王寺区生玉町１１番２８号　生玉井上ビル１階１００号,株式会社スバコ・ケア・エンジニアリング,○,○,○,,10,○,2013/05/01,,
2714300528,ほっこり倶楽部,06-4396-9189,06-4396-9189,556-0012,大阪市浪速区敷津東三丁目６番１０号　,特定非営利活動法人　日常生活支援ネットワーク,○,○,○,,10,○,2012/04/01,,
2714300536,ピース,06-6647-2077,06-6647-2087,556-0014,大阪市浪速区大国一丁目１１番１号　,社会福祉法人　ピースクラブ,○,○,○,○,15,○,2012/04/01,,
2714301013,レオＨＯＭＥ,06-6585-9227,06-6585-9267,556-0015,大阪市浪速区敷津西二丁目７番２３号　ウィークリーグリーンインナンバ,株式会社レオ,○,○,○,○,20,,2018/12/01,,
2714301013,レオＨＯＭＥ,06-6585-9227,06-6585-9267,556-0015,大阪市浪速区敷津西二丁目１２番３号　アクティ２１・１０１号,株式会社レオ,○,○,○,○,8,○,2018/12/01,レオＨＯＭＥ,
2714301443,多機能型事業所ブルーム,06-6647-5507,06-6585-9017,556-0015,大阪市浪速区敷津西二丁目１３番２３号　 ,さくら総合事務所株式会社,○,○,○,○,8,○,2021/11/01,,
2714301617,ステップ,06-6710-9119,06-6710-9589,556-0015,大阪市浪速区敷津西二丁目２番２３号　ピエス敷津１階,株式会社ｐａｐｔｉｍｕｓ,○,○,○,○,15,○,2023/02/01,,
2710400793,生活介護かける,06-6575-2111,06-6575-2111,556-0016,大阪市浪速区元町二丁目５番２７号　ダイアパレス難波１０４号,株式会社たすき,○,○,○,○,20,○,2019/03/01,,
2714301765,マルカート,06-6655-0699,06-6655-0699,556-0020,大阪市浪速区立葉一丁目４番７号　 ,株式会社ＣｏＣｏ,○,○,○,○,15,,2023/07/01,,○
2714300296,デイケアセンター夢の希,06-6568-3290,06-6568-3294,556-0025,大阪市浪速区浪速東一丁目８番１４号　 ,社会福祉法人　スワンなにわ,○,○,○,,30,○,2007/04/01,,
2711000865,生活介護げんきな郷,06-6475-0113,06-6475-0113,555-0001,大阪市西淀川区佃三丁目６番７号　 ,有限会社げんきなむら,○,○,○,○,20,○,2018/02/01,,
2711001046,ＣＬＡＮ西淀川,06-6477-5600,06-6477-5610,555-0011,大阪市西淀川区竹島五丁目１番７号　 ,株式会社ＣＬＡＮ,○,○,○,○,20,○,2020/01/01,,
2711000402,いきいき,06-6471-7729,06-6476-7003,555-0013,大阪市西淀川区千舟二丁目１０番６号　,特定非営利活動法人　いきいき,○,○,○,○,16,○,2011/04/01,,
2711000774,カフェ・ギャラリーののはな,06-6476-5260,06-6476-5260,555-0021,大阪市西淀川区歌島三丁目２番　市営歌島第２住宅４号棟１０９,特定非営利活動法人　西淀川発達支援センターたんぽぽ,○,○,○,○,6,,2016/09/01,第２西淀川発達支援センターたんぽぽ,
2711001277,ＣＬＵＢ＿ＮＩＫＯ,06-6478-5600,06-6478-5601,555-0023,大阪市西淀川区花川二丁目１９番８号　花川アーバンライフ１Ｆ,ディバース関西　株式会社,○,○,○,○,20,,2023/02/01,,
2711000352,生活介護事業所ポプラ,06-6471-8860,06-6471-8860,555-0024,大阪市西淀川区野里一丁目３１番２３号　,ＮＰＯ法人　イシイ,○,○,○,,10,,2010/04/01,,
2711000774,第２西淀川発達支援センターたんぽぽ,06-6477-4939,06-6477-4939,555-0024,大阪市西淀川区野里三丁目６番２４号　 ,特定非営利活動法人　西淀川発達支援センターたんぽぽ,○,○,○,○,40,○,2016/09/01,,
2711000345,生活介護事業所よつば,06-6476-0428,06-6477-6560,555-0032,大阪市西淀川区大和田二丁目５番１１号　,社会福祉法人　松福会,○,○,○,,20,,2008/12/01,,
2711001293,ドレミファソラシド,06-6390-8039,06-6390-8039,555-0032,大阪市西淀川区大和田五丁目５番９号　 ,株式会社企画Ｎ,○,○,○,,20,,2023/02/01,,
2711001368,ＯＺデイにしよど,06-6195-6991,06-6195-6992,555-0032,大阪市西淀川区大和田五丁目１番４号　 ,サービス合同会社,○,○,,,5,○,2024/06/01,,
2711000246,風の子そだち園,06-6475-7325,06-6475-7321,555-0033,大阪市西淀川区姫島六丁目３番５号　,社会福祉法人　水仙福祉会,,○,,,50,,2006/11/01,,
2711000246,風工房,06-6475-7325,,555-0033,大阪市西淀川区姫島六丁目３番５号　,社会福祉法人　水仙福祉会,,○,,,10,,2006/11/01,風の子そだち園,
2711000972,こだま,06-6475-6611,06-6475-6644,555-0033,大阪市西淀川区姫島五丁目１３番１２号　 ,合同会社　やまびこ,○,○,○,○,20,,2019/04/01,,
2711000907,ナンクルナイサァーあちや,06-4862-7647,06-4862-7648,555-0041,大阪市西淀川区中島一丁目１７番１３号　 ,有限会社ナンクルナイサァーケアネット,○,○,○,○,20,,2018/04/01,,
2719102580,デイサービス・Ｒｉｎ東三国,06-6326-4441,06-6326-4442,532-0001,大阪市淀川区十八条一丁目１１番１３号　 ,有限会社　いちりん,○,○,,○,20,,2023/02/01,,
2719101426,ホップ,06-6330-8840,06-6330-8841,532-0001,大阪市淀川区十八条三丁目１番７号　 ,特定非営利活動法人　ダ・カー歩,○,○,○,○,20,,2016/03/01,,
2719102655,ｈａｎａ６５,06-7896-6556,06-7896-6557,532-0001,大阪市淀川区十八条一丁目９番２２号　 ,特定非営利活動法人ｈａｎａ６５,○,○,○,○,20,,2023/05/01,,
2719102218,花よデイサービス,06-4981-8307,06-6152-7758,532-0004,大阪市淀川区西宮原一丁目６番３６－１０６号　 ,花よ合同会社,○,○,○,○,20,,2021/09/01,,○
2719100998,Ｏｖｅｒ　Ｔｈｅ　Ｒａｉｎｂｏｗ,06-6390-5315,06-6390-5315,532-0011,大阪市淀川区西中島六丁目６番１７号　リックビル２階,ＮＰＯ法人Ｏｖｅｒ　Ｔｈｅ　Ｒａｉｎｂｏｗ,,○,,,20,,2012/10/01,,
2719102358,ミーサ,06-6829-7206,06-6829-7209,532-0012,大阪市淀川区木川東三丁目１番２３号　ＫＣ新大阪ビル４階,株式会社Ｃｏｃｏ　ｆｅｅｌ,○,○,○,○,20,,2022/04/01,,
2719100501,だんけのそのポレポレクラブ,06-6885-7811,06-6885-7813,532-0013,大阪市淀川区木川西四丁目５番４０号　,社会福祉法人　関西中央福祉会,○,○,○,,80,,2007/04/01,,
2719100485,ＦＡＮ,06-6304-3566,06-6304-3588,532-0021,大阪市淀川区田川北一丁目７番９号　 ,社会福祉法人　関西中央福祉会,,○,,,60,○,2007/04/01,,
2719101939,ＰＡＬＥＴＴＥ,06-6305-2555,06-6305-2557,532-0021,大阪市淀川区田川北一丁目７番５号　 ,社会福祉法人　関西中央福祉会,○,○,○,○,20,○,2021/10/01,,
2719100592,希望の園,06-6301-5265,06-6390-1404,532-0022,大阪市淀川区野中南二丁目１０番３５号　,社会福祉法人　大阪自興会,○,○,○,○,70,,2008/10/01,,
2719100535,ジョブサイトよど,06-6838-7007,06-6838-7015,532-0023,大阪市淀川区十三東二丁目４番２号　 ,社会福祉法人　北摂杉の子会,,○,○,,20,○,2007/05/01,,
2719102523,ひろば,06-6770-9803,06-6770-9806,532-0023,大阪市淀川区十三東三丁目１５番１８号　 ,一般社団法人エンパワメントサポートセンター,○,○,○,○,20,,2022/11/01,,
2719102960,生活介護　コジコジ,06-7166-3875,06-6409-4175,532-0026,大阪市淀川区塚本六丁目１０番３１号　 ,株式会社キミノウタ,○,○,○,○,20,,2024/08/01,,
2719100469,むつみ,06-6308-7206,06-6308-7299,532-0031,大阪市淀川区加島一丁目６０番３６号　,社会福祉法人　加島友愛会,○,○,○,,23,○,2007/04/01,,
2719100634,アンダンテ加島,06-4806-6780,06-4806-6781,532-0031,大阪市淀川区加島一丁目３６番４６号　,社会福祉法人　加島友愛会,,○,,,50,,2009/04/01,,
2719100493,加島希望の家,06-6390-5666,06-6302-2551,532-0031,大阪市淀川区加島一丁目４９番２１号　,社会福祉法人　加島友愛会,○,○,○,○,50,,2007/04/01,,
2719100774,にいたかの里,06-6392-2710,06-6392-2713,532-0033,大阪市淀川区新高四丁目１５番２８号　,社会福祉法人　平成福祉会,○,○,○,,20,○,2011/04/01,,
2713003081,リールスライフ井高野,06-6349-3021,06-6349-3221,533-0001,大阪市東淀川区井高野二丁目７番２８号　 ,株式会社　ケア２１,○,○,○,○,15,○,2024/03/01,,
2713002463,ワーカウト東淀川,06-4862-6731,06-4862-6732,533-0001,大阪市東淀川区井高野二丁目５番８号　２Ｆ,合同会社いち,○,○,○,,20,,2022/04/01,,
2713000699,フリーダム創生,06-6327-4191,06-6327-5150,533-0004,大阪市東淀川区小松四丁目３番２８号　,社会福祉法人　身体障害者自立協会,○,○,○,○,25,○,2008/03/01,,
2713003156,まいくる,06-6829-7071,06-7507-2765,533-0004,大阪市東淀川区小松二丁目６番１２ー１０２号　 ,株式会社コラブル,○,○,○,○,20,,2024/06/01,,
2713000996,第２あすわーく,06-6326-9005,06-6326-9005,533-0013,大阪市東淀川区豊里4-12-6　新豊里ハイツ1F　,社会福祉法人　ひがしよどがわ福祉会,,○,,,6,,2012/04/01,あすわーく,
2713000616,デイサービス・Ｒｉｎ,06-6326-4441,06-6326-4442,533-0013,大阪市東淀川区豊里二丁目１番　新豊里団地４－１１３,有限会社　いちりん,○,○,,○,20,,2007/04/01,,
2713000996,あすわーく,06-6815-7166,06-6815-0255,533-0014,大阪市東淀川区豊新一丁目３番３号　,社会福祉法人　ひがしよどがわ福祉会,,○,,,36,,2012/04/01,,
2713000566,ワークセンター豊新,06-6990-8270,06-6990-8271,533-0014,大阪市東淀川区豊新二丁目７番３号　,社会福祉法人　水仙福祉会,,○,,,38,,2006/11/01,,
2713003016,多機能型事業所あおぞら,06-6379-3225,06-6379-3672,533-0022,大阪市東淀川区菅原六丁目１番１９号　レクシア淡路２０１・２０２号室,株式会社Ｎａｏｊｉ,○,○,○,○,10,○,2023/11/01,,
2713000822,障害者支援施設エフォール,06-6325-3315,06-6325-6086,533-0023,大阪市東淀川区東淡路一丁目４番４９号　,社会福祉法人　大阪自彊館,○,○,○,○,50,,2010/04/01,,
2713000012,ウィリッシュ,06-6320-1581,06-6321-3481,533-0023,大阪市東淀川区東淡路二丁目１５番１０号　ＦＪＳビル,社会福祉法人　路交館,○,○,○,○,28,○,2006/10/01,,
2713000871,西淡路希望の家,06-6323-4991,06-6323-4973,533-0031,大阪市東淀川区西淡路一丁目１３番２８号　,社会福祉法人　ノーマライゼーション協会,○,○,○,○,60,,2011/04/01,,
2713000798,ハニカム,06-6322-8206,06-6328-2947,533-0032,大阪市東淀川区淡路三丁目１３番３７号　,社会福祉法人　ノーマライゼーション協会,,○,,,50,,2010/04/01,,
2713001820,お気楽島,06-6195-2906,06-6195-2908,533-0032,大阪市東淀川区淡路四丁目２９番３号　 ,一般社団法人お気楽島,○,○,○,,20,,2018/09/01,,
2713001457,ケロケロワーク,06-6990-0860,06-6990-0870,533-0033,大阪市東淀川区東中島一丁目１３番４３号　新大阪第一ダイヤモンドマンション１階１０７号,株式会社　悠希,○,○,○,○,20,,2015/08/01,,
2711501235,ぱすてるＰＯＰ,06-6105-6305,06-7635-8752,537-0001,大阪市東成区深江北二丁目４番４号　中井ビル１階,株式会社ＰＯＰ,○,,,,15,○,2019/12/01,,
2711700290,ハーモニー,06-6972-8061,06-6972-8062,537-0003,大阪市東成区神路三丁目２番２０号　,社会福祉法人　清心会,,○,,,20,,2009/01/01,,
2711501862,生活介護カリス,06-6975-0015,06-6975-0056,537-0003,大阪市東成区神路三丁目１２番２４号　 ,一般社団法人ＬＭＯ協会,○,○,○,○,20,,2023/07/01,,
2711500393,東成工房,06-6976-7964,06-6976-7964,537-0011,大阪市東成区東今里二丁目１番１９号　西善ビル１・２階,特定非営利活動法人　東成精神障害者を支える会サラダ倶楽部,,○,○,,16,○,2012/03/01,,
2711501383,ふりーすぺーすＳＵＮ,06-6974-7703,06-6974-7703,537-0012,大阪市東成区大今里一丁目１０番２０号　 ,社会福祉法人大阪市手をつなぐ育成会,,○,,,20,,2021/04/01,,
2711500435,東成育成園,06-6981-0262,06-6981-0703,537-0014,大阪市東成区大今里西一丁目１番１５号　,社会福祉法人大阪市手をつなぐ育成会,,○,,,40,○,2011/04/01,,
2711501573,生活介護　心話ｃｏｃｏｗａ,06-6224-4822,06-6224-4822,537-0014,大阪市東成区大今里西二丁目５番１７号　 ,合同会社スリーエイト８８８,○,○,○,○,10,○,2022/03/01,,
2711500385,サラダぼーる,06-4259-2507,06-4259-2507,537-0014,大阪市東成区大今里西三丁目１７番１７号　サンコート今里１０１号,特定非営利活動法人　東成精神障害者を支える会サラダ倶楽部,,○,○,,6,○,2012/10/01,,
2711500211,支援センター中,06-6975-3380,06-6748-0336,537-0023,大阪市東成区玉津二丁目１１番２６号　 ,社会福祉法人　大阪手をつなぐ育成会,○,○,○,,20,○,2014/05/01,,
2711500732,ライフステーション　サンシャイン,06-6977-2997,06-6977-2998,537-0023,大阪市東成区玉津三丁目１１番６号　 ,一般社団法人サンシャイン,○,○,○,○,20,○,2015/04/01,,
2711501219,Ｎｅｘｔデイサービス,06-6975-7557,06-6975-7558,537-0024,大阪市東成区東小橋二丁目１０番２６号　リバーライズ東小橋Ⅱ１階,株式会社ＹｕｕｚＮｅｘｔ,○,○,○,○,15,,2019/10/01,,○
2711500740,デイセンターＳＫＥＴＣＨ,06-6973-8866,06-4981-3286,537-0025,大阪市東成区中道三丁目１３番６号　メゾネット相屋１Ｆ,株式会社　Ｆａｉｔｈ,○,○,○,○,20,,2015/05/01,,
2712204607,エミーナ,06-6747-9245, ,544-0001,大阪市生野区新今里一丁目１５番１８号　 ,株式会社ループ,,○,○,,20,,2024/11/01,,
2712201876,障害者日中活動センターいけいけ・こいこい,06-6754-9322,06-6754-9322,544-0001,大阪市生野区新今里二丁目８番７号　 ,特定非営利活動法人　障害者市民地域生活支援機構,○,○,○,○,20,,2015/04/01,,
2712202551,宅老所あおぞら,06-6751-2555,06-6224-7010,544-0002,大阪市生野区小路一丁目５番１６号　 ,一般社団法人藍天,○,,,○,10,,2018/08/01,,○
2712204219,デイサービスみかん,06-6752-2500,06-6751-8326,544-0002,大阪市生野区小路二丁目２番１７号　 ,株式会社みかん,○,○,○,○,20,,2024/01/01,,○
2712203930,生活介護クリンもだん２,06-6754-4356,06-6224-7869,544-0002,大阪市生野区小路三丁目１１番１９号　 ,特定非営利活動法人聖公会生野センター,,○,○,,20,,2023/03/01,,
2712200621,いわき生野学園,06-6753-1121,06-6753-1123,544-0002,大阪市生野区小路三丁目１９番１９号　,社会福祉法人　いわき学園,,○,,,36,○,2007/04/01,,
2712201041,コスモス,06-6756-5199,06-6756-5199,544-0003,大阪市生野区小路東二丁目６番１９号　 ,特定非営利活動法人コスモス,,○,,,10,,2011/04/01,,
2712202858,まんてん生野小路,06-6754-5000,06-6754-5002,544-0003,大阪市生野区小路東二丁目７番１７号　パークスクエア１０１号室,株式会社まんてんケアサービス,○,○,○,○,20,,2020/02/01,,
2712204078,障がい者支援施設　ルピナス,06-4306-5915,06-4306-5916,544-0004,大阪市生野区巽北四丁目２番１８号　 ,ＮＰＯ法人ルピナス,○,○,○,○,20,,2023/09/01,,
2712201231,大阪ひかり作業所,06-6758-3943,06-6757-5499,544-0011,大阪市生野区田島五丁目１１番２６号　,社会福祉法人　ひかり,○,○,○,,20,,2012/03/01,,
2712200761,社会福祉法人聖フランシスコ会生野みんなの家,06-6754-1121,06-6743-7777,544-0011,大阪市生野区田島一丁目１６番１０号　,社会福祉法人　聖フランシスコ会,,○,○,,20,,2008/04/01,,
2712200753,たびだち共働作業所,06-6758-6641,06-6758-6749,544-0011,大阪市生野区田島一丁目１０番３０号　,特定非営利活動法人　出発のなかまの会,○,○,○,○,23,,2008/04/01,,
2712202791,デイサービス・サロンひとと樹,06-7891-2798,06-7891-2797,544-0011,大阪市生野区田島四丁目９番２４号　 ,株式会社ＡＩ,○,○,○,○,10,,2019/09/01,,○
2712203120,デイサービスこころ家,06-6753-8341,06-6753-8342,544-0011,大阪市生野区田島四丁目１１番２号　 ,エース・クリエイト株式会社,○,○,○,○,18,,2020/12/01,,○
2712200753,はたらく・つながる「ととりの木」,06-6752-4695,06-6752-4685,544-0012,大阪市生野区巽西二丁目５番４号　,特定非営利活動法人　出発のなかまの会,○,○,○,○,8,,2008/04/01,たびだち共働作業所,
2712200753,ＢＯＭＢＡ,06-6752-4695,06-6752-4685,544-0012,大阪市生野区巽西二丁目５番１号　,特定非営利活動法人　出発のなかまの会,○,○,○,○,,,2008/04/01,たびだち共働作業所,
2712202882,看護小規模多機能ホーム　なごみ庵,06-6754-0025,06-6754-0026,544-0013,大阪市生野区巽中四丁目１番１号　 ,株式会社元気な介護,○,○,○,○,15,,2020/04/01,,○
2712200845,ちっぷり,06-6796-4799,06-6796-4788,544-0015,大阪市生野区巽南五丁目１８番７号　 ,社会福祉法人　ストローム福祉会,○,○,○,○,20,,2009/03/01,,
2712202338,生活介護ふぃーるぷらす,06-6776-2614,06-6776-2514,544-0015,大阪市生野区巽南五丁目１番６号　インフィルドハイツ１０３号室,株式会社　ななケアサービス,○,○,○,○,20,,2017/08/01,,
2712201355,匠,06-6776-2410,06-6776-2410,544-0021,大阪市生野区勝山南一丁目１７‐１２　 ,社会福祉法人　ワークスユニオン,,○,,,20,,2012/07/01,,
2712203377,生活介護　きずなの森,06-6717-6550,06-6717-6551,544-0023,大阪市生野区林寺二丁目１３番２１号　 ,リヴインホープ株式会社,○,○,○,○,20,,2021/08/01,,
2712202262,プランコート林寺Ⅰ,06-6776-2633,06-6776-2634,544-0023,大阪市生野区林寺五丁目６番２９号　 ,コアプラン株式会社,○,○,○,○,20,,2017/03/01,,
2712201637,ひより家,06-6714-4994,06-6714-4994,544-0023,大阪市生野区林寺四丁目７番２４号　 ,ＮＰＯ法人日和,○,○,○,○,10,○,2014/04/01,,
2712201975,ＨＡＲＵ　ＨＡＲＵ,06-6711-5661,06-6711-5661,544-0024,大阪市生野区生野西三丁目１２番１２号　 ,株式会社ＨＡＲＵ　ＨＡＲＵ,○,○,○,,8,○,2016/10/01,,
2712202379,一会のデイ,06-4305-7505,06-4305-7606,544-0025,大阪市生野区生野東一丁目２番１９号　 ,有限会社　ジェイエス,○,○,○,○,20,,2017/10/01,,
2712200852,アトリエ・ＩＫ,06-6711-2235,06-6796-7031,544-0031,大阪市生野区鶴橋二丁目１８番１１号　,特定非営利活動法人　精神障害者支援の会ヒット,,,○,,20,,2009/05/01,,
2712200647,指定障害者支援施設豊生園,06-6716-1202,06-6716-1203,544-0033,大阪市生野区勝山北四丁目１４番２８号　,社会福祉法人　愛生会,○,○,,,60,,2007/04/01,,
2712202874,障碍者支援事業所野のはな,06-6718-1750,06-6718-1700,544-0033,大阪市生野区勝山北五丁目１番２６号　 ,社会福祉法人野のはな,○,○,○,○,6,○,2020/04/01,,
2712203302,アシストデイサービスセンター,06-6711-3636,06-6711-1010,544-0033,大阪市生野区勝山北五丁目２１番１２号　 ,株式会社元気な介護,○,○,○,○,30,,2021/07/01,,○
2712201546,株式会社とらの子ほーむ,06-6777-1210,06-6715-2095,544-0033,大阪市生野区勝山北四丁目１番２０号　 ,株式会社とらの子ほーむ,○,○,○,○,10,○,2020/01/01,,
2712204433,障がい福祉サポートネットＮｉｎｅ　桃谷,06-6718-6860,06-6718-6861,544-0034,大阪市生野区桃谷五丁目１２番１２号　 ,株式会社Ｎｉｎｅ,○,○,○,○,20,○,2024/06/01,,
2712201066,わんさかわだち,06-6741-3877,06-6741-3877,544-0034,大阪市生野区桃谷一丁目４番１２号　,ＮＰＯ法人　えん,,○,○,○,10,,2011/04/01,,
2712201249,こさり（ウィールチェアー）,06-6717-0950,06-6717-0950,544-0034,大阪市生野区桃谷三丁目１０番７号　 ,ＮＰＯ法人　生野共働の家,○,○,○,,10,○,2012/04/01,,
2712201058,ゆめくらぶ,06-7891-8084,06-7891-8084,544-0034,大阪市生野区桃谷一丁目１３番１号　新栄プロパティー桃谷２階,特定非営利活動法人　精神障害者支援の会ヒット,○,○,○,○,20,,2011/04/01,,
2712201645,ベリゼ,06-6712-3210,06-6712-3210,544-0034,大阪市生野区桃谷二丁目２１番１５号　 ,一般社団法人　イエローリボン,○,○,○,○,20,,2014/05/01,,
2713100408,あさひ希望の里,06-6954-0971,06-6954-0972,535-0001,大阪市旭区太子橋一丁目１６番２２号　,社会福祉法人　大阪福祉事業財団,,○,,,46,,2007/04/01,,
2713100374,ワークセンター飛行船,06-6956-9156,06-6958-3655,535-0003,大阪市旭区中宮一丁目３番２６号　 ,社会福祉法人　地域ゆめの会,○,○,○,○,7,○,2016/10/01,,
2713101596,縁,06-6167-5507,06-6167-5508,535-0004,大阪市旭区生江三丁目２８番２７号　 ,社会福祉法人　リベルタ,○,○,○,○,35,,2021/04/01,,
2713100903,Ｃ－ゆめ工房,06-6925-1287,06-6925-1289,535-0004,大阪市旭区生江三丁目１１番６号　,社会福祉法人　地域ゆめの会,○,○,○,○,10,,2013/11/01,手の花の家,
2713101166,て・さらん,06-6923-8401,06-6923-8402,535-0004,大阪市旭区生江一丁目９番９号　 ,有限会社　あい寿,○,○,○,○,10,○,2016/11/01,,
2713100903,手の花の家,06-6926-3511,06-6926-2511,535-0005,大阪市旭区赤川四丁目１番２８号　 ,社会福祉法人　地域ゆめの会,○,○,○,○,20,○,2013/11/01,,
2713100648,生活介護アプリ,06-6185-0002,06-6185-0003,535-0011,大阪市旭区今市一丁目２番５号　,株式会社アプリ,○,○,○,,20,,2012/03/01,,
2713101430,オールケア旭,06-6958-3939,06-6958-6666,535-0021,大阪市旭区清水四丁目３番１１号　 ,株式会社オールケア旭,○,○,○,○,20,○,2019/07/01,,
2713101943,障害福祉サービスＡ－Ｚ（アズ）,06-6167-7040,06-6167-7041,535-0021,大阪市旭区清水四丁目１０番２４号　１階,株式会社プライムケアマネジメント,○,○,○,○,20,,2023/02/01,,
2713100507,ケアライフ光の友,06-6953-7706,06-6953-7706,535-0022,大阪市旭区新森六丁目５番１２号　,特定非営利活動法人　光の友,○,○,○,,15,,2010/04/01,,
2713101448,オールケア旭ノア,06-6167-7339,06-6167-7329,535-0031,大阪市旭区高殿六丁目９番２３号　 ,株式会社オールケア旭,○,○,○,○,15,○,2019/07/01,,
2714400641,すみれ共同作業所,06-6934-4607,06-6934-8698,536-0001,大阪市城東区古市一丁目２１番３８号　,社会福祉法人　大阪福祉事業財団,,○,,,70,,2008/05/01,,
2714401979,たんぽぽ・城東,06-6753-9664,06-6753-9665,536-0001,大阪市城東区古市三丁目１１番２２号　 ,合資会社　たんぽぽ介護サービス,○,○,○,○,15,○,2019/09/01,,
2714401664,夢たまご　城東古市,06-6930-4530,06-6930-4532,536-0001,大阪市城東区古市一丁目２２番２０号　髙井アークビル１階,株式会社夢たまご,○,○,○,○,10,○,2017/04/01,,
2714400526,フォーワーク,06-6939-8998,06-6955-9996,536-0001,大阪市城東区古市三丁目５番２号　 ,特定非営利活動法人　さかえ会,○,○,○,○,36,,2007/04/01,,
2714401904,いま福の家,06-6180-7399,06-6180-7399,536-0003,大阪市城東区今福南四丁目１５番３３号　 ,社会福祉法人　そうそうの杜,○,○,○,○,20,,2019/04/01,,
2714400922,でいぽっぽ,06-6180-2566,06-6180-2267,536-0004,大阪市城東区今福西六丁目２番３３号　 ,有限会社　あいあいサポートセンター,○,○,○,○,20,,2012/03/01,,
2714400567,わかまつ園,06-6930-0300,06-6930-0325,536-0006,大阪市城東区野江三丁目１０番２２号　,社会福祉法人治栄会,○,○,,,40,,2010/04/01,,
2714400682,生活介護　ほっと・ステーション,06-6934-7006,06-6934-7019,536-0008,大阪市城東区関目一丁目２０番２２号１階　 ,有限会社　ほっと・ステーション,○,○,○,○,20,,2009/03/01,,
2714402670,しどろもどろ,06-6935-8386,06-6935-8386,536-0008,大阪市城東区関目一丁目２１番２７号　１階,有限会社　ほっと・ステーション,○,○,○,○,10,○,2023/10/01,,
2714400468,庵,06-6958-4745,06-6958-4748,536-0013,大阪市城東区鴫野東二丁目２６番１８号　 ,社会福祉法人　そうそうの杜,○,○,○,○,20,,2007/01/01,,
2714401045,げんげん,06-6180-9670,06-6180-9670,536-0013,大阪市城東区鴫野東三丁目１８番５号　 ,社会福祉法人　そうそうの杜,○,○,○,○,20,,2013/03/01,,
2714401797,創奏,06-6923-8929,06-6923-8929,536-0013,大阪市城東区鴫野東三丁目３番１号　 ,社会福祉法人　そうそうの杜,○,○,○,○,20,,2018/07/01,,
2714400518,みつき,06-6968-9503,06-6967-9513,536-0013,大阪市城東区鴫野東一丁目６番２５号　,社会福祉法人きくのか福祉会,○,○,○,,18,○,2009/04/01,,
2714402076,スマイルゲート城東,06-6964-5111,06-6964-5112,536-0014,大阪市城東区鴫野西四丁目１番２４号　 ,株式会社スマイルゲートパートナーズ,○,○,○,○,20,,2020/05/01,,
2714402027,サードプレイス・デイアクティビティーセンター,06-7182-6745,06-7162-8830,536-0014,大阪市城東区鴫野西一丁目１８番５号　 ,特定非営利活動法人ラルゲット,○,○,○,○,10,○,2020/01/01,,
2714400690,ＮＰＯワークショップ’９９,06-6180-1190,06-6180-1191,536-0016,大阪市城東区蒲生四丁目８番１４号　,特定非営利活動法人　ワークショップ’９９,○,○,○,○,20,,2009/04/01,,
2714402472,生活介護Ｆｌｏｒｅｎｃｅ,06-6180-5288,06-6180-5322,536-0023,大阪市城東区東中浜三丁目１番２７号　フロントリバー緑橋１階,株式会社Ｋ－ｓｔｙｌｅ,○,○,○,○,20,,2022/08/01,,
2719200319,つるみの郷,06-6913-0441,06-6913-0451,538-0031,大阪市鶴見区茨田大宮二丁目２番２２号　,社会福祉法人　椿福祉会,,○,,,40,○,2007/04/01,,
2719200707,ワークセンターつるみの郷,06-6913-0461,06-6913-0471,538-0031,大阪市鶴見区茨田大宮二丁目２番２５号　,社会福祉法人　椿福祉会,,○,,,25,○,2012/04/01,,
2719200301,クレヨン,06-6912-4110,06-6912-8582,538-0032,大阪市鶴見区安田四丁目１番４６号　 ,社会福祉法人　椿福祉会,,○,○,,20,,2007/04/01,,
2719200350,鶴見希望の会,06-6915-0900,06-6915-0995,538-0037,大阪市鶴見区焼野一丁目１２番６号　,社会福祉法人　希望の会,○,○,○,,20,,2008/04/01,,
2719201192,らいくあっぷ,06-6780-9881,06-6780-9882,538-0037,大阪市鶴見区焼野二丁目南６番７号　タカキチビル２階,合同会社オマージュ,○,○,○,○,20,,2020/05/01,,
2719201309,らいふすぺーす　空木,06-6968-5811,06-6968-5833,538-0041,大阪市鶴見区今津北二丁目１０番９号　 ,株式会社　ＰＡＳまいんど,○,○,○,○,20,,2021/12/01,,
2719201424,発達障がい支援特化型生活介護おむすび,090-7365-9648, ,538-0041,大阪市鶴見区今津北五丁目３番１３号　 ,特定非営利活動法人生活支援ネットＯｍｕｓｕｂｉ,,○,○,○,20,,2022/11/01,,
2719200426,日本ライトハウスきらきら,06-6961-5521,06-6961-6268,538-0042,大阪市鶴見区今津中二丁目４番３７号　,社会福祉法人日本ライトハウス,○,,,,15,○,2013/04/01,,
2719200434,日本ライトハウスわくわく,06-6961-5521,06-6961-6268,538-0042,大阪市鶴見区今津中二丁目４番３７号　,社会福祉法人日本ライトハウス,○,,,,20,,2009/04/01,,
2719201549,生活介護　Ｋｉａ　Ｏｒａ,072-951-2524,072-951-2524,538-0044,大阪市鶴見区放出東一丁目１４番１９号　 ,合同会社Ｈ．Ｓ．Ｃ,○,○,○,○,20,,2024/07/01,,
2719200822,もろぐち支援センター,06-6911-3220,06-6914-4020,538-0051,大阪市鶴見区諸口一丁目１番７４号　 ,特定非営利活動法人こうろ,,○,,,10,○,2015/04/01,,
2719201259,あすなろ　まほろば,06-6914-4904,06-6914-4905,538-0052,大阪市鶴見区横堤一丁目６番４４号　 ,株式会社誠幸,,○,○,○,10,○,2021/04/01,,
2712301189,メリーペコラ,06-4301-0017,06-4301-0030,545-0001,大阪市阿倍野区天王寺町北三丁目６番１１号　シンエイビルド２階,伸栄産業株式会社,,○,,,20,,2017/07/01,,
2712301965,ｃｏｃｏａ,06-6777-6821,06-6777-7394,545-0001,大阪市阿倍野区天王寺町北二丁目５番１９号　 ,合同会社ＲｅａＤｙ,○,○,○,○,20,,2022/12/01,,
2712301643,ＴＲＵＥ　ＣＯＬＯＲＳ,06-6714-6171,06-6714-6171,545-0001,大阪市阿倍野区天王寺町北二丁目６番３号　 ,合同会社スペースケアサポート,○,○,○,○,10,○,2021/04/01,,
2712300405,障害者支援施設アテナ平和,06-6629-2062,06-6629-2063,545-0003,大阪市阿倍野区美章園三丁目７番２号　,社会福祉法人日本ヘレンケラー財団,,○,,,40,,2007/10/01,,
2712300579,障害者活動センター四天王寺さんめい苑,06-6625-0471,06-6625-0481,545-0005,大阪市阿倍野区三明町一丁目２番２９号　,社会福祉法人　四天王寺福祉事業団,○,○,○,,40,,2010/10/01,,
2712300397,ワークスペース街（ライフスペース街）,06-6622-2866,06-6622-2869,545-0011,大阪市阿倍野区昭和町一丁目５番２７号　フェニックス昭和町ビル２階,特定非営利活動法人　ドマーニ,○,○,○,○,20,○,2007/10/01,,
2712301502,あべのっ子,06-6655-1301,06-6655-1302,545-0011,大阪市阿倍野区昭和町五丁目２番１０号　 ,ＮＰＯ法人あべのっ子,○,○,○,○,12,○,2020/04/01,,
2710800950,エイブリィ製作所,06-6691-8100,06-6691-8101,545-0014,大阪市阿倍野区西田辺町二丁目１０番８号　,社会福祉法人　大阪重症心身障害児者を支える会,○,○,○,○,,,2011/01/01,ゆら,
2712300363,みどり教室,06-6622-3759,06-6622-3769,545-0021,大阪市阿倍野区阪南町二丁目２３番１１号　,社会福祉法人　大阪重症心身障害児者を支える会,○,○,,,20,,2007/04/01,,
2712300017,シルフ,06-6626-6074,06-6626-6075,545-0021,大阪市阿倍野区阪南町三丁目４３番１０号　 ,社会福祉法人日本ヘレンケラー財団,,○,○,○,30,○,2006/10/01,,
2710800513,リカバリハウスいちご（リカバリハウスいちごいちえ）,06-6769-1517,06-6769-1517,545-0021,大阪市阿倍野区阪南町六丁目１番１５号　 ,特定非営利活動法人　いちごの会,,,○,,9,○,2013/07/01,,
2712300280,ドレミ舎らっこ組,06-6628-7806,06-6628-7860,545-0021,大阪市阿倍野区阪南町一丁目２４番８号　 ,有限会社　ライフケアあっぱよね,○,○,○,○,16,○,2011/12/01,,
2712301833,富永生活介護事業所,06-7507-2371,06-7507-2372,545-0021,大阪市阿倍野区阪南町六丁目１番２号　 ,社会医療法人寿会,○,○,,○,20,,2022/04/01,,
2712300967,生活介護事業所　メロディ,06-6627-5500,06-6627-5501,545-0023,大阪市阿倍野区王子町一丁目８番２１号　 ,社会福祉法人日本ヘレンケラー財団,,○,,,20,,2015/04/01,,
2712300629,あべの作業所,06-6624-6685,06-6624-9701,545-0023,大阪市阿倍野区王子町一丁目１０番２号　 ,特定非営利活動法人　至誠,,○,○,,10,○,2011/04/01,,
2712301585,みなっきーデイサービス,06-6606-8077,06-6606-8087,545-0032,大阪市阿倍野区晴明通９番５号　 ,株式会社キットラボ,○,○,○,○,18,,2020/11/01,,○
2712300637,アトリエコーナス,06-6659-9312,06-6659-9312,545-0041,大阪市阿倍野区共立通二丁目３番２２号　,特定非営利活動法人　コーナス,○,○,○,○,15,○,2011/04/01,,
2712301718,生活介護フルフラール,06-6661-7333,06-6661-7330,545-0042,大阪市阿倍野区丸山通一丁目６番２３号　ウエスタンハイツ松虫２０１,特定非営利活動法人フルフラール,○,○,○,○,20,,2021/08/01,,
2712300280,ドレミ舎らっこ２組,06-6628-7806,06-6628-7860,545-0053,大阪市阿倍野区松崎町二丁目６番３０号　朝日プラザ阿倍野１０５号,有限会社　ライフケアあっぱよね,○,○,○,○,6,○,2011/12/01,ドレミ舎らっこ組,
2715900524,福祉若葉作業所,06-6673-0624,06-6673-0624,559-0002,大阪市住之江区浜口東二丁目１３番４号　,特定非営利活動法人　福祉若葉作業所,○,○,○,,20,,2009/04/01,,
2715900565,住之江作業所,06-6115-6808,06-6115-6808,559-0006,大阪市住之江区浜口西二丁目９番１１号　 ,社会福祉法人　ペガサス,○,○,○,○,20,,2010/04/01,,
2715901274,児童デイサービスさくらいろ北加賀屋（生活介護＋ぷらす）,06-4703-3943,06-4703-3941,559-0011,大阪市住之江区北加賀屋五丁目５番４１号　 ,株式会社ＳＡＫＵＲＡ,○,○,,,20,○,2016/05/01,,
2715901324,ヴィラ　ミカエル,06-6105-1917,06-6105-1918,559-0013,大阪市住之江区御崎五丁目１４番１１号　クレセントマンション１０４，１０５号室,一般社団法人青空,○,○,○,○,20,,2017/04/01,,
2715901001,ぴあどりーむ,06-6681-7771,06-6681-7775,559-0013,大阪市住之江区御崎六丁目１番３号　タカラビル２階,株式会社　夢空間,○,○,○,○,6,○,2024/09/01,,
2715900441,住之江木の実園,06-6685-6611,06-6685-6622,559-0013,大阪市住之江区御崎三丁目２番２号　,社会福祉法人　いわき学園,,○,,,40,,2008/04/01,,
2715900458,デーセンターいるか,06-6685-1335,06-6685-1335,559-0016,大阪市住之江区西加賀屋三丁目１７番３号　,特定非営利活動法人ぺんぎん,○,○,,,8,,2008/04/01,,
2715900458,いるか　プレイルーム,06-6685-2135,06-6685-2135,559-0016,大阪市住之江区西加賀屋四丁目７番１０号　,特定非営利活動法人ぺんぎん,○,○,,,6,,2008/04/01,デーセンターいるか,
2715900458,いるか　アートセンター,06-6685-2135,,559-0017,大阪市住之江区中加賀屋三丁目15番10号　,特定非営利活動法人ぺんぎん,○,○,,,6,,2008/04/01,デーセンターいるか,
2715901555,豊泉家チャレンジドセンター住之江,06-6683-7112,06-6683-7057,559-0024,大阪市住之江区新北島七丁目４番２４号　 ,社会福祉法人　福祥福祉会,○,○,○,○,40,,2019/08/01,,
2715900599,生活介護すぺーすしゃとる,06-6683-1064,06-6683-1064,559-0024,大阪市住之江区新北島一丁目２番１号　オスカードリーム２０１,特定非営利活動法人　自立生活夢宙センター,○,○,○,○,20,,2011/01/01,,
2715900581,特定非営利活動法人ポートさきしま福祉作業センターさきしま園,06-6613-7274,06-6613-7274,559-0033,大阪市住之江区南港中三丁目２番３６号　,特定非営利活動法人　ポートさきしま,,○,,,10,,2010/12/01,,
2715901373,ダイナーとき,06-4703-2525,06-4703-1414,559-0034,大阪市住之江区南港北二丁目１番１０号　ＡＴＣビル４階Ｐ－１－２,株式会社　とき,○,○,○,○,10,○,2021/05/01,,
2712000963,大領地域の家であい,06-4700-2010,06-4700-2011,558-0001,大阪市住吉区大領五丁目６番２号　,社会福祉法人　ライフサポート協会,○,○,○,,20,,2011/05/01,,
2712001607,大領ＣＯＣＯＲＯ,06-6694-0556,06-6694-0557,558-0001,大阪市住吉区大領四丁目１３番２６号　 ,社会福祉法人　ライフサポート協会,○,○,,,30,○,2016/04/01,,
2712000484,ライフ・ネットワーク,06-6607-8260,06-6607-5503,558-0004,大阪市住吉区長居東三丁目８番２５号　ふぁみーゆ長居Ⅱ１階,社会福祉法人　あいえる協会,○,,,,20,,2007/11/01,,
2712000484,ピア・エンジン,050-1221-8491,050-1221-8491,558-0004,大阪市住吉区長居東三丁目１５番２６号　住吉ニューライフ１階,社会福祉法人　あいえる協会,○,,,,6,,2007/11/01,ライフ・ネットワーク,
2712003132,生活介護　すてっぷ住吉,06-4700-7070,06-4700-7071,558-0004,大阪市住吉区長居東三丁目２０番２４号　みずほコート１０２,株式会社フルライフケア,○,○,○,○,20,,2024/07/01,,
2712002852,ライズケアスタジオ長居,06-6655-1663,06-6655-1664,558-0004,大阪市住吉区長居東四丁目２１番７号　 ,株式会社ナーシングトラスト,○,○,○,○,20,,2023/07/01,,
2712001375,なないろ作業所,06-6115-8678,06-6115-8678,558-0011,大阪市住吉区苅田九丁目２番２８号　ロイヤルキャノンあびこ２階,株式会社タック,○,○,○,○,20,,2014/05/01,,
2712001854,よりみち,06-6615-8746,06-6615-8747,558-0011,大阪市住吉区苅田八丁目１２番３１号　プランドールソシア１階,株式会社みらく,○,○,○,,20,,2018/03/01,,
2712001292,さくら,06-6699-5577,06-6699-5578,558-0013,大阪市住吉区我孫子東三丁目１４番５号　 ,社会福祉法人あさか会,○,○,○,○,20,,2013/10/01,,
2712000773,ひよこ作業所,06-6608-0406,06-6608-0406,558-0014,大阪市住吉区我孫子四丁目１０番２４号　 ,社会福祉法人　ひよこ,○,○,○,,35,,2009/10/01,,
2712001805,すずのね,06-6691-0522,06-6691-0522,558-0014,大阪市住吉区我孫子一丁目５番３５号　 ,株式会社ヴィヴェルズ,○,○,○,○,20,,2017/10/01,,
2712001409,みつばち,06-6692-8878,06-6692-8878,558-0014,大阪市住吉区我孫子五丁目９番７号　 ,特定非営利活動法人森の木倶楽部,○,○,,,20,,2014/07/01,,
2712000401,浅香障がい者会館,06-6608-1251,06-6608-1252,558-0021,大阪市住吉区浅香一丁目６番２６号　,社会福祉法人あさか会,○,○,○,○,40,,2007/04/01,,
2712001599,はぁとらんど浅香,06-4700-0810,06-4700-0811,558-0021,大阪市住吉区浅香一丁目７番１５号　 ,社会福祉法人あさか会,○,○,○,○,22,○,2016/02/01,,
2712000401,よさみステーション,06-6697-5880,06-6697-5880,558-0022,大阪市住吉区杉本一丁目1番7号　,社会福祉法人あさか会,○,○,○,,10,,2007/04/01,浅香障がい者会館,
2712000609,よさみ野障害者作業所,06-6699-7767,06-6699-7888,558-0023,大阪市住吉区山之内四丁目１２番３１号　,社会福祉法人　よさみ野福祉会,,○,,,60,○,2007/04/01,,
2712000609,第２よさみ野障害者作業所,06-6697-8585,06-6697-8586,558-0023,大阪市住吉区山之内二丁目４番２４号　,社会福祉法人　よさみ野福祉会,,○,,,15,,2007/04/01,よさみ野障害者作業所,
2712002928,ワンデイサービス　りらいふあびこ,06-6693-4128,06-6693-4121,558-0023,大阪市住吉区山之内一丁目１９番２号　 ,株式会社リライフコーポレーション,○,○,○,○,29,,2023/11/01,,○
2712001367,ウィル,06-6673-8841,06-6673-8851,558-0033,大阪市住吉区清水丘二丁目１６番５号　 ,社会福祉法人　あいえる協会,○,○,,,20,,2014/05/01,,
2715900995,つみき,06-6615-9301,06-6615-9301,558-0041,大阪市住吉区南住吉一丁目４番１５号　サコダビル２階,社会福祉法人　ライフサポート協会,○,○,○,○,14,○,2019/04/01,,
2712001409,みつばちｐｌｕｓ,090-5642-8340,,558-0041,大阪市住吉区南住吉四丁目１１番２２号　,特定非営利活動法人森の木倶楽部,○,○,,,20,,2014/07/01,みつばち,
2712002209,生活介護　こねくと,06-4965-4618,06-7172-5794,558-0042,大阪市住吉区殿辻二丁目１番７号　 ,株式会社Ｃｏｎｎｅｃｔ,○,○,○,○,20,,2020/03/01,,
2712003223,児童発達支援・放課後等デイサービス　ＬＯＯＰ,06-7897-8316,06-7164-7215,558-0043,大阪市住吉区墨江一丁目４番１０号　東洋プラザ住吉１階　１０１号室,株式会社ＤＯＵＳＡＮ,○,○,○,○,5,○,2024/11/01,,
2712000799,多機能型　すみえ,06-6678-7810,06-6678-7810,558-0043,大阪市住吉区墨江四丁目１０番１１号　 ,ＮＰＯ法人　ＷＩＮＧ,○,○,○,○,7,○,2014/05/01,,
2712000591,住吉総合福祉センター障がい通所事業部,06-6678-7582,06-6678-7583,558-0054,大阪市住吉区帝塚山東五丁目８番３号　,社会福祉法人　ライフサポート協会,○,○,,,25,○,2007/04/01,,
2712000583,障がい者活動センターオガリ作業所,06-6678-7582,06-6678-7583,558-0054,大阪市住吉区帝塚山東五丁目８番７号　,社会福祉法人　ライフサポート協会,○,○,○,○,24,○,2007/04/01,,
2712003207,ライズケアスタジオ万代,080-9609-4370,06-6696-8821,558-0055,大阪市住吉区万代六丁目２０番３号　インペリアルメゾンフィールド１階,株式会社ナーシングトラスト,○,○,○,○,20,,2024/11/01,,
2710800950,ゆら,06-6696-9977,06-6696-9975,558-0056,大阪市住吉区万代東一丁目３番１９号　 ,社会福祉法人　大阪重症心身障害児者を支える会,○,○,○,,20,,2011/01/01,,
2712002571,ライズケアスタジオ住吉,06-6855-5555,06-6855-5556,558-0056,大阪市住吉区万代東四丁目４番７号　１０１号,株式会社ナーシングトラスト,○,○,○,○,20,,2022/03/01,,
2710800588,今林の里,06-6791-1211,06-6791-5700,546-0001,大阪市東住吉区今林三丁目１番８７号　,社会福祉法人　今川学園,,○,,,50,,2007/12/01,,
2710804200,児童発達支援・放課後等デイサービス　はればれ,06-6777-0600,06-6777-0601,546-0002,大阪市東住吉区杭全七丁目８番３１号　サンハイツ１０５号室,株式会社明里,○,○,○,○,5,○,2023/10/01,,
2710800539,ポンチセぴりか,06-6708-6566,06-6777-1910,546-0003,大阪市東住吉区今川四丁目１０番３号　,社会福祉法人　つむぎ福祉会,○,○,○,○,24,○,2007/04/01,,
2710800539,ぴりか工場,06-6708-8345,06-6708-8345,546-0003,大阪市東住吉区今川四丁目１８番１６号　,社会福祉法人　つむぎ福祉会,○,○,○,○,6,○,2007/04/01,ポンチセぴりか,
2710802980,第２ぴりか作業所,06-6708-6566,06-6777-1910,546-0003,大阪市東住吉区今川四丁目１７番２３号　 ,社会福祉法人　つむぎ福祉会,○,○,○,○,7,○,2020/04/01,,
2715801813,花の彩,06-6796-7225,06-6708-1670,546-0003,大阪市東住吉区今川四丁目１８番３号　 ,株式会社彩,○,○,○,○,20,,2012/09/01,,
2710803129,生活介護　しおり,06-6796-7735,06-6796-7740,546-0003,大阪市東住吉区今川四丁目４番２２号　 ,合同会社遥,○,○,,,20,,2020/10/01,,
2710804234,デイサービスつどい,06-6790-5878,06-7182-4365,546-0003,大阪市東住吉区今川五丁目８番２５号　 ,合同会社一,○,○,○,○,20,,2023/11/01,,○
2710803756,アーチジョイ,090-1676-8071,06-6790-7231,546-0003,大阪市東住吉区今川八丁目４番１０号　白鷺公園前ＣＵＢＥ　ＳＰＡＳＥ　Ｂ号,株式会社アーチ,○,○,○,○,10,○,2022/09/01,,
2710804184,くみひも１号店,06-6795-4030,06-6795-4031,546-0012,大阪市東住吉区中野四丁目８番４号　 ,一般社団法人ＭＴＲサポート,,○,○,○,6,○,2024/03/01,,
2710802741,私の家なでしこ,06-6705-2200,06-6705-2266,546-0012,大阪市東住吉区中野四丁目１５番２３号　 ,株式会社なでしこ,○,○,○,○,9,,2019/10/01,,○
2710803053,運動・入浴型生活介護ぽぷらの樹東住吉,06-6708-0660,06-6708-0660,546-0013,大阪市東住吉区湯里六丁目１番９号　 ,有限会社ＳＫ,○,○,○,○,20,,2020/05/01,,
2710803640,生活介護　けんけんぱ,06-7221-2278,06-7221-2278,546-0013,大阪市東住吉区湯里一丁目３番２号　 ,シーケープランニング合同会社,○,○,○,○,20,,2022/08/01,,
2710804333,カラフルデイズ,06-6706-2280,06-6706-2281,546-0013,大阪市東住吉区湯里六丁目１２番１７号　 ,株式会社ＶＯＩＣＥ．Ｗ,○,○,,,15,○,2024/03/01,,
2710803913,Ｃｈｉ－Ｋａ,06-7650-0692,06-7650-0692,546-0014,大阪市東住吉区鷹合二丁目９番８号　 ,ＫＥＩ株式会社,○,○,○,○,20,,2023/04/01,,
2710802881,ＣＬＡＮ東住吉,06-6703-0075,06-6703-0076,546-0021,大阪市東住吉区照ケ丘矢田三丁目７番１号　 ,株式会社ＣＬＡＮ,○,○,○,○,20,○,2020/01/01,,
2710801669,生活介護　Ｋａｋａｒａ（カカラ）,06-6760-7711,06-6777-5318,546-0022,大阪市東住吉区住道矢田九丁目５番２９号　 ,社会福祉法人　つむぎ福祉会,○,○,○,○,20,,2015/04/01,,
2710801321,もくれん就労ｆｏｒｍマスタード,06-6706-8600,06-6706-8601,546-0022,大阪市東住吉区住道矢田一丁目２４番２５号　 ,社会福祉法人　ふれあい共生会,○,○,○,○,10,○,2018/10/01,,
2710800885,たんぽぽわたぼうし（東住吉たんぽぽ）,06-6769-0078,06-6769-0078,546-0022,大阪市東住吉区住道矢田六丁目１２番２０号　 ,社会福祉法人　福祉ネット大和川,,○,,,30,○,2010/08/01,,
2710801040,矢田たんぽぽ,06-6705-0505,06-6705-2030,546-0022,大阪市東住吉区住道矢田九丁目１２番２８号　,社会福祉法人　福祉ネット大和川,,○,,,20,,2011/08/01,,
2710801974,まめの木共同作業所,06-4302-3220,06-4302-3221,546-0022,大阪市東住吉区住道矢田六丁目１７番１９号　矢田ビル１Ｆ,一般社団法人まめの木,○,○,○,,20,,2016/10/01,,
2710802204,生活介護ライフサポート幸樹,06-6707-8080,06-6707-8080,546-0022,大阪市東住吉区住道矢田七丁目１番１５号　 ,株式会社ＭＡＲＩコーポレーション,○,○,○,○,20,,2018/02/01,,
2710802584,デイサービスりんごの木南店,06-6708-8808,06-6708-8807,546-0022,大阪市東住吉区住道矢田一丁目１９番２４号　 ,有限会社りんごの木,○,○,○,○,5,,2019/05/01,,○
2710803376,ＣＬＡＮ住道矢田,06-6777-1695,06-6777-1696,546-0022,大阪市東住吉区住道矢田八丁目１１番２７号　 ,株式会社ＣＬＡＮ,○,○,○,○,30,,2021/10/01,,
2710804150,リリーフ生活介護,06-6777-8161,06-6777-8672,546-0022,大阪市東住吉区住道矢田四丁目２番１５号　 ,株式会社リリーフ,,○,○,,20,,2023/09/01,,
2710800505,こんふぉーと,06-6797-9916,06-6797-8110,546-0022,大阪市東住吉区住道矢田六丁目５番２７号　,特定非営利活動法人　だんでらいおん,○,○,○,,20,,2007/04/01,,
2710803020,リバティ,06-6797-3833,06-6797-3833,546-0022,大阪市東住吉区住道矢田六丁目１番１号　,特定非営利活動法人　だんでらいおん,○,○,○,,10,,2020/04/01,リアン,
2710801339,Ｗｅｌｆａｒｅ　ｗｏｒｋｓｈｏｐ　風,06-6709-3525,06-6709-3525,546-0022,大阪市東住吉区住道矢田四丁目１６番１０号　 ,特定非営利活動法人ヤハウェ,,○,,,20,,2018/08/01,,
2710800521,もくれんホオノキＰｌｕｓハナキリン,06-6699-9532,06-6608-1922,546-0023,大阪市東住吉区矢田六丁目８番７号　 ,社会福祉法人　ふれあい共生会,○,○,○,,28,○,2007/04/01,,
2710800885,リサイクルたんぽぽ,072-335-8140,072-335-8140,546-0023,大阪市東住吉区矢田七丁目９番１１号　,社会福祉法人　福祉ネット大和川,,○,,,15,○,2010/08/01,たんぽぽわたぼうし（東住吉たんぽぽ）,
2710802923,ＴＫＧＳ　アエタ,06-6654-8125,06-6654-8126,546-0023,大阪市東住吉区矢田一丁目６番１６号　グレース長居公園１階,合同会社アエタ,○,○,○,○,5,○,2020/02/01,,
2710803210,かふぇぐるっぽ弐番館,06-4703-3184,06-4703-3194,546-0023,大阪市東住吉区矢田二丁目２０番４号　 ,株式会社プレイス,○,○,○,○,30,,2021/04/01,,○
2710802899,ＣＬＡＮ東住吉北館,06-6105-0385,06-6105-0386,546-0023,大阪市東住吉区矢田二丁目１１番４号　 ,株式会社ＣＬＡＮ,○,○,○,○,20,,2020/01/01,,
2710803020,リアン,06-7668-1101,06-7668-8112,546-0023,大阪市東住吉区矢田五丁目９番８号　 ,特定非営利活動法人　だんでらいおん,○,○,○,,20,,2020/04/01,,
2710801313,ワークステージやた,06-6115-6621,06-6115-6628,546-0023,大阪市東住吉区矢田二丁目１３番１４号　 ,特定非営利活動法人　ワークステージ,○,○,○,○,6,○,2023/10/01,,
2710800968,ヴァンサンクの郷,06-6609-4510,06-6609-4511,546-0024,大阪市東住吉区公園南矢田三丁目１３番２２号　,社会福祉法人　嘉誠会,,○,,,50,,2011/04/01,,
2710800554,障害者活動センター赤おに,06-6623-7300,06-6657-5010,546-0031,大阪市東住吉区田辺五丁目６番１０号　,特定非営利活動法人ちゅうぶ,○,○,○,,20,,2007/11/01,,
2710801149,障害者活動センター青おに,06-4703-3742,06-4703-3743,546-0031,大阪市東住吉区田辺五丁目５番２０号　 ,特定非営利活動法人ちゅうぶ,○,○,○,○,20,,2012/04/01,,
2710801859,アトリエ　ペンライズ,06-7493-1337,06-7493-1337,546-0032,大阪市東住吉区東田辺三丁目１６番８号　 ,株式会社ペンライズ,○,○,○,○,20,,2016/04/01,,
2710804473,デイサービスセンターやぎ,06-6654-5855,06-6654-5855,546-0033,大阪市東住吉区南田辺一丁目９番４３号　 ,一般社団法人ＣＯＲＥぷらす,○,○,○,○,10,,2024/07/01,,○
2710802766,私の家なでしこ南田辺,06-6608-3939,06-6608-1919,546-0033,大阪市東住吉区南田辺五丁目７番１７号　 ,株式会社なでしこ,○,○,○,○,15,,2019/10/01,,○
2710800927,ユイ・ハート,06-6609-4888,06-6609-3577,546-0035,大阪市東住吉区山坂五丁目１６番２７号　 ,社会福祉法人　ユイ,○,○,○,,20,○,2010/10/01,,
2710801172,大阪発達総合療育センター　なでしこ,06-6699-8731,06-6699-8134,546-0035,大阪市東住吉区山坂五丁目１１番２１号　５階,社会福祉法人　愛徳福祉会,○,○,,,15,,2012/04/01,,
2710803731,大阪発達総合療育センター　ひなた,06-7501-0319,06-7501-0330,546-0035,大阪市東住吉区山坂五丁目１２番５号　 ,社会福祉法人　愛徳福祉会,○,○,○,○,10,○,2022/09/01,,
2710801396,ぷちわーく　ふるさわ,06-6629-2638,06-6629-7627,546-0035,大阪市東住吉区山坂三丁目６番１７号　 ,有限会社ふるさわ,○,○,○,○,20,,2013/09/01,,
2710800653,二丁目,06-6777-7550,06-6777-7555,546-0041,大阪市東住吉区桑津五丁目13番45号　,社会福祉法人日本ヘレンケラー財団,○,○,,,10,,2008/10/01,一丁目,
2710800653,一丁目,06-6777-7550,06-6777-7555,546-0043,大阪市東住吉区駒川一丁目２１番５号　,社会福祉法人日本ヘレンケラー財団,○,○,○,○,30,,2008/10/01,,
2710801479,い～るでぽとふ,06-6697-1704,06-6718-6011,546-0043,大阪市東住吉区駒川五丁目１番８号　 ,株式会社　ぽとふカンパニー,○,○,○,○,20,,2014/04/01,,
2710802865,なでしこデイズ,06-6629-8535,06-6629-8536,546-0043,大阪市東住吉区駒川五丁目２２番２７号　 ,株式会社なでしこ,○,○,○,○,20,,2020/01/01,,
2710801826,ラ・ビスタ文の里,06-7164-0084,06-7164-0084,546-0044,大阪市東住吉区北田辺一丁目３番７号　 ,一般社団法人ラ・ビスタ,○,○,○,○,20,,2016/03/01,,
2713304836,生活介護アイビー,06-7162-3044,,546-0044,大阪市東住吉区北田辺二丁目４番２２号　７Ａ号室,合同会社Ｍ＆Ｍ,○,○,○,○,10,,2021/07/01,生活介護アイビー,
2710804085,ドーナッツ,06-7651-3314,06-7651-3314,546-0044,大阪市東住吉区北田辺二丁目４番５号　クラウド大峰２０１,合同会社ｆｒｅｅｂｉｒｄ,○,○,○,○,20,,2023/07/01,,
2715803603,りあらいず,06-6777-2972,06-6777-2972,547-0001,大阪市平野区加美北九丁目１番１８号　１Ｆ、２Ｆ,合同会社ファティライズ,○,○,○,○,10,○,2022/01/01,,
2715805384,こんぱすらいふ,06-6718-6305,06-6718-6306,547-0001,大阪市平野区加美北六丁目３番３号　 ,株式会社さんまる,○,○,○,○,20,,2024/09/01,,
2715803702,ＣＬＡＮ平野,06-4303-6211,06-4303-6212,547-0003,大阪市平野区加美南二丁目６番３１号　 ,株式会社ＣＬＡＮ,○,○,○,○,20,,2020/01/01,,
2715801094,ららら,06-6796-5851,06-7896-8246,547-0004,大阪市平野区加美鞍作三丁目2番32号　,ＮＰＯ法人　ピアエール,○,○,○,,10,,2009/04/01,ＮＰО法人ピアエール加美作業所,
2715801094,ＮＰО法人ピアエール加美作業所,06-6796-5851,06-7896-8246,547-0005,大阪市平野区加美西二丁目１１番１６号　,ＮＰＯ法人　ピアエール,○,○,○,,40,,2009/04/01,,
2715802506,生活介護笑花,06-4305-4470,06-4305-4470,547-0011,大阪市平野区長吉出戸六丁目１１番１３号　 ,有限会社ＳＫ,○,○,○,○,20,,2015/04/01,,
2715803140,ハピネスノアノア,06-6770-5628,06-6770-5438,547-0012,大阪市平野区長吉六反三丁目１番３２号　 ,エーゼル株式会社,○,○,○,○,20,,2017/12/01,,
2715804247,生活介護あぃり～,06-6777-3014,06-6777-3084,547-0012,大阪市平野区長吉六反三丁目６番３０号　サングレール１階,特定非営利活動法人　障がい者福祉総合支援センターいちいちまる,○,○,○,○,20,,2021/12/01,,
2715803678,オレンジピース,06-6709-8117,06-6709-8118,547-0012,大阪市平野区長吉六反五丁目９番１１号　 ,特定非営利活動法人おれんじ,○,○,○,○,20,,2019/11/01,,
2715801391,生活介護事業フレンド,06-6797-2360,06-6797-2360,547-0013,大阪市平野区長吉長原東一丁目１番１２号　,特定非営利活動法人　幸正会,○,○,○,,20,,2011/04/01,,
2715800849,そらまめ作業所,06-6708-6339,06-6706-8433,547-0014,大阪市平野区長吉川辺一丁目１番１９号　,社会福祉法人　つむぎ福祉会,○,○,○,○,28,○,2007/05/01,,
2715800849,アバそらまめ,06-6699-7875,,547-0014,大阪市平野区長吉川辺一丁目2番1号　サニーハイツ金田Ⅱ　１０１号,社会福祉法人　つむぎ福祉会,○,○,○,,8,○,2007/05/01,そらまめ作業所,
2715801060,永寿の里彩羽,06-6700-0500,06-6700-1171,547-0014,大阪市平野区長吉川辺三丁目２０番１４号　,社会福祉法人　永寿福祉会,,○,○,,40,,2009/04/01,,
2715800898,永寿の里若葉,06-6706-1700,06-6706-1777,547-0014,大阪市平野区長吉川辺三丁目２０番１４号　,社会福祉法人　永寿福祉会,,○,○,,40,,2007/10/01,,
2715803215,生活介護あい川辺,06-6707-8882,06-6707-8887,547-0014,大阪市平野区長吉川辺二丁目８番１４号　 ,株式会社ルチル,○,○,○,○,40,,2018/04/01,,
2715803215,生活介護あい川辺ｐｌｕｓ,06-6707-8882,06-6707-8887,547-0014,大阪市平野区長吉川辺二丁目８番１４号　,株式会社ルチル,○,○,○,○,20,,2018/04/01,生活介護あい川辺,
2715804932,生活介護あい川辺ｓｉｅｎｓ,06-6707-8886,06-6707-8882,547-0014,大阪市平野区長吉川辺一丁目１番１０号　 ,株式会社ルチル,○,○,○,○,20,,2023/07/01,,
2715801177,あおぞら学園,06-6700-0565,06-6700-4700,547-0014,大阪市平野区長吉川辺二丁目３番５３号　,特定非営利活動法人　あおぞら学園,,○,,,14,,2010/04/01,,
2715803967,生活介護かしの樹,06-6760-6112,06-6760-6113,547-0014,大阪市平野区長吉川辺三丁目１５番８号　 ,株式会社くるみの樹,○,○,○,,13,○,2021/01/01,,
2715803389,デイサービスセンターゆりのはな,06-6769-0505,06-4302-3668,547-0015,大阪市平野区長吉長原西四丁目６番３号　 ,有限会社ＳＫ,○,○,○,○,10,,2018/11/01,,○
2715801722,生活介護支援事業白ゆり,06-6701-5021,06-6701-5021,547-0015,大阪市平野区長吉長原西一丁目３番１９号　,特定非営利活動法人　白ゆり,○,○,○,○,20,,2012/04/01,,
2715804692,デイサービスくらしさ平野,06-6704-0382,06-6704-0383,547-0016,大阪市平野区長吉長原一丁目１２番２０号　 ,株式会社元気な介護,○,○,○,○,37,,2023/01/01,,○
2715805194,生活介護あい長原ｒａｃｔｉｖｅ,06-6707-8889,06-6707-8887,547-0016,大阪市平野区長吉長原四丁目１３番２７号　 ,株式会社ルチル,○,○,○,○,20,,2024/06/01,,
2715801557,ジョイネット長吉第２,06-6760-6250,06-6760-6240,547-0016,大阪市平野区長吉長原二丁目１１番６号　 ,特定非営利活動法人　翔夢,○,○,○,,20,,2011/10/01,,
2715801037,ジョイネット,06-6155-9901,06-6155-9902,547-0016,大阪市平野区長吉長原二丁目１１番８号　,特定非営利活動法人　翔夢,○,○,○,○,40,,2008/10/01,,
2715801052,福祉の家　ジョワ,06-7509-5606,06-7501-8619,547-0022,大阪市平野区瓜破東八丁目７番１６号　 ,特定非営利活動法人　わかたけ会,○,○,○,○,20,○,2019/05/01,,
2715800716,大和川園,06-6708-4573,06-6708-4482,547-0023,大阪市平野区瓜破南二丁目４番１２４号　,社会福祉法人　今川学園,,○,,,60,○,2007/02/01,,
2715800773,インカーブ,06-6707-0165,06-6707-0175,547-0023,大阪市平野区瓜破南一丁目１番１８号　 ,社会福祉法人　素王会,,○,,,20,,2007/04/01,,
2715801706,フレンドシップ,06-6799-6360,06-6799-6361,547-0024,大阪市平野区瓜破二丁目３番３２号　,特定非営利活動法人えんの会,○,○,○,,10,,2012/04/01,,
2715803355,ビハーラ２１あかんのんデイサービス,06-6706-1500,06-6706-3006,547-0025,大阪市平野区瓜破西二丁目１５番３２号　ＮＰＯ法人ビハーラ２１あかんのん１階,特定非営利活動法人　ビハーラ２１,○,○,○,○,20,,2018/10/01,,○
2715803132,かりん,06-4302-3838,06-4302-3839,547-0025,大阪市平野区瓜破西一丁目８番４５号　２Ｆ・３Ｆ,特定非営利活動法人Ｕ・Ｐ,○,○,○,○,20,,2017/12/01,,
2715801078,大阪市更生療育センター,06-6797-6681,06-6702-4492,547-0026,大阪市平野区喜連西六丁目２番５５号　,社会福祉法人　大阪市障害者福祉・スポーツ協会,○,○,○,,24,○,2021/04/01,,
2715802639,オレンジハウス,06-6760-5632,06-6760-5633,547-0027,大阪市平野区喜連二丁目５番４９号　キューブ平野ビル２階、６階,株式会社　クリエイトオフィス,○,○,○,○,10,○,2023/02/01,,
2715803280,デイサービスにこにこ庵,06-6707-6000,06-6707-6000,547-0031,大阪市平野区平野南二丁目１番７号　 ,有限会社　クローバーホーム,○,○,○,○,10,,2018/08/01,,○
2715800906,生活介護　藍（本館）,06-6777-1567,06-6777-1570,547-0033,大阪市平野区平野西一丁目７番１０号　１Ｆ,社会福祉法人　藍,○,○,,,20,,2007/10/01,,
2715802720,生活介護　藍（南館）,06-6777-1567,06-6777-1570,547-0033,大阪市平野区平野西一丁目１０番１４号　 ,社会福祉法人　藍,○,○,,,20,,2016/05/01,,
2715804791,生活介護・ポラリス,06-7890-7011,06-7890-7013,547-0033,大阪市平野区平野西四丁目１０番１２－１０３号　 ,株式会社　ＷＩＬＬ　ＣＡＲＥ,○,○,○,○,20,,2023/04/01,,
2715804791,生活介護・ポラリス,06-7890-7011,06-7890-7013,547-0033,大阪市平野区平野西五丁目７番２号　Ｆｅｒｉｏ　１階,株式会社　ＷＩＬＬ　ＣＡＲＥ,○,○,○,○,20,,2023/04/01,生活介護・ポラリス,
2715803454,ソレイユ,06-6718-4031,06-7171-6025,547-0033,大阪市平野区平野西六丁目４番９－１０１号　 ,一般社団法人ゆいまーる,○,○,,○,20,,2019/02/01,,
2715801086,ひこうき雲,06-6793-4355,06-6793-4363,547-0035,大阪市平野区西脇四丁目１番３４号　,特定非営利活動法人　Ｊ－ｐａｌ,○,○,○,○,6,○,2009/04/01,生活支援センターぽっぷｕｐ,
2715801086,生活支援センターぽっぷｕｐ,06-6793-4355,06-6793-4363,547-0046,大阪市平野区平野宮町一丁目４番１５号　 ,特定非営利活動法人　Ｊ－ｐａｌ,○,○,○,○,26,○,2009/04/01,,
2715801086,ｐｏｔ　ｌｕｃｋ,06-6793-4355,06-6793-4363,547-0046,大阪市平野区平野宮町一丁目５番５－１７４号　,特定非営利活動法人　Ｊ－ｐａｌ,○,○,○,○,6,○,2009/04/01,生活支援センターぽっぷｕｐ,
2715801342,ワークセンターいまがわ,06-6794-5678,06-6794-5554,547-0048,大阪市平野区平野馬場一丁目１１番１１号　,社会福祉法人　今川学園,○,○,○,○,24,○,2011/04/01,,
2713303721,デイサービスひいらぎ,06-4397-6669,06-4397-6679,557-0001,大阪市西成区山王二丁目５番１４号　 ,有限会社　リーシェ,○,,,○,17,○,2018/05/01,,○
2713304190,デイサービスセンターそらいろ,06-6634-5560,06-6634-5560,557-0002,大阪市西成区太子一丁目１２番９号　１Ｆ,株式会社オアシス,○,○,○,○,30,,2019/08/01,,○
2713301857,障害者支援施設いまみや,06-6632-6403,06-6632-6404,557-0003,大阪市西成区天下茶屋北一丁目３番１９号　 ,社会福祉法人　大阪自彊館,○,○,○,○,40,,2012/04/01,,
2713304943,生活介護事業所　カナトレ,06-7777-1387,06-7777-1387,557-0004,大阪市西成区萩之茶屋三丁目８番８号　２Ｆ,カナフルグループホールディングス株式会社,○,○,○,○,20,,2021/09/01,,
2713306484,みどり生活介護,080-4988-1703, ,557-0012,大阪市西成区聖天下一丁目４番８号　 ,株式会社ケアラボ,○,○,○,○,20,,2024/06/01,,
2713304836,生活介護アイビー,06-7162-3044,06-7176-0415,557-0013,大阪市西成区天神ノ森二丁目６番１９号　,合同会社Ｍ＆Ｍ,○,○,○,○,10,,2021/07/01,生活介護アイビー,
2713305890,ワーカウト西成花園南,06-4866-5736, ,557-0015,大阪市西成区花園南一丁目５番３号１Ｆ　 ,株式会社時代,○,○,○,,20,,2023/06/01,,
2713303705,デイサービスすみれ苑,06-6643-8558,06-6643-8523,557-0016,大阪市西成区花園北一丁目１０番１７号　 ,株式会社アミィ,○,○,○,○,24,,2018/05/01,,○
2713304117,デイサービスセンターお湯～とぴあ,06-6633-7180,06-6633-7180,557-0016,大阪市西成区花園北二丁目４番５号　シャンブル西成１　１０１号室,株式会社ゆーとぴあ,○,○,○,○,30,,2019/06/01,,○
2713300677,西成障害者会館,06-6562-5800,06-6562-6677,557-0025,大阪市西成区長橋三丁目２番２７号　,社会福祉法人ヒューマンライツ福祉協会,○,○,○,○,40,,2007/04/01,,
2713304836,生活介護アイビー,06-7162-3044,06-7176-0415,557-0025,大阪市西成区長橋二丁目６番４－４０１・５０１号　 ,合同会社Ｍ＆Ｍ,○,○,○,○,40,,2021/07/01,,
2713304620,生活介護事業所らぶりーハウス,06-6616-7466,06-6616-7467,557-0033,大阪市西成区梅南三丁目６番９号　 ,有限会社　ＬＯＶＥＬＹ,○,○,○,○,20,,2021/03/01,,
2713300818,デーセンター夢飛行,06-6659-6612,06-6659-6612,557-0042,大阪市西成区岸里東一丁目５番３号　 ,社会福祉法人　ゆうのゆう,○,,,,31,,2008/01/01,,
2713303317,はっぴーはーと,06-4703-3918,06-4703-3919,557-0042,大阪市西成区岸里東二丁目１０番１９号　 ,株式会社ＨＡＰＰＹ,○,○,○,○,20,,2017/04/01,,
2713301485,サポートセンターあるす,06-4398-0073,06-4398-0072,557-0043,大阪市西成区玉出東二丁目２番２９号　 ,有限会社守成堂,○,○,○,○,6,○,2011/08/01,,
2713305270,ここあ,06-4398-3065,06-4398-9520,557-0043,大阪市西成区玉出東一丁目１４番１２号　 ,合同会社ジェイスリー,○,○,○,○,20,,2022/04/01,,
2713305288,ワーカウトＮ’ｓ岸里玉出,06-7850-6771,06-7850-6771,557-0043,大阪市西成区玉出東二丁目３番３２号　岸里玉出駅前ビル２階,株式会社リヴェルテ,○,○,○,,20,,2022/04/01,,
2713306344,りらいず＋,06-6654-6586,06-6654-6587,557-0045,大阪市西成区玉出西二丁目１４－１８　 ,合同会社ジェイスリー,○,○,○,○,20,,2024/04/01,,
2713302210,ナンクルナイサァー　くくる,06-4398-7971,06-4398-7972,557-0051,大阪市西成区橘一丁目３番５号　 ,有限会社ナンクルナイサァーケアネット,○,○,○,,20,,2013/04/01,,
2713305585,ハルデイサービス千本,06-6653-7515,06-6653-7515,557-0053,大阪市西成区千本北二丁目１番３号　 ,株式会社　ケアジャパン,○,○,○,○,18,,2022/12/01,,○
2713302780,せせらぎ,06-6652-7237,06-6652-7237,557-0053,大阪市西成区千本北二丁目１番３号　 ,株式会社　未来,○,○,○,○,20,,2015/06/01,,
2713305106,はっぴーがーでん,06-4703-3918,06-4703-3919,557-0053,大阪市西成区千本北二丁目１７番１号　 ,株式会社ＨＡＰＰＹ,○,○,○,○,10,○,2022/01/01,,
2713304349,ひだまりの家,06-6656-1151,06-6656-1152,557-0055,大阪市西成区千本南一丁目３番１４号　朝日プラザ岸里第１　１０４号,一般社団法人ひだまりの家,○,○,○,○,6,○,2020/02/01,,
2713305304,生活介護ぜろ,06-6654-9200,06-6654-9205,557-0055,大阪市西成区千本南一丁目１番１６号　 ,株式会社　ニュービレッジ,○,○,○,○,6,○,2023/05/01,,
2713305353,ＣＬＡＮ津守,06-6561-8551,06-6561-8552,557-0061,大阪市西成区北津守四丁目８番１０号　 ,株式会社ＣＬＡＮ,○,○,○,○,20,,2022/06/01,,
2713303010,生活介護ジヨン,06-4398-3838,06-4398-3838,557-0062,大阪市西成区津守三丁目５番２７号　 ,株式会社ジヨン,,○,○,,10,○,2016/04/01,,
2713301469,第一博愛,06-6656-7001,06-6656-7006,557-0063,大阪市西成区南津守一丁目４番７号　,社会福祉法人　枚方療育園,,○,,,100,,2010/11/01,,
2713301477,第二博愛,06-6656-7001,06-6656-7006,557-0063,大阪市西成区南津守一丁目４番７号　,社会福祉法人　枚方療育園,,○,,,60,,2010/11/01,,
2713302699,ナンクルナイサァ－ひので,06-6661-0713,06-7655-5545,557-0063,大阪市西成区南津守三丁目３番２２号　 ,有限会社ナンクルナイサァーケアネット,○,○,○,○,20,,2015/03/01,,
2715801094,さらら,06-6710-4582,06-7896-8246,581-0052,八尾市竹渕五丁目２８番９号　,ＮＰＯ法人　ピアエール,○,○,○,○,15,,2009/04/01,ＮＰО法人ピアエール加美作業所,
